experiment_id,seed,condition,population,true_class,predicted_class,count,prediction_hash
D1_SLEEPEDF_TO_ISRUC,17,C0,SOURCE_TEST,0,0,40051,267fd41029562ae3a674683887a6a1d317807583542cddf7ee2c7a69e42de7d7
D1_SLEEPEDF_TO_ISRUC,17,C0,SOURCE_TEST,0,1,362,267fd41029562ae3a674683887a6a1d317807583542cddf7ee2c7a69e42de7d7
D1_SLEEPEDF_TO_ISRUC,17,C0,SOURCE_TEST,0,2,62,267fd41029562ae3a674683887a6a1d317807583542cddf7ee2c7a69e42de7d7
D1_SLEEPEDF_TO_ISRUC,17,C0,SOURCE_TEST,0,3,46,267fd41029562ae3a674683887a6a1d317807583542cddf7ee2c7a69e42de7d7
D1_SLEEPEDF_TO_ISRUC,17,C0,SOURCE_TEST,0,4,47,267fd41029562ae3a674683887a6a1d317807583542cddf7ee2c7a69e42de7d7
D1_SLEEPEDF_TO_ISRUC,17,C0,SOURCE_TEST,1,0,453,267fd41029562ae3a674683887a6a1d317807583542cddf7ee2c7a69e42de7d7
D1_SLEEPEDF_TO_ISRUC,17,C0,SOURCE_TEST,1,1,1075,267fd41029562ae3a674683887a6a1d317807583542cddf7ee2c7a69e42de7d7
D1_SLEEPEDF_TO_ISRUC,17,C0,SOURCE_TEST,1,2,643,267fd41029562ae3a674683887a6a1d317807583542cddf7ee2c7a69e42de7d7
D1_SLEEPEDF_TO_ISRUC,17,C0,SOURCE_TEST,1,3,8,267fd41029562ae3a674683887a6a1d317807583542cddf7ee2c7a69e42de7d7
D1_SLEEPEDF_TO_ISRUC,17,C0,SOURCE_TEST,1,4,187,267fd41029562ae3a674683887a6a1d317807583542cddf7ee2c7a69e42de7d7
D1_SLEEPEDF_TO_ISRUC,17,C0,SOURCE_TEST,2,0,147,267fd41029562ae3a674683887a6a1d317807583542cddf7ee2c7a69e42de7d7
D1_SLEEPEDF_TO_ISRUC,17,C0,SOURCE_TEST,2,1,821,267fd41029562ae3a674683887a6a1d317807583542cddf7ee2c7a69e42de7d7
D1_SLEEPEDF_TO_ISRUC,17,C0,SOURCE_TEST,2,2,8168,267fd41029562ae3a674683887a6a1d317807583542cddf7ee2c7a69e42de7d7
D1_SLEEPEDF_TO_ISRUC,17,C0,SOURCE_TEST,2,3,304,267fd41029562ae3a674683887a6a1d317807583542cddf7ee2c7a69e42de7d7
D1_SLEEPEDF_TO_ISRUC,17,C0,SOURCE_TEST,2,4,196,267fd41029562ae3a674683887a6a1d317807583542cddf7ee2c7a69e42de7d7
D1_SLEEPEDF_TO_ISRUC,17,C0,SOURCE_TEST,3,0,2,267fd41029562ae3a674683887a6a1d317807583542cddf7ee2c7a69e42de7d7
D1_SLEEPEDF_TO_ISRUC,17,C0,SOURCE_TEST,3,1,0,267fd41029562ae3a674683887a6a1d317807583542cddf7ee2c7a69e42de7d7
D1_SLEEPEDF_TO_ISRUC,17,C0,SOURCE_TEST,3,2,534,267fd41029562ae3a674683887a6a1d317807583542cddf7ee2c7a69e42de7d7
D1_SLEEPEDF_TO_ISRUC,17,C0,SOURCE_TEST,3,3,1222,267fd41029562ae3a674683887a6a1d317807583542cddf7ee2c7a69e42de7d7
D1_SLEEPEDF_TO_ISRUC,17,C0,SOURCE_TEST,3,4,0,267fd41029562ae3a674683887a6a1d317807583542cddf7ee2c7a69e42de7d7
D1_SLEEPEDF_TO_ISRUC,17,C0,SOURCE_TEST,4,0,227,267fd41029562ae3a674683887a6a1d317807583542cddf7ee2c7a69e42de7d7
D1_SLEEPEDF_TO_ISRUC,17,C0,SOURCE_TEST,4,1,361,267fd41029562ae3a674683887a6a1d317807583542cddf7ee2c7a69e42de7d7
D1_SLEEPEDF_TO_ISRUC,17,C0,SOURCE_TEST,4,2,426,267fd41029562ae3a674683887a6a1d317807583542cddf7ee2c7a69e42de7d7
D1_SLEEPEDF_TO_ISRUC,17,C0,SOURCE_TEST,4,3,3,267fd41029562ae3a674683887a6a1d317807583542cddf7ee2c7a69e42de7d7
D1_SLEEPEDF_TO_ISRUC,17,C0,SOURCE_TEST,4,4,2271,267fd41029562ae3a674683887a6a1d317807583542cddf7ee2c7a69e42de7d7
D1_SLEEPEDF_TO_ISRUC,17,C1,SOURCE_TEST,0,0,40020,0ce4e2f1c6efc2e7d6d7e2f1133bf43d8aab9eefdefa24ad7a1ecc036d35185f
D1_SLEEPEDF_TO_ISRUC,17,C1,SOURCE_TEST,0,1,233,0ce4e2f1c6efc2e7d6d7e2f1133bf43d8aab9eefdefa24ad7a1ecc036d35185f
D1_SLEEPEDF_TO_ISRUC,17,C1,SOURCE_TEST,0,2,137,0ce4e2f1c6efc2e7d6d7e2f1133bf43d8aab9eefdefa24ad7a1ecc036d35185f
D1_SLEEPEDF_TO_ISRUC,17,C1,SOURCE_TEST,0,3,55,0ce4e2f1c6efc2e7d6d7e2f1133bf43d8aab9eefdefa24ad7a1ecc036d35185f
D1_SLEEPEDF_TO_ISRUC,17,C1,SOURCE_TEST,0,4,123,0ce4e2f1c6efc2e7d6d7e2f1133bf43d8aab9eefdefa24ad7a1ecc036d35185f
D1_SLEEPEDF_TO_ISRUC,17,C1,SOURCE_TEST,1,0,669,0ce4e2f1c6efc2e7d6d7e2f1133bf43d8aab9eefdefa24ad7a1ecc036d35185f
D1_SLEEPEDF_TO_ISRUC,17,C1,SOURCE_TEST,1,1,536,0ce4e2f1c6efc2e7d6d7e2f1133bf43d8aab9eefdefa24ad7a1ecc036d35185f
D1_SLEEPEDF_TO_ISRUC,17,C1,SOURCE_TEST,1,2,842,0ce4e2f1c6efc2e7d6d7e2f1133bf43d8aab9eefdefa24ad7a1ecc036d35185f
D1_SLEEPEDF_TO_ISRUC,17,C1,SOURCE_TEST,1,3,10,0ce4e2f1c6efc2e7d6d7e2f1133bf43d8aab9eefdefa24ad7a1ecc036d35185f
D1_SLEEPEDF_TO_ISRUC,17,C1,SOURCE_TEST,1,4,309,0ce4e2f1c6efc2e7d6d7e2f1133bf43d8aab9eefdefa24ad7a1ecc036d35185f
D1_SLEEPEDF_TO_ISRUC,17,C1,SOURCE_TEST,2,0,234,0ce4e2f1c6efc2e7d6d7e2f1133bf43d8aab9eefdefa24ad7a1ecc036d35185f
D1_SLEEPEDF_TO_ISRUC,17,C1,SOURCE_TEST,2,1,541,0ce4e2f1c6efc2e7d6d7e2f1133bf43d8aab9eefdefa24ad7a1ecc036d35185f
D1_SLEEPEDF_TO_ISRUC,17,C1,SOURCE_TEST,2,2,8224,0ce4e2f1c6efc2e7d6d7e2f1133bf43d8aab9eefdefa24ad7a1ecc036d35185f
D1_SLEEPEDF_TO_ISRUC,17,C1,SOURCE_TEST,2,3,252,0ce4e2f1c6efc2e7d6d7e2f1133bf43d8aab9eefdefa24ad7a1ecc036d35185f
D1_SLEEPEDF_TO_ISRUC,17,C1,SOURCE_TEST,2,4,385,0ce4e2f1c6efc2e7d6d7e2f1133bf43d8aab9eefdefa24ad7a1ecc036d35185f
D1_SLEEPEDF_TO_ISRUC,17,C1,SOURCE_TEST,3,0,0,0ce4e2f1c6efc2e7d6d7e2f1133bf43d8aab9eefdefa24ad7a1ecc036d35185f
D1_SLEEPEDF_TO_ISRUC,17,C1,SOURCE_TEST,3,1,2,0ce4e2f1c6efc2e7d6d7e2f1133bf43d8aab9eefdefa24ad7a1ecc036d35185f
D1_SLEEPEDF_TO_ISRUC,17,C1,SOURCE_TEST,3,2,668,0ce4e2f1c6efc2e7d6d7e2f1133bf43d8aab9eefdefa24ad7a1ecc036d35185f
D1_SLEEPEDF_TO_ISRUC,17,C1,SOURCE_TEST,3,3,1088,0ce4e2f1c6efc2e7d6d7e2f1133bf43d8aab9eefdefa24ad7a1ecc036d35185f
D1_SLEEPEDF_TO_ISRUC,17,C1,SOURCE_TEST,3,4,0,0ce4e2f1c6efc2e7d6d7e2f1133bf43d8aab9eefdefa24ad7a1ecc036d35185f
D1_SLEEPEDF_TO_ISRUC,17,C1,SOURCE_TEST,4,0,582,0ce4e2f1c6efc2e7d6d7e2f1133bf43d8aab9eefdefa24ad7a1ecc036d35185f
D1_SLEEPEDF_TO_ISRUC,17,C1,SOURCE_TEST,4,1,301,0ce4e2f1c6efc2e7d6d7e2f1133bf43d8aab9eefdefa24ad7a1ecc036d35185f
D1_SLEEPEDF_TO_ISRUC,17,C1,SOURCE_TEST,4,2,773,0ce4e2f1c6efc2e7d6d7e2f1133bf43d8aab9eefdefa24ad7a1ecc036d35185f
D1_SLEEPEDF_TO_ISRUC,17,C1,SOURCE_TEST,4,3,6,0ce4e2f1c6efc2e7d6d7e2f1133bf43d8aab9eefdefa24ad7a1ecc036d35185f
D1_SLEEPEDF_TO_ISRUC,17,C1,SOURCE_TEST,4,4,1626,0ce4e2f1c6efc2e7d6d7e2f1133bf43d8aab9eefdefa24ad7a1ecc036d35185f
D1_SLEEPEDF_TO_ISRUC,17,C2,SOURCE_TEST,0,0,33955,c7c532b17ad271a3ca66d8b5ca1bf29be6a17d6dc077d36359ec3a9a3bd7af18
D1_SLEEPEDF_TO_ISRUC,17,C2,SOURCE_TEST,0,1,1193,c7c532b17ad271a3ca66d8b5ca1bf29be6a17d6dc077d36359ec3a9a3bd7af18
D1_SLEEPEDF_TO_ISRUC,17,C2,SOURCE_TEST,0,2,1059,c7c532b17ad271a3ca66d8b5ca1bf29be6a17d6dc077d36359ec3a9a3bd7af18
D1_SLEEPEDF_TO_ISRUC,17,C2,SOURCE_TEST,0,3,2,c7c532b17ad271a3ca66d8b5ca1bf29be6a17d6dc077d36359ec3a9a3bd7af18
D1_SLEEPEDF_TO_ISRUC,17,C2,SOURCE_TEST,0,4,4359,c7c532b17ad271a3ca66d8b5ca1bf29be6a17d6dc077d36359ec3a9a3bd7af18
D1_SLEEPEDF_TO_ISRUC,17,C2,SOURCE_TEST,1,0,149,c7c532b17ad271a3ca66d8b5ca1bf29be6a17d6dc077d36359ec3a9a3bd7af18
D1_SLEEPEDF_TO_ISRUC,17,C2,SOURCE_TEST,1,1,1505,c7c532b17ad271a3ca66d8b5ca1bf29be6a17d6dc077d36359ec3a9a3bd7af18
D1_SLEEPEDF_TO_ISRUC,17,C2,SOURCE_TEST,1,2,339,c7c532b17ad271a3ca66d8b5ca1bf29be6a17d6dc077d36359ec3a9a3bd7af18
D1_SLEEPEDF_TO_ISRUC,17,C2,SOURCE_TEST,1,3,0,c7c532b17ad271a3ca66d8b5ca1bf29be6a17d6dc077d36359ec3a9a3bd7af18
D1_SLEEPEDF_TO_ISRUC,17,C2,SOURCE_TEST,1,4,373,c7c532b17ad271a3ca66d8b5ca1bf29be6a17d6dc077d36359ec3a9a3bd7af18
D1_SLEEPEDF_TO_ISRUC,17,C2,SOURCE_TEST,2,0,669,c7c532b17ad271a3ca66d8b5ca1bf29be6a17d6dc077d36359ec3a9a3bd7af18
D1_SLEEPEDF_TO_ISRUC,17,C2,SOURCE_TEST,2,1,3028,c7c532b17ad271a3ca66d8b5ca1bf29be6a17d6dc077d36359ec3a9a3bd7af18
D1_SLEEPEDF_TO_ISRUC,17,C2,SOURCE_TEST,2,2,5451,c7c532b17ad271a3ca66d8b5ca1bf29be6a17d6dc077d36359ec3a9a3bd7af18
D1_SLEEPEDF_TO_ISRUC,17,C2,SOURCE_TEST,2,3,1,c7c532b17ad271a3ca66d8b5ca1bf29be6a17d6dc077d36359ec3a9a3bd7af18
D1_SLEEPEDF_TO_ISRUC,17,C2,SOURCE_TEST,2,4,487,c7c532b17ad271a3ca66d8b5ca1bf29be6a17d6dc077d36359ec3a9a3bd7af18
D1_SLEEPEDF_TO_ISRUC,17,C2,SOURCE_TEST,3,0,639,c7c532b17ad271a3ca66d8b5ca1bf29be6a17d6dc077d36359ec3a9a3bd7af18
D1_SLEEPEDF_TO_ISRUC,17,C2,SOURCE_TEST,3,1,69,c7c532b17ad271a3ca66d8b5ca1bf29be6a17d6dc077d36359ec3a9a3bd7af18
D1_SLEEPEDF_TO_ISRUC,17,C2,SOURCE_TEST,3,2,1007,c7c532b17ad271a3ca66d8b5ca1bf29be6a17d6dc077d36359ec3a9a3bd7af18
D1_SLEEPEDF_TO_ISRUC,17,C2,SOURCE_TEST,3,3,24,c7c532b17ad271a3ca66d8b5ca1bf29be6a17d6dc077d36359ec3a9a3bd7af18
D1_SLEEPEDF_TO_ISRUC,17,C2,SOURCE_TEST,3,4,19,c7c532b17ad271a3ca66d8b5ca1bf29be6a17d6dc077d36359ec3a9a3bd7af18
D1_SLEEPEDF_TO_ISRUC,17,C2,SOURCE_TEST,4,0,88,c7c532b17ad271a3ca66d8b5ca1bf29be6a17d6dc077d36359ec3a9a3bd7af18
D1_SLEEPEDF_TO_ISRUC,17,C2,SOURCE_TEST,4,1,703,c7c532b17ad271a3ca66d8b5ca1bf29be6a17d6dc077d36359ec3a9a3bd7af18
D1_SLEEPEDF_TO_ISRUC,17,C2,SOURCE_TEST,4,2,349,c7c532b17ad271a3ca66d8b5ca1bf29be6a17d6dc077d36359ec3a9a3bd7af18
D1_SLEEPEDF_TO_ISRUC,17,C2,SOURCE_TEST,4,3,0,c7c532b17ad271a3ca66d8b5ca1bf29be6a17d6dc077d36359ec3a9a3bd7af18
D1_SLEEPEDF_TO_ISRUC,17,C2,SOURCE_TEST,4,4,2148,c7c532b17ad271a3ca66d8b5ca1bf29be6a17d6dc077d36359ec3a9a3bd7af18
D1_SLEEPEDF_TO_ISRUC,17,C3,COMPLETE_TARGET,0,0,19331,e57c3fb5a8844d808018000e72972049a419b5261219fcf4d98e27ecc6366302
D1_SLEEPEDF_TO_ISRUC,17,C3,COMPLETE_TARGET,0,1,482,e57c3fb5a8844d808018000e72972049a419b5261219fcf4d98e27ecc6366302
D1_SLEEPEDF_TO_ISRUC,17,C3,COMPLETE_TARGET,0,2,435,e57c3fb5a8844d808018000e72972049a419b5261219fcf4d98e27ecc6366302
D1_SLEEPEDF_TO_ISRUC,17,C3,COMPLETE_TARGET,0,3,6,e57c3fb5a8844d808018000e72972049a419b5261219fcf4d98e27ecc6366302
D1_SLEEPEDF_TO_ISRUC,17,C3,COMPLETE_TARGET,0,4,171,e57c3fb5a8844d808018000e72972049a419b5261219fcf4d98e27ecc6366302
D1_SLEEPEDF_TO_ISRUC,17,C3,COMPLETE_TARGET,1,0,4994,e57c3fb5a8844d808018000e72972049a419b5261219fcf4d98e27ecc6366302
D1_SLEEPEDF_TO_ISRUC,17,C3,COMPLETE_TARGET,1,1,2547,e57c3fb5a8844d808018000e72972049a419b5261219fcf4d98e27ecc6366302
D1_SLEEPEDF_TO_ISRUC,17,C3,COMPLETE_TARGET,1,2,3364,e57c3fb5a8844d808018000e72972049a419b5261219fcf4d98e27ecc6366302
D1_SLEEPEDF_TO_ISRUC,17,C3,COMPLETE_TARGET,1,3,14,e57c3fb5a8844d808018000e72972049a419b5261219fcf4d98e27ecc6366302
D1_SLEEPEDF_TO_ISRUC,17,C3,COMPLETE_TARGET,1,4,571,e57c3fb5a8844d808018000e72972049a419b5261219fcf4d98e27ecc6366302
D1_SLEEPEDF_TO_ISRUC,17,C3,COMPLETE_TARGET,2,0,2340,e57c3fb5a8844d808018000e72972049a419b5261219fcf4d98e27ecc6366302
D1_SLEEPEDF_TO_ISRUC,17,C3,COMPLETE_TARGET,2,1,2038,e57c3fb5a8844d808018000e72972049a419b5261219fcf4d98e27ecc6366302
D1_SLEEPEDF_TO_ISRUC,17,C3,COMPLETE_TARGET,2,2,22790,e57c3fb5a8844d808018000e72972049a419b5261219fcf4d98e27ecc6366302
D1_SLEEPEDF_TO_ISRUC,17,C3,COMPLETE_TARGET,2,3,195,e57c3fb5a8844d808018000e72972049a419b5261219fcf4d98e27ecc6366302
D1_SLEEPEDF_TO_ISRUC,17,C3,COMPLETE_TARGET,2,4,832,e57c3fb5a8844d808018000e72972049a419b5261219fcf4d98e27ecc6366302
D1_SLEEPEDF_TO_ISRUC,17,C3,COMPLETE_TARGET,3,0,180,e57c3fb5a8844d808018000e72972049a419b5261219fcf4d98e27ecc6366302
D1_SLEEPEDF_TO_ISRUC,17,C3,COMPLETE_TARGET,3,1,305,e57c3fb5a8844d808018000e72972049a419b5261219fcf4d98e27ecc6366302
D1_SLEEPEDF_TO_ISRUC,17,C3,COMPLETE_TARGET,3,2,9070,e57c3fb5a8844d808018000e72972049a419b5261219fcf4d98e27ecc6366302
D1_SLEEPEDF_TO_ISRUC,17,C3,COMPLETE_TARGET,3,3,7690,e57c3fb5a8844d808018000e72972049a419b5261219fcf4d98e27ecc6366302
D1_SLEEPEDF_TO_ISRUC,17,C3,COMPLETE_TARGET,3,4,37,e57c3fb5a8844d808018000e72972049a419b5261219fcf4d98e27ecc6366302
D1_SLEEPEDF_TO_ISRUC,17,C3,COMPLETE_TARGET,4,0,2666,e57c3fb5a8844d808018000e72972049a419b5261219fcf4d98e27ecc6366302
D1_SLEEPEDF_TO_ISRUC,17,C3,COMPLETE_TARGET,4,1,1213,e57c3fb5a8844d808018000e72972049a419b5261219fcf4d98e27ecc6366302
D1_SLEEPEDF_TO_ISRUC,17,C3,COMPLETE_TARGET,4,2,1794,e57c3fb5a8844d808018000e72972049a419b5261219fcf4d98e27ecc6366302
D1_SLEEPEDF_TO_ISRUC,17,C3,COMPLETE_TARGET,4,3,0,e57c3fb5a8844d808018000e72972049a419b5261219fcf4d98e27ecc6366302
D1_SLEEPEDF_TO_ISRUC,17,C3,COMPLETE_TARGET,4,4,6247,e57c3fb5a8844d808018000e72972049a419b5261219fcf4d98e27ecc6366302
D1_SLEEPEDF_TO_ISRUC,17,C4,COMPLETE_TARGET,0,0,18645,169a64622b6d414a303b97215e6f5ec4665416b475df7c50b3750f07254bd8b5
D1_SLEEPEDF_TO_ISRUC,17,C4,COMPLETE_TARGET,0,1,611,169a64622b6d414a303b97215e6f5ec4665416b475df7c50b3750f07254bd8b5
D1_SLEEPEDF_TO_ISRUC,17,C4,COMPLETE_TARGET,0,2,581,169a64622b6d414a303b97215e6f5ec4665416b475df7c50b3750f07254bd8b5
D1_SLEEPEDF_TO_ISRUC,17,C4,COMPLETE_TARGET,0,3,4,169a64622b6d414a303b97215e6f5ec4665416b475df7c50b3750f07254bd8b5
D1_SLEEPEDF_TO_ISRUC,17,C4,COMPLETE_TARGET,0,4,584,169a64622b6d414a303b97215e6f5ec4665416b475df7c50b3750f07254bd8b5
D1_SLEEPEDF_TO_ISRUC,17,C4,COMPLETE_TARGET,1,0,3442,169a64622b6d414a303b97215e6f5ec4665416b475df7c50b3750f07254bd8b5
D1_SLEEPEDF_TO_ISRUC,17,C4,COMPLETE_TARGET,1,1,938,169a64622b6d414a303b97215e6f5ec4665416b475df7c50b3750f07254bd8b5
D1_SLEEPEDF_TO_ISRUC,17,C4,COMPLETE_TARGET,1,2,2918,169a64622b6d414a303b97215e6f5ec4665416b475df7c50b3750f07254bd8b5
D1_SLEEPEDF_TO_ISRUC,17,C4,COMPLETE_TARGET,1,3,4,169a64622b6d414a303b97215e6f5ec4665416b475df7c50b3750f07254bd8b5
D1_SLEEPEDF_TO_ISRUC,17,C4,COMPLETE_TARGET,1,4,4188,169a64622b6d414a303b97215e6f5ec4665416b475df7c50b3750f07254bd8b5
D1_SLEEPEDF_TO_ISRUC,17,C4,COMPLETE_TARGET,2,0,1099,169a64622b6d414a303b97215e6f5ec4665416b475df7c50b3750f07254bd8b5
D1_SLEEPEDF_TO_ISRUC,17,C4,COMPLETE_TARGET,2,1,831,169a64622b6d414a303b97215e6f5ec4665416b475df7c50b3750f07254bd8b5
D1_SLEEPEDF_TO_ISRUC,17,C4,COMPLETE_TARGET,2,2,21500,169a64622b6d414a303b97215e6f5ec4665416b475df7c50b3750f07254bd8b5
D1_SLEEPEDF_TO_ISRUC,17,C4,COMPLETE_TARGET,2,3,58,169a64622b6d414a303b97215e6f5ec4665416b475df7c50b3750f07254bd8b5
D1_SLEEPEDF_TO_ISRUC,17,C4,COMPLETE_TARGET,2,4,4707,169a64622b6d414a303b97215e6f5ec4665416b475df7c50b3750f07254bd8b5
D1_SLEEPEDF_TO_ISRUC,17,C4,COMPLETE_TARGET,3,0,122,169a64622b6d414a303b97215e6f5ec4665416b475df7c50b3750f07254bd8b5
D1_SLEEPEDF_TO_ISRUC,17,C4,COMPLETE_TARGET,3,1,184,169a64622b6d414a303b97215e6f5ec4665416b475df7c50b3750f07254bd8b5
D1_SLEEPEDF_TO_ISRUC,17,C4,COMPLETE_TARGET,3,2,11304,169a64622b6d414a303b97215e6f5ec4665416b475df7c50b3750f07254bd8b5
D1_SLEEPEDF_TO_ISRUC,17,C4,COMPLETE_TARGET,3,3,5207,169a64622b6d414a303b97215e6f5ec4665416b475df7c50b3750f07254bd8b5
D1_SLEEPEDF_TO_ISRUC,17,C4,COMPLETE_TARGET,3,4,465,169a64622b6d414a303b97215e6f5ec4665416b475df7c50b3750f07254bd8b5
D1_SLEEPEDF_TO_ISRUC,17,C4,COMPLETE_TARGET,4,0,1987,169a64622b6d414a303b97215e6f5ec4665416b475df7c50b3750f07254bd8b5
D1_SLEEPEDF_TO_ISRUC,17,C4,COMPLETE_TARGET,4,1,429,169a64622b6d414a303b97215e6f5ec4665416b475df7c50b3750f07254bd8b5
D1_SLEEPEDF_TO_ISRUC,17,C4,COMPLETE_TARGET,4,2,1656,169a64622b6d414a303b97215e6f5ec4665416b475df7c50b3750f07254bd8b5
D1_SLEEPEDF_TO_ISRUC,17,C4,COMPLETE_TARGET,4,3,2,169a64622b6d414a303b97215e6f5ec4665416b475df7c50b3750f07254bd8b5
D1_SLEEPEDF_TO_ISRUC,17,C4,COMPLETE_TARGET,4,4,7846,169a64622b6d414a303b97215e6f5ec4665416b475df7c50b3750f07254bd8b5
D1_SLEEPEDF_TO_ISRUC,17,C5,COMPLETE_TARGET,0,0,14776,b4a84ac27a8277e2312a4ee32952d703ffa407fbb50907466f04ab6af68b9fa0
D1_SLEEPEDF_TO_ISRUC,17,C5,COMPLETE_TARGET,0,1,1736,b4a84ac27a8277e2312a4ee32952d703ffa407fbb50907466f04ab6af68b9fa0
D1_SLEEPEDF_TO_ISRUC,17,C5,COMPLETE_TARGET,0,2,2928,b4a84ac27a8277e2312a4ee32952d703ffa407fbb50907466f04ab6af68b9fa0
D1_SLEEPEDF_TO_ISRUC,17,C5,COMPLETE_TARGET,0,3,0,b4a84ac27a8277e2312a4ee32952d703ffa407fbb50907466f04ab6af68b9fa0
D1_SLEEPEDF_TO_ISRUC,17,C5,COMPLETE_TARGET,0,4,985,b4a84ac27a8277e2312a4ee32952d703ffa407fbb50907466f04ab6af68b9fa0
D1_SLEEPEDF_TO_ISRUC,17,C5,COMPLETE_TARGET,1,0,7388,b4a84ac27a8277e2312a4ee32952d703ffa407fbb50907466f04ab6af68b9fa0
D1_SLEEPEDF_TO_ISRUC,17,C5,COMPLETE_TARGET,1,1,2105,b4a84ac27a8277e2312a4ee32952d703ffa407fbb50907466f04ab6af68b9fa0
D1_SLEEPEDF_TO_ISRUC,17,C5,COMPLETE_TARGET,1,2,1842,b4a84ac27a8277e2312a4ee32952d703ffa407fbb50907466f04ab6af68b9fa0
D1_SLEEPEDF_TO_ISRUC,17,C5,COMPLETE_TARGET,1,3,0,b4a84ac27a8277e2312a4ee32952d703ffa407fbb50907466f04ab6af68b9fa0
D1_SLEEPEDF_TO_ISRUC,17,C5,COMPLETE_TARGET,1,4,155,b4a84ac27a8277e2312a4ee32952d703ffa407fbb50907466f04ab6af68b9fa0
D1_SLEEPEDF_TO_ISRUC,17,C5,COMPLETE_TARGET,2,0,18522,b4a84ac27a8277e2312a4ee32952d703ffa407fbb50907466f04ab6af68b9fa0
D1_SLEEPEDF_TO_ISRUC,17,C5,COMPLETE_TARGET,2,1,2484,b4a84ac27a8277e2312a4ee32952d703ffa407fbb50907466f04ab6af68b9fa0
D1_SLEEPEDF_TO_ISRUC,17,C5,COMPLETE_TARGET,2,2,6969,b4a84ac27a8277e2312a4ee32952d703ffa407fbb50907466f04ab6af68b9fa0
D1_SLEEPEDF_TO_ISRUC,17,C5,COMPLETE_TARGET,2,3,6,b4a84ac27a8277e2312a4ee32952d703ffa407fbb50907466f04ab6af68b9fa0
D1_SLEEPEDF_TO_ISRUC,17,C5,COMPLETE_TARGET,2,4,214,b4a84ac27a8277e2312a4ee32952d703ffa407fbb50907466f04ab6af68b9fa0
D1_SLEEPEDF_TO_ISRUC,17,C5,COMPLETE_TARGET,3,0,11001,b4a84ac27a8277e2312a4ee32952d703ffa407fbb50907466f04ab6af68b9fa0
D1_SLEEPEDF_TO_ISRUC,17,C5,COMPLETE_TARGET,3,1,1370,b4a84ac27a8277e2312a4ee32952d703ffa407fbb50907466f04ab6af68b9fa0
D1_SLEEPEDF_TO_ISRUC,17,C5,COMPLETE_TARGET,3,2,4072,b4a84ac27a8277e2312a4ee32952d703ffa407fbb50907466f04ab6af68b9fa0
D1_SLEEPEDF_TO_ISRUC,17,C5,COMPLETE_TARGET,3,3,792,b4a84ac27a8277e2312a4ee32952d703ffa407fbb50907466f04ab6af68b9fa0
D1_SLEEPEDF_TO_ISRUC,17,C5,COMPLETE_TARGET,3,4,47,b4a84ac27a8277e2312a4ee32952d703ffa407fbb50907466f04ab6af68b9fa0
D1_SLEEPEDF_TO_ISRUC,17,C5,COMPLETE_TARGET,4,0,6531,b4a84ac27a8277e2312a4ee32952d703ffa407fbb50907466f04ab6af68b9fa0
D1_SLEEPEDF_TO_ISRUC,17,C5,COMPLETE_TARGET,4,1,1476,b4a84ac27a8277e2312a4ee32952d703ffa407fbb50907466f04ab6af68b9fa0
D1_SLEEPEDF_TO_ISRUC,17,C5,COMPLETE_TARGET,4,2,1222,b4a84ac27a8277e2312a4ee32952d703ffa407fbb50907466f04ab6af68b9fa0
D1_SLEEPEDF_TO_ISRUC,17,C5,COMPLETE_TARGET,4,3,0,b4a84ac27a8277e2312a4ee32952d703ffa407fbb50907466f04ab6af68b9fa0
D1_SLEEPEDF_TO_ISRUC,17,C5,COMPLETE_TARGET,4,4,2691,b4a84ac27a8277e2312a4ee32952d703ffa407fbb50907466f04ab6af68b9fa0
D1_SLEEPEDF_TO_ISRUC,42,C0,SOURCE_TEST,0,0,39845,180d08ee7e97b2e3675ec533774a05285f30a289f1ca2574d3ea39f686528b40
D1_SLEEPEDF_TO_ISRUC,42,C0,SOURCE_TEST,0,1,505,180d08ee7e97b2e3675ec533774a05285f30a289f1ca2574d3ea39f686528b40
D1_SLEEPEDF_TO_ISRUC,42,C0,SOURCE_TEST,0,2,89,180d08ee7e97b2e3675ec533774a05285f30a289f1ca2574d3ea39f686528b40
D1_SLEEPEDF_TO_ISRUC,42,C0,SOURCE_TEST,0,3,38,180d08ee7e97b2e3675ec533774a05285f30a289f1ca2574d3ea39f686528b40
D1_SLEEPEDF_TO_ISRUC,42,C0,SOURCE_TEST,0,4,91,180d08ee7e97b2e3675ec533774a05285f30a289f1ca2574d3ea39f686528b40
D1_SLEEPEDF_TO_ISRUC,42,C0,SOURCE_TEST,1,0,267,180d08ee7e97b2e3675ec533774a05285f30a289f1ca2574d3ea39f686528b40
D1_SLEEPEDF_TO_ISRUC,42,C0,SOURCE_TEST,1,1,1112,180d08ee7e97b2e3675ec533774a05285f30a289f1ca2574d3ea39f686528b40
D1_SLEEPEDF_TO_ISRUC,42,C0,SOURCE_TEST,1,2,744,180d08ee7e97b2e3675ec533774a05285f30a289f1ca2574d3ea39f686528b40
D1_SLEEPEDF_TO_ISRUC,42,C0,SOURCE_TEST,1,3,7,180d08ee7e97b2e3675ec533774a05285f30a289f1ca2574d3ea39f686528b40
D1_SLEEPEDF_TO_ISRUC,42,C0,SOURCE_TEST,1,4,236,180d08ee7e97b2e3675ec533774a05285f30a289f1ca2574d3ea39f686528b40
D1_SLEEPEDF_TO_ISRUC,42,C0,SOURCE_TEST,2,0,78,180d08ee7e97b2e3675ec533774a05285f30a289f1ca2574d3ea39f686528b40
D1_SLEEPEDF_TO_ISRUC,42,C0,SOURCE_TEST,2,1,640,180d08ee7e97b2e3675ec533774a05285f30a289f1ca2574d3ea39f686528b40
D1_SLEEPEDF_TO_ISRUC,42,C0,SOURCE_TEST,2,2,8339,180d08ee7e97b2e3675ec533774a05285f30a289f1ca2574d3ea39f686528b40
D1_SLEEPEDF_TO_ISRUC,42,C0,SOURCE_TEST,2,3,356,180d08ee7e97b2e3675ec533774a05285f30a289f1ca2574d3ea39f686528b40
D1_SLEEPEDF_TO_ISRUC,42,C0,SOURCE_TEST,2,4,223,180d08ee7e97b2e3675ec533774a05285f30a289f1ca2574d3ea39f686528b40
D1_SLEEPEDF_TO_ISRUC,42,C0,SOURCE_TEST,3,0,2,180d08ee7e97b2e3675ec533774a05285f30a289f1ca2574d3ea39f686528b40
D1_SLEEPEDF_TO_ISRUC,42,C0,SOURCE_TEST,3,1,2,180d08ee7e97b2e3675ec533774a05285f30a289f1ca2574d3ea39f686528b40
D1_SLEEPEDF_TO_ISRUC,42,C0,SOURCE_TEST,3,2,504,180d08ee7e97b2e3675ec533774a05285f30a289f1ca2574d3ea39f686528b40
D1_SLEEPEDF_TO_ISRUC,42,C0,SOURCE_TEST,3,3,1250,180d08ee7e97b2e3675ec533774a05285f30a289f1ca2574d3ea39f686528b40
D1_SLEEPEDF_TO_ISRUC,42,C0,SOURCE_TEST,3,4,0,180d08ee7e97b2e3675ec533774a05285f30a289f1ca2574d3ea39f686528b40
D1_SLEEPEDF_TO_ISRUC,42,C0,SOURCE_TEST,4,0,129,180d08ee7e97b2e3675ec533774a05285f30a289f1ca2574d3ea39f686528b40
D1_SLEEPEDF_TO_ISRUC,42,C0,SOURCE_TEST,4,1,282,180d08ee7e97b2e3675ec533774a05285f30a289f1ca2574d3ea39f686528b40
D1_SLEEPEDF_TO_ISRUC,42,C0,SOURCE_TEST,4,2,531,180d08ee7e97b2e3675ec533774a05285f30a289f1ca2574d3ea39f686528b40
D1_SLEEPEDF_TO_ISRUC,42,C0,SOURCE_TEST,4,3,6,180d08ee7e97b2e3675ec533774a05285f30a289f1ca2574d3ea39f686528b40
D1_SLEEPEDF_TO_ISRUC,42,C0,SOURCE_TEST,4,4,2340,180d08ee7e97b2e3675ec533774a05285f30a289f1ca2574d3ea39f686528b40
D1_SLEEPEDF_TO_ISRUC,42,C1,SOURCE_TEST,0,0,39780,7c2760d8567226bd2284b62e2593c5433b084a7d42ca954be0c7a4ea3289c7a8
D1_SLEEPEDF_TO_ISRUC,42,C1,SOURCE_TEST,0,1,435,7c2760d8567226bd2284b62e2593c5433b084a7d42ca954be0c7a4ea3289c7a8
D1_SLEEPEDF_TO_ISRUC,42,C1,SOURCE_TEST,0,2,136,7c2760d8567226bd2284b62e2593c5433b084a7d42ca954be0c7a4ea3289c7a8
D1_SLEEPEDF_TO_ISRUC,42,C1,SOURCE_TEST,0,3,40,7c2760d8567226bd2284b62e2593c5433b084a7d42ca954be0c7a4ea3289c7a8
D1_SLEEPEDF_TO_ISRUC,42,C1,SOURCE_TEST,0,4,177,7c2760d8567226bd2284b62e2593c5433b084a7d42ca954be0c7a4ea3289c7a8
D1_SLEEPEDF_TO_ISRUC,42,C1,SOURCE_TEST,1,0,452,7c2760d8567226bd2284b62e2593c5433b084a7d42ca954be0c7a4ea3289c7a8
D1_SLEEPEDF_TO_ISRUC,42,C1,SOURCE_TEST,1,1,664,7c2760d8567226bd2284b62e2593c5433b084a7d42ca954be0c7a4ea3289c7a8
D1_SLEEPEDF_TO_ISRUC,42,C1,SOURCE_TEST,1,2,833,7c2760d8567226bd2284b62e2593c5433b084a7d42ca954be0c7a4ea3289c7a8
D1_SLEEPEDF_TO_ISRUC,42,C1,SOURCE_TEST,1,3,6,7c2760d8567226bd2284b62e2593c5433b084a7d42ca954be0c7a4ea3289c7a8
D1_SLEEPEDF_TO_ISRUC,42,C1,SOURCE_TEST,1,4,411,7c2760d8567226bd2284b62e2593c5433b084a7d42ca954be0c7a4ea3289c7a8
D1_SLEEPEDF_TO_ISRUC,42,C1,SOURCE_TEST,2,0,144,7c2760d8567226bd2284b62e2593c5433b084a7d42ca954be0c7a4ea3289c7a8
D1_SLEEPEDF_TO_ISRUC,42,C1,SOURCE_TEST,2,1,508,7c2760d8567226bd2284b62e2593c5433b084a7d42ca954be0c7a4ea3289c7a8
D1_SLEEPEDF_TO_ISRUC,42,C1,SOURCE_TEST,2,2,8272,7c2760d8567226bd2284b62e2593c5433b084a7d42ca954be0c7a4ea3289c7a8
D1_SLEEPEDF_TO_ISRUC,42,C1,SOURCE_TEST,2,3,202,7c2760d8567226bd2284b62e2593c5433b084a7d42ca954be0c7a4ea3289c7a8
D1_SLEEPEDF_TO_ISRUC,42,C1,SOURCE_TEST,2,4,510,7c2760d8567226bd2284b62e2593c5433b084a7d42ca954be0c7a4ea3289c7a8
D1_SLEEPEDF_TO_ISRUC,42,C1,SOURCE_TEST,3,0,0,7c2760d8567226bd2284b62e2593c5433b084a7d42ca954be0c7a4ea3289c7a8
D1_SLEEPEDF_TO_ISRUC,42,C1,SOURCE_TEST,3,1,3,7c2760d8567226bd2284b62e2593c5433b084a7d42ca954be0c7a4ea3289c7a8
D1_SLEEPEDF_TO_ISRUC,42,C1,SOURCE_TEST,3,2,848,7c2760d8567226bd2284b62e2593c5433b084a7d42ca954be0c7a4ea3289c7a8
D1_SLEEPEDF_TO_ISRUC,42,C1,SOURCE_TEST,3,3,907,7c2760d8567226bd2284b62e2593c5433b084a7d42ca954be0c7a4ea3289c7a8
D1_SLEEPEDF_TO_ISRUC,42,C1,SOURCE_TEST,3,4,0,7c2760d8567226bd2284b62e2593c5433b084a7d42ca954be0c7a4ea3289c7a8
D1_SLEEPEDF_TO_ISRUC,42,C1,SOURCE_TEST,4,0,331,7c2760d8567226bd2284b62e2593c5433b084a7d42ca954be0c7a4ea3289c7a8
D1_SLEEPEDF_TO_ISRUC,42,C1,SOURCE_TEST,4,1,332,7c2760d8567226bd2284b62e2593c5433b084a7d42ca954be0c7a4ea3289c7a8
D1_SLEEPEDF_TO_ISRUC,42,C1,SOURCE_TEST,4,2,764,7c2760d8567226bd2284b62e2593c5433b084a7d42ca954be0c7a4ea3289c7a8
D1_SLEEPEDF_TO_ISRUC,42,C1,SOURCE_TEST,4,3,13,7c2760d8567226bd2284b62e2593c5433b084a7d42ca954be0c7a4ea3289c7a8
D1_SLEEPEDF_TO_ISRUC,42,C1,SOURCE_TEST,4,4,1848,7c2760d8567226bd2284b62e2593c5433b084a7d42ca954be0c7a4ea3289c7a8
D1_SLEEPEDF_TO_ISRUC,42,C2,SOURCE_TEST,0,0,34881,ee1ead4d8510e7127e2c45b2e32c6163d3645a0c5f08169129a973e7cdee564a
D1_SLEEPEDF_TO_ISRUC,42,C2,SOURCE_TEST,0,1,933,ee1ead4d8510e7127e2c45b2e32c6163d3645a0c5f08169129a973e7cdee564a
D1_SLEEPEDF_TO_ISRUC,42,C2,SOURCE_TEST,0,2,1759,ee1ead4d8510e7127e2c45b2e32c6163d3645a0c5f08169129a973e7cdee564a
D1_SLEEPEDF_TO_ISRUC,42,C2,SOURCE_TEST,0,3,11,ee1ead4d8510e7127e2c45b2e32c6163d3645a0c5f08169129a973e7cdee564a
D1_SLEEPEDF_TO_ISRUC,42,C2,SOURCE_TEST,0,4,2984,ee1ead4d8510e7127e2c45b2e32c6163d3645a0c5f08169129a973e7cdee564a
D1_SLEEPEDF_TO_ISRUC,42,C2,SOURCE_TEST,1,0,127,ee1ead4d8510e7127e2c45b2e32c6163d3645a0c5f08169129a973e7cdee564a
D1_SLEEPEDF_TO_ISRUC,42,C2,SOURCE_TEST,1,1,1197,ee1ead4d8510e7127e2c45b2e32c6163d3645a0c5f08169129a973e7cdee564a
D1_SLEEPEDF_TO_ISRUC,42,C2,SOURCE_TEST,1,2,727,ee1ead4d8510e7127e2c45b2e32c6163d3645a0c5f08169129a973e7cdee564a
D1_SLEEPEDF_TO_ISRUC,42,C2,SOURCE_TEST,1,3,0,ee1ead4d8510e7127e2c45b2e32c6163d3645a0c5f08169129a973e7cdee564a
D1_SLEEPEDF_TO_ISRUC,42,C2,SOURCE_TEST,1,4,315,ee1ead4d8510e7127e2c45b2e32c6163d3645a0c5f08169129a973e7cdee564a
D1_SLEEPEDF_TO_ISRUC,42,C2,SOURCE_TEST,2,0,600,ee1ead4d8510e7127e2c45b2e32c6163d3645a0c5f08169129a973e7cdee564a
D1_SLEEPEDF_TO_ISRUC,42,C2,SOURCE_TEST,2,1,1746,ee1ead4d8510e7127e2c45b2e32c6163d3645a0c5f08169129a973e7cdee564a
D1_SLEEPEDF_TO_ISRUC,42,C2,SOURCE_TEST,2,2,6914,ee1ead4d8510e7127e2c45b2e32c6163d3645a0c5f08169129a973e7cdee564a
D1_SLEEPEDF_TO_ISRUC,42,C2,SOURCE_TEST,2,3,79,ee1ead4d8510e7127e2c45b2e32c6163d3645a0c5f08169129a973e7cdee564a
D1_SLEEPEDF_TO_ISRUC,42,C2,SOURCE_TEST,2,4,297,ee1ead4d8510e7127e2c45b2e32c6163d3645a0c5f08169129a973e7cdee564a
D1_SLEEPEDF_TO_ISRUC,42,C2,SOURCE_TEST,3,0,806,ee1ead4d8510e7127e2c45b2e32c6163d3645a0c5f08169129a973e7cdee564a
D1_SLEEPEDF_TO_ISRUC,42,C2,SOURCE_TEST,3,1,33,ee1ead4d8510e7127e2c45b2e32c6163d3645a0c5f08169129a973e7cdee564a
D1_SLEEPEDF_TO_ISRUC,42,C2,SOURCE_TEST,3,2,690,ee1ead4d8510e7127e2c45b2e32c6163d3645a0c5f08169129a973e7cdee564a
D1_SLEEPEDF_TO_ISRUC,42,C2,SOURCE_TEST,3,3,218,ee1ead4d8510e7127e2c45b2e32c6163d3645a0c5f08169129a973e7cdee564a
D1_SLEEPEDF_TO_ISRUC,42,C2,SOURCE_TEST,3,4,11,ee1ead4d8510e7127e2c45b2e32c6163d3645a0c5f08169129a973e7cdee564a
D1_SLEEPEDF_TO_ISRUC,42,C2,SOURCE_TEST,4,0,115,ee1ead4d8510e7127e2c45b2e32c6163d3645a0c5f08169129a973e7cdee564a
D1_SLEEPEDF_TO_ISRUC,42,C2,SOURCE_TEST,4,1,380,ee1ead4d8510e7127e2c45b2e32c6163d3645a0c5f08169129a973e7cdee564a
D1_SLEEPEDF_TO_ISRUC,42,C2,SOURCE_TEST,4,2,766,ee1ead4d8510e7127e2c45b2e32c6163d3645a0c5f08169129a973e7cdee564a
D1_SLEEPEDF_TO_ISRUC,42,C2,SOURCE_TEST,4,3,0,ee1ead4d8510e7127e2c45b2e32c6163d3645a0c5f08169129a973e7cdee564a
D1_SLEEPEDF_TO_ISRUC,42,C2,SOURCE_TEST,4,4,2027,ee1ead4d8510e7127e2c45b2e32c6163d3645a0c5f08169129a973e7cdee564a
D1_SLEEPEDF_TO_ISRUC,42,C3,COMPLETE_TARGET,0,0,18473,7214054a632ff729481da62efe23b5f5d886ef35ab3045478ce401af747d9a8e
D1_SLEEPEDF_TO_ISRUC,42,C3,COMPLETE_TARGET,0,1,913,7214054a632ff729481da62efe23b5f5d886ef35ab3045478ce401af747d9a8e
D1_SLEEPEDF_TO_ISRUC,42,C3,COMPLETE_TARGET,0,2,664,7214054a632ff729481da62efe23b5f5d886ef35ab3045478ce401af747d9a8e
D1_SLEEPEDF_TO_ISRUC,42,C3,COMPLETE_TARGET,0,3,6,7214054a632ff729481da62efe23b5f5d886ef35ab3045478ce401af747d9a8e
D1_SLEEPEDF_TO_ISRUC,42,C3,COMPLETE_TARGET,0,4,369,7214054a632ff729481da62efe23b5f5d886ef35ab3045478ce401af747d9a8e
D1_SLEEPEDF_TO_ISRUC,42,C3,COMPLETE_TARGET,1,0,3715,7214054a632ff729481da62efe23b5f5d886ef35ab3045478ce401af747d9a8e
D1_SLEEPEDF_TO_ISRUC,42,C3,COMPLETE_TARGET,1,1,2073,7214054a632ff729481da62efe23b5f5d886ef35ab3045478ce401af747d9a8e
D1_SLEEPEDF_TO_ISRUC,42,C3,COMPLETE_TARGET,1,2,4525,7214054a632ff729481da62efe23b5f5d886ef35ab3045478ce401af747d9a8e
D1_SLEEPEDF_TO_ISRUC,42,C3,COMPLETE_TARGET,1,3,12,7214054a632ff729481da62efe23b5f5d886ef35ab3045478ce401af747d9a8e
D1_SLEEPEDF_TO_ISRUC,42,C3,COMPLETE_TARGET,1,4,1165,7214054a632ff729481da62efe23b5f5d886ef35ab3045478ce401af747d9a8e
D1_SLEEPEDF_TO_ISRUC,42,C3,COMPLETE_TARGET,2,0,1659,7214054a632ff729481da62efe23b5f5d886ef35ab3045478ce401af747d9a8e
D1_SLEEPEDF_TO_ISRUC,42,C3,COMPLETE_TARGET,2,1,935,7214054a632ff729481da62efe23b5f5d886ef35ab3045478ce401af747d9a8e
D1_SLEEPEDF_TO_ISRUC,42,C3,COMPLETE_TARGET,2,2,24487,7214054a632ff729481da62efe23b5f5d886ef35ab3045478ce401af747d9a8e
D1_SLEEPEDF_TO_ISRUC,42,C3,COMPLETE_TARGET,2,3,152,7214054a632ff729481da62efe23b5f5d886ef35ab3045478ce401af747d9a8e
D1_SLEEPEDF_TO_ISRUC,42,C3,COMPLETE_TARGET,2,4,962,7214054a632ff729481da62efe23b5f5d886ef35ab3045478ce401af747d9a8e
D1_SLEEPEDF_TO_ISRUC,42,C3,COMPLETE_TARGET,3,0,210,7214054a632ff729481da62efe23b5f5d886ef35ab3045478ce401af747d9a8e
D1_SLEEPEDF_TO_ISRUC,42,C3,COMPLETE_TARGET,3,1,67,7214054a632ff729481da62efe23b5f5d886ef35ab3045478ce401af747d9a8e
D1_SLEEPEDF_TO_ISRUC,42,C3,COMPLETE_TARGET,3,2,9690,7214054a632ff729481da62efe23b5f5d886ef35ab3045478ce401af747d9a8e
D1_SLEEPEDF_TO_ISRUC,42,C3,COMPLETE_TARGET,3,3,7293,7214054a632ff729481da62efe23b5f5d886ef35ab3045478ce401af747d9a8e
D1_SLEEPEDF_TO_ISRUC,42,C3,COMPLETE_TARGET,3,4,22,7214054a632ff729481da62efe23b5f5d886ef35ab3045478ce401af747d9a8e
D1_SLEEPEDF_TO_ISRUC,42,C3,COMPLETE_TARGET,4,0,2083,7214054a632ff729481da62efe23b5f5d886ef35ab3045478ce401af747d9a8e
D1_SLEEPEDF_TO_ISRUC,42,C3,COMPLETE_TARGET,4,1,577,7214054a632ff729481da62efe23b5f5d886ef35ab3045478ce401af747d9a8e
D1_SLEEPEDF_TO_ISRUC,42,C3,COMPLETE_TARGET,4,2,2456,7214054a632ff729481da62efe23b5f5d886ef35ab3045478ce401af747d9a8e
D1_SLEEPEDF_TO_ISRUC,42,C3,COMPLETE_TARGET,4,3,2,7214054a632ff729481da62efe23b5f5d886ef35ab3045478ce401af747d9a8e
D1_SLEEPEDF_TO_ISRUC,42,C3,COMPLETE_TARGET,4,4,6802,7214054a632ff729481da62efe23b5f5d886ef35ab3045478ce401af747d9a8e
D1_SLEEPEDF_TO_ISRUC,42,C4,COMPLETE_TARGET,0,0,17050,d639eea52073030fdf7654b16e690c18fbc36d895dc2813faa41d20220f4a939
D1_SLEEPEDF_TO_ISRUC,42,C4,COMPLETE_TARGET,0,1,1354,d639eea52073030fdf7654b16e690c18fbc36d895dc2813faa41d20220f4a939
D1_SLEEPEDF_TO_ISRUC,42,C4,COMPLETE_TARGET,0,2,797,d639eea52073030fdf7654b16e690c18fbc36d895dc2813faa41d20220f4a939
D1_SLEEPEDF_TO_ISRUC,42,C4,COMPLETE_TARGET,0,3,10,d639eea52073030fdf7654b16e690c18fbc36d895dc2813faa41d20220f4a939
D1_SLEEPEDF_TO_ISRUC,42,C4,COMPLETE_TARGET,0,4,1214,d639eea52073030fdf7654b16e690c18fbc36d895dc2813faa41d20220f4a939
D1_SLEEPEDF_TO_ISRUC,42,C4,COMPLETE_TARGET,1,0,2021,d639eea52073030fdf7654b16e690c18fbc36d895dc2813faa41d20220f4a939
D1_SLEEPEDF_TO_ISRUC,42,C4,COMPLETE_TARGET,1,1,904,d639eea52073030fdf7654b16e690c18fbc36d895dc2813faa41d20220f4a939
D1_SLEEPEDF_TO_ISRUC,42,C4,COMPLETE_TARGET,1,2,3138,d639eea52073030fdf7654b16e690c18fbc36d895dc2813faa41d20220f4a939
D1_SLEEPEDF_TO_ISRUC,42,C4,COMPLETE_TARGET,1,3,8,d639eea52073030fdf7654b16e690c18fbc36d895dc2813faa41d20220f4a939
D1_SLEEPEDF_TO_ISRUC,42,C4,COMPLETE_TARGET,1,4,5419,d639eea52073030fdf7654b16e690c18fbc36d895dc2813faa41d20220f4a939
D1_SLEEPEDF_TO_ISRUC,42,C4,COMPLETE_TARGET,2,0,542,d639eea52073030fdf7654b16e690c18fbc36d895dc2813faa41d20220f4a939
D1_SLEEPEDF_TO_ISRUC,42,C4,COMPLETE_TARGET,2,1,449,d639eea52073030fdf7654b16e690c18fbc36d895dc2813faa41d20220f4a939
D1_SLEEPEDF_TO_ISRUC,42,C4,COMPLETE_TARGET,2,2,21609,d639eea52073030fdf7654b16e690c18fbc36d895dc2813faa41d20220f4a939
D1_SLEEPEDF_TO_ISRUC,42,C4,COMPLETE_TARGET,2,3,72,d639eea52073030fdf7654b16e690c18fbc36d895dc2813faa41d20220f4a939
D1_SLEEPEDF_TO_ISRUC,42,C4,COMPLETE_TARGET,2,4,5523,d639eea52073030fdf7654b16e690c18fbc36d895dc2813faa41d20220f4a939
D1_SLEEPEDF_TO_ISRUC,42,C4,COMPLETE_TARGET,3,0,91,d639eea52073030fdf7654b16e690c18fbc36d895dc2813faa41d20220f4a939
D1_SLEEPEDF_TO_ISRUC,42,C4,COMPLETE_TARGET,3,1,59,d639eea52073030fdf7654b16e690c18fbc36d895dc2813faa41d20220f4a939
D1_SLEEPEDF_TO_ISRUC,42,C4,COMPLETE_TARGET,3,2,12684,d639eea52073030fdf7654b16e690c18fbc36d895dc2813faa41d20220f4a939
D1_SLEEPEDF_TO_ISRUC,42,C4,COMPLETE_TARGET,3,3,4005,d639eea52073030fdf7654b16e690c18fbc36d895dc2813faa41d20220f4a939
D1_SLEEPEDF_TO_ISRUC,42,C4,COMPLETE_TARGET,3,4,443,d639eea52073030fdf7654b16e690c18fbc36d895dc2813faa41d20220f4a939
D1_SLEEPEDF_TO_ISRUC,42,C4,COMPLETE_TARGET,4,0,941,d639eea52073030fdf7654b16e690c18fbc36d895dc2813faa41d20220f4a939
D1_SLEEPEDF_TO_ISRUC,42,C4,COMPLETE_TARGET,4,1,331,d639eea52073030fdf7654b16e690c18fbc36d895dc2813faa41d20220f4a939
D1_SLEEPEDF_TO_ISRUC,42,C4,COMPLETE_TARGET,4,2,1609,d639eea52073030fdf7654b16e690c18fbc36d895dc2813faa41d20220f4a939
D1_SLEEPEDF_TO_ISRUC,42,C4,COMPLETE_TARGET,4,3,28,d639eea52073030fdf7654b16e690c18fbc36d895dc2813faa41d20220f4a939
D1_SLEEPEDF_TO_ISRUC,42,C4,COMPLETE_TARGET,4,4,9011,d639eea52073030fdf7654b16e690c18fbc36d895dc2813faa41d20220f4a939
D1_SLEEPEDF_TO_ISRUC,42,C5,COMPLETE_TARGET,0,0,14406,810b461276312b2488d738c31fd62aa3516d50cddbfa3e4856d9f5d9e481bb3b
D1_SLEEPEDF_TO_ISRUC,42,C5,COMPLETE_TARGET,0,1,1807,810b461276312b2488d738c31fd62aa3516d50cddbfa3e4856d9f5d9e481bb3b
D1_SLEEPEDF_TO_ISRUC,42,C5,COMPLETE_TARGET,0,2,3347,810b461276312b2488d738c31fd62aa3516d50cddbfa3e4856d9f5d9e481bb3b
D1_SLEEPEDF_TO_ISRUC,42,C5,COMPLETE_TARGET,0,3,5,810b461276312b2488d738c31fd62aa3516d50cddbfa3e4856d9f5d9e481bb3b
D1_SLEEPEDF_TO_ISRUC,42,C5,COMPLETE_TARGET,0,4,860,810b461276312b2488d738c31fd62aa3516d50cddbfa3e4856d9f5d9e481bb3b
D1_SLEEPEDF_TO_ISRUC,42,C5,COMPLETE_TARGET,1,0,6191,810b461276312b2488d738c31fd62aa3516d50cddbfa3e4856d9f5d9e481bb3b
D1_SLEEPEDF_TO_ISRUC,42,C5,COMPLETE_TARGET,1,1,1789,810b461276312b2488d738c31fd62aa3516d50cddbfa3e4856d9f5d9e481bb3b
D1_SLEEPEDF_TO_ISRUC,42,C5,COMPLETE_TARGET,1,2,3348,810b461276312b2488d738c31fd62aa3516d50cddbfa3e4856d9f5d9e481bb3b
D1_SLEEPEDF_TO_ISRUC,42,C5,COMPLETE_TARGET,1,3,3,810b461276312b2488d738c31fd62aa3516d50cddbfa3e4856d9f5d9e481bb3b
D1_SLEEPEDF_TO_ISRUC,42,C5,COMPLETE_TARGET,1,4,159,810b461276312b2488d738c31fd62aa3516d50cddbfa3e4856d9f5d9e481bb3b
D1_SLEEPEDF_TO_ISRUC,42,C5,COMPLETE_TARGET,2,0,16032,810b461276312b2488d738c31fd62aa3516d50cddbfa3e4856d9f5d9e481bb3b
D1_SLEEPEDF_TO_ISRUC,42,C5,COMPLETE_TARGET,2,1,1903,810b461276312b2488d738c31fd62aa3516d50cddbfa3e4856d9f5d9e481bb3b
D1_SLEEPEDF_TO_ISRUC,42,C5,COMPLETE_TARGET,2,2,9991,810b461276312b2488d738c31fd62aa3516d50cddbfa3e4856d9f5d9e481bb3b
D1_SLEEPEDF_TO_ISRUC,42,C5,COMPLETE_TARGET,2,3,62,810b461276312b2488d738c31fd62aa3516d50cddbfa3e4856d9f5d9e481bb3b
D1_SLEEPEDF_TO_ISRUC,42,C5,COMPLETE_TARGET,2,4,207,810b461276312b2488d738c31fd62aa3516d50cddbfa3e4856d9f5d9e481bb3b
D1_SLEEPEDF_TO_ISRUC,42,C5,COMPLETE_TARGET,3,0,12205,810b461276312b2488d738c31fd62aa3516d50cddbfa3e4856d9f5d9e481bb3b
D1_SLEEPEDF_TO_ISRUC,42,C5,COMPLETE_TARGET,3,1,745,810b461276312b2488d738c31fd62aa3516d50cddbfa3e4856d9f5d9e481bb3b
D1_SLEEPEDF_TO_ISRUC,42,C5,COMPLETE_TARGET,3,2,3378,810b461276312b2488d738c31fd62aa3516d50cddbfa3e4856d9f5d9e481bb3b
D1_SLEEPEDF_TO_ISRUC,42,C5,COMPLETE_TARGET,3,3,917,810b461276312b2488d738c31fd62aa3516d50cddbfa3e4856d9f5d9e481bb3b
D1_SLEEPEDF_TO_ISRUC,42,C5,COMPLETE_TARGET,3,4,37,810b461276312b2488d738c31fd62aa3516d50cddbfa3e4856d9f5d9e481bb3b
D1_SLEEPEDF_TO_ISRUC,42,C5,COMPLETE_TARGET,4,0,6268,810b461276312b2488d738c31fd62aa3516d50cddbfa3e4856d9f5d9e481bb3b
D1_SLEEPEDF_TO_ISRUC,42,C5,COMPLETE_TARGET,4,1,1369,810b461276312b2488d738c31fd62aa3516d50cddbfa3e4856d9f5d9e481bb3b
D1_SLEEPEDF_TO_ISRUC,42,C5,COMPLETE_TARGET,4,2,2060,810b461276312b2488d738c31fd62aa3516d50cddbfa3e4856d9f5d9e481bb3b
D1_SLEEPEDF_TO_ISRUC,42,C5,COMPLETE_TARGET,4,3,1,810b461276312b2488d738c31fd62aa3516d50cddbfa3e4856d9f5d9e481bb3b
D1_SLEEPEDF_TO_ISRUC,42,C5,COMPLETE_TARGET,4,4,2222,810b461276312b2488d738c31fd62aa3516d50cddbfa3e4856d9f5d9e481bb3b
D1_SLEEPEDF_TO_ISRUC,2026,C0,SOURCE_TEST,0,0,39929,1ba39114560688fddd64f1537f598330f017c9631086329fd185f23f20006d15
D1_SLEEPEDF_TO_ISRUC,2026,C0,SOURCE_TEST,0,1,411,1ba39114560688fddd64f1537f598330f017c9631086329fd185f23f20006d15
D1_SLEEPEDF_TO_ISRUC,2026,C0,SOURCE_TEST,0,2,44,1ba39114560688fddd64f1537f598330f017c9631086329fd185f23f20006d15
D1_SLEEPEDF_TO_ISRUC,2026,C0,SOURCE_TEST,0,3,28,1ba39114560688fddd64f1537f598330f017c9631086329fd185f23f20006d15
D1_SLEEPEDF_TO_ISRUC,2026,C0,SOURCE_TEST,0,4,156,1ba39114560688fddd64f1537f598330f017c9631086329fd185f23f20006d15
D1_SLEEPEDF_TO_ISRUC,2026,C0,SOURCE_TEST,1,0,378,1ba39114560688fddd64f1537f598330f017c9631086329fd185f23f20006d15
D1_SLEEPEDF_TO_ISRUC,2026,C0,SOURCE_TEST,1,1,1008,1ba39114560688fddd64f1537f598330f017c9631086329fd185f23f20006d15
D1_SLEEPEDF_TO_ISRUC,2026,C0,SOURCE_TEST,1,2,587,1ba39114560688fddd64f1537f598330f017c9631086329fd185f23f20006d15
D1_SLEEPEDF_TO_ISRUC,2026,C0,SOURCE_TEST,1,3,11,1ba39114560688fddd64f1537f598330f017c9631086329fd185f23f20006d15
D1_SLEEPEDF_TO_ISRUC,2026,C0,SOURCE_TEST,1,4,382,1ba39114560688fddd64f1537f598330f017c9631086329fd185f23f20006d15
D1_SLEEPEDF_TO_ISRUC,2026,C0,SOURCE_TEST,2,0,153,1ba39114560688fddd64f1537f598330f017c9631086329fd185f23f20006d15
D1_SLEEPEDF_TO_ISRUC,2026,C0,SOURCE_TEST,2,1,820,1ba39114560688fddd64f1537f598330f017c9631086329fd185f23f20006d15
D1_SLEEPEDF_TO_ISRUC,2026,C0,SOURCE_TEST,2,2,8024,1ba39114560688fddd64f1537f598330f017c9631086329fd185f23f20006d15
D1_SLEEPEDF_TO_ISRUC,2026,C0,SOURCE_TEST,2,3,287,1ba39114560688fddd64f1537f598330f017c9631086329fd185f23f20006d15
D1_SLEEPEDF_TO_ISRUC,2026,C0,SOURCE_TEST,2,4,352,1ba39114560688fddd64f1537f598330f017c9631086329fd185f23f20006d15
D1_SLEEPEDF_TO_ISRUC,2026,C0,SOURCE_TEST,3,0,16,1ba39114560688fddd64f1537f598330f017c9631086329fd185f23f20006d15
D1_SLEEPEDF_TO_ISRUC,2026,C0,SOURCE_TEST,3,1,2,1ba39114560688fddd64f1537f598330f017c9631086329fd185f23f20006d15
D1_SLEEPEDF_TO_ISRUC,2026,C0,SOURCE_TEST,3,2,567,1ba39114560688fddd64f1537f598330f017c9631086329fd185f23f20006d15
D1_SLEEPEDF_TO_ISRUC,2026,C0,SOURCE_TEST,3,3,1172,1ba39114560688fddd64f1537f598330f017c9631086329fd185f23f20006d15
D1_SLEEPEDF_TO_ISRUC,2026,C0,SOURCE_TEST,3,4,1,1ba39114560688fddd64f1537f598330f017c9631086329fd185f23f20006d15
D1_SLEEPEDF_TO_ISRUC,2026,C0,SOURCE_TEST,4,0,112,1ba39114560688fddd64f1537f598330f017c9631086329fd185f23f20006d15
D1_SLEEPEDF_TO_ISRUC,2026,C0,SOURCE_TEST,4,1,240,1ba39114560688fddd64f1537f598330f017c9631086329fd185f23f20006d15
D1_SLEEPEDF_TO_ISRUC,2026,C0,SOURCE_TEST,4,2,398,1ba39114560688fddd64f1537f598330f017c9631086329fd185f23f20006d15
D1_SLEEPEDF_TO_ISRUC,2026,C0,SOURCE_TEST,4,3,3,1ba39114560688fddd64f1537f598330f017c9631086329fd185f23f20006d15
D1_SLEEPEDF_TO_ISRUC,2026,C0,SOURCE_TEST,4,4,2535,1ba39114560688fddd64f1537f598330f017c9631086329fd185f23f20006d15
D1_SLEEPEDF_TO_ISRUC,2026,C1,SOURCE_TEST,0,0,39995,cf8412bc700e2196a56f6097f66fd319075456c95a22903201041121f892256c
D1_SLEEPEDF_TO_ISRUC,2026,C1,SOURCE_TEST,0,1,291,cf8412bc700e2196a56f6097f66fd319075456c95a22903201041121f892256c
D1_SLEEPEDF_TO_ISRUC,2026,C1,SOURCE_TEST,0,2,69,cf8412bc700e2196a56f6097f66fd319075456c95a22903201041121f892256c
D1_SLEEPEDF_TO_ISRUC,2026,C1,SOURCE_TEST,0,3,46,cf8412bc700e2196a56f6097f66fd319075456c95a22903201041121f892256c
D1_SLEEPEDF_TO_ISRUC,2026,C1,SOURCE_TEST,0,4,167,cf8412bc700e2196a56f6097f66fd319075456c95a22903201041121f892256c
D1_SLEEPEDF_TO_ISRUC,2026,C1,SOURCE_TEST,1,0,662,cf8412bc700e2196a56f6097f66fd319075456c95a22903201041121f892256c
D1_SLEEPEDF_TO_ISRUC,2026,C1,SOURCE_TEST,1,1,583,cf8412bc700e2196a56f6097f66fd319075456c95a22903201041121f892256c
D1_SLEEPEDF_TO_ISRUC,2026,C1,SOURCE_TEST,1,2,720,cf8412bc700e2196a56f6097f66fd319075456c95a22903201041121f892256c
D1_SLEEPEDF_TO_ISRUC,2026,C1,SOURCE_TEST,1,3,18,cf8412bc700e2196a56f6097f66fd319075456c95a22903201041121f892256c
D1_SLEEPEDF_TO_ISRUC,2026,C1,SOURCE_TEST,1,4,383,cf8412bc700e2196a56f6097f66fd319075456c95a22903201041121f892256c
D1_SLEEPEDF_TO_ISRUC,2026,C1,SOURCE_TEST,2,0,302,cf8412bc700e2196a56f6097f66fd319075456c95a22903201041121f892256c
D1_SLEEPEDF_TO_ISRUC,2026,C1,SOURCE_TEST,2,1,553,cf8412bc700e2196a56f6097f66fd319075456c95a22903201041121f892256c
D1_SLEEPEDF_TO_ISRUC,2026,C1,SOURCE_TEST,2,2,7967,cf8412bc700e2196a56f6097f66fd319075456c95a22903201041121f892256c
D1_SLEEPEDF_TO_ISRUC,2026,C1,SOURCE_TEST,2,3,385,cf8412bc700e2196a56f6097f66fd319075456c95a22903201041121f892256c
D1_SLEEPEDF_TO_ISRUC,2026,C1,SOURCE_TEST,2,4,429,cf8412bc700e2196a56f6097f66fd319075456c95a22903201041121f892256c
D1_SLEEPEDF_TO_ISRUC,2026,C1,SOURCE_TEST,3,0,7,cf8412bc700e2196a56f6097f66fd319075456c95a22903201041121f892256c
D1_SLEEPEDF_TO_ISRUC,2026,C1,SOURCE_TEST,3,1,21,cf8412bc700e2196a56f6097f66fd319075456c95a22903201041121f892256c
D1_SLEEPEDF_TO_ISRUC,2026,C1,SOURCE_TEST,3,2,564,cf8412bc700e2196a56f6097f66fd319075456c95a22903201041121f892256c
D1_SLEEPEDF_TO_ISRUC,2026,C1,SOURCE_TEST,3,3,1166,cf8412bc700e2196a56f6097f66fd319075456c95a22903201041121f892256c
D1_SLEEPEDF_TO_ISRUC,2026,C1,SOURCE_TEST,3,4,0,cf8412bc700e2196a56f6097f66fd319075456c95a22903201041121f892256c
D1_SLEEPEDF_TO_ISRUC,2026,C1,SOURCE_TEST,4,0,450,cf8412bc700e2196a56f6097f66fd319075456c95a22903201041121f892256c
D1_SLEEPEDF_TO_ISRUC,2026,C1,SOURCE_TEST,4,1,352,cf8412bc700e2196a56f6097f66fd319075456c95a22903201041121f892256c
D1_SLEEPEDF_TO_ISRUC,2026,C1,SOURCE_TEST,4,2,740,cf8412bc700e2196a56f6097f66fd319075456c95a22903201041121f892256c
D1_SLEEPEDF_TO_ISRUC,2026,C1,SOURCE_TEST,4,3,8,cf8412bc700e2196a56f6097f66fd319075456c95a22903201041121f892256c
D1_SLEEPEDF_TO_ISRUC,2026,C1,SOURCE_TEST,4,4,1738,cf8412bc700e2196a56f6097f66fd319075456c95a22903201041121f892256c
D1_SLEEPEDF_TO_ISRUC,2026,C2,SOURCE_TEST,0,0,29675,5a95a2bedb40bf32bcb770f74c3b41772f08e3208a024d9503ed3ea891d47397
D1_SLEEPEDF_TO_ISRUC,2026,C2,SOURCE_TEST,0,1,1019,5a95a2bedb40bf32bcb770f74c3b41772f08e3208a024d9503ed3ea891d47397
D1_SLEEPEDF_TO_ISRUC,2026,C2,SOURCE_TEST,0,2,1195,5a95a2bedb40bf32bcb770f74c3b41772f08e3208a024d9503ed3ea891d47397
D1_SLEEPEDF_TO_ISRUC,2026,C2,SOURCE_TEST,0,3,0,5a95a2bedb40bf32bcb770f74c3b41772f08e3208a024d9503ed3ea891d47397
D1_SLEEPEDF_TO_ISRUC,2026,C2,SOURCE_TEST,0,4,8679,5a95a2bedb40bf32bcb770f74c3b41772f08e3208a024d9503ed3ea891d47397
D1_SLEEPEDF_TO_ISRUC,2026,C2,SOURCE_TEST,1,0,121,5a95a2bedb40bf32bcb770f74c3b41772f08e3208a024d9503ed3ea891d47397
D1_SLEEPEDF_TO_ISRUC,2026,C2,SOURCE_TEST,1,1,1197,5a95a2bedb40bf32bcb770f74c3b41772f08e3208a024d9503ed3ea891d47397
D1_SLEEPEDF_TO_ISRUC,2026,C2,SOURCE_TEST,1,2,471,5a95a2bedb40bf32bcb770f74c3b41772f08e3208a024d9503ed3ea891d47397
D1_SLEEPEDF_TO_ISRUC,2026,C2,SOURCE_TEST,1,3,0,5a95a2bedb40bf32bcb770f74c3b41772f08e3208a024d9503ed3ea891d47397
D1_SLEEPEDF_TO_ISRUC,2026,C2,SOURCE_TEST,1,4,577,5a95a2bedb40bf32bcb770f74c3b41772f08e3208a024d9503ed3ea891d47397
D1_SLEEPEDF_TO_ISRUC,2026,C2,SOURCE_TEST,2,0,578,5a95a2bedb40bf32bcb770f74c3b41772f08e3208a024d9503ed3ea891d47397
D1_SLEEPEDF_TO_ISRUC,2026,C2,SOURCE_TEST,2,1,2377,5a95a2bedb40bf32bcb770f74c3b41772f08e3208a024d9503ed3ea891d47397
D1_SLEEPEDF_TO_ISRUC,2026,C2,SOURCE_TEST,2,2,5933,5a95a2bedb40bf32bcb770f74c3b41772f08e3208a024d9503ed3ea891d47397
D1_SLEEPEDF_TO_ISRUC,2026,C2,SOURCE_TEST,2,3,1,5a95a2bedb40bf32bcb770f74c3b41772f08e3208a024d9503ed3ea891d47397
D1_SLEEPEDF_TO_ISRUC,2026,C2,SOURCE_TEST,2,4,747,5a95a2bedb40bf32bcb770f74c3b41772f08e3208a024d9503ed3ea891d47397
D1_SLEEPEDF_TO_ISRUC,2026,C2,SOURCE_TEST,3,0,528,5a95a2bedb40bf32bcb770f74c3b41772f08e3208a024d9503ed3ea891d47397
D1_SLEEPEDF_TO_ISRUC,2026,C2,SOURCE_TEST,3,1,38,5a95a2bedb40bf32bcb770f74c3b41772f08e3208a024d9503ed3ea891d47397
D1_SLEEPEDF_TO_ISRUC,2026,C2,SOURCE_TEST,3,2,1114,5a95a2bedb40bf32bcb770f74c3b41772f08e3208a024d9503ed3ea891d47397
D1_SLEEPEDF_TO_ISRUC,2026,C2,SOURCE_TEST,3,3,32,5a95a2bedb40bf32bcb770f74c3b41772f08e3208a024d9503ed3ea891d47397
D1_SLEEPEDF_TO_ISRUC,2026,C2,SOURCE_TEST,3,4,46,5a95a2bedb40bf32bcb770f74c3b41772f08e3208a024d9503ed3ea891d47397
D1_SLEEPEDF_TO_ISRUC,2026,C2,SOURCE_TEST,4,0,54,5a95a2bedb40bf32bcb770f74c3b41772f08e3208a024d9503ed3ea891d47397
D1_SLEEPEDF_TO_ISRUC,2026,C2,SOURCE_TEST,4,1,401,5a95a2bedb40bf32bcb770f74c3b41772f08e3208a024d9503ed3ea891d47397
D1_SLEEPEDF_TO_ISRUC,2026,C2,SOURCE_TEST,4,2,500,5a95a2bedb40bf32bcb770f74c3b41772f08e3208a024d9503ed3ea891d47397
D1_SLEEPEDF_TO_ISRUC,2026,C2,SOURCE_TEST,4,3,0,5a95a2bedb40bf32bcb770f74c3b41772f08e3208a024d9503ed3ea891d47397
D1_SLEEPEDF_TO_ISRUC,2026,C2,SOURCE_TEST,4,4,2333,5a95a2bedb40bf32bcb770f74c3b41772f08e3208a024d9503ed3ea891d47397
D1_SLEEPEDF_TO_ISRUC,2026,C3,COMPLETE_TARGET,0,0,18385,c22438ddab9e58f1a6e454fb38350647c1cb111f1cb59f9eb3c4f19312c34fc6
D1_SLEEPEDF_TO_ISRUC,2026,C3,COMPLETE_TARGET,0,1,879,c22438ddab9e58f1a6e454fb38350647c1cb111f1cb59f9eb3c4f19312c34fc6
D1_SLEEPEDF_TO_ISRUC,2026,C3,COMPLETE_TARGET,0,2,398,c22438ddab9e58f1a6e454fb38350647c1cb111f1cb59f9eb3c4f19312c34fc6
D1_SLEEPEDF_TO_ISRUC,2026,C3,COMPLETE_TARGET,0,3,4,c22438ddab9e58f1a6e454fb38350647c1cb111f1cb59f9eb3c4f19312c34fc6
D1_SLEEPEDF_TO_ISRUC,2026,C3,COMPLETE_TARGET,0,4,759,c22438ddab9e58f1a6e454fb38350647c1cb111f1cb59f9eb3c4f19312c34fc6
D1_SLEEPEDF_TO_ISRUC,2026,C3,COMPLETE_TARGET,1,0,3672,c22438ddab9e58f1a6e454fb38350647c1cb111f1cb59f9eb3c4f19312c34fc6
D1_SLEEPEDF_TO_ISRUC,2026,C3,COMPLETE_TARGET,1,1,3300,c22438ddab9e58f1a6e454fb38350647c1cb111f1cb59f9eb3c4f19312c34fc6
D1_SLEEPEDF_TO_ISRUC,2026,C3,COMPLETE_TARGET,1,2,3176,c22438ddab9e58f1a6e454fb38350647c1cb111f1cb59f9eb3c4f19312c34fc6
D1_SLEEPEDF_TO_ISRUC,2026,C3,COMPLETE_TARGET,1,3,7,c22438ddab9e58f1a6e454fb38350647c1cb111f1cb59f9eb3c4f19312c34fc6
D1_SLEEPEDF_TO_ISRUC,2026,C3,COMPLETE_TARGET,1,4,1335,c22438ddab9e58f1a6e454fb38350647c1cb111f1cb59f9eb3c4f19312c34fc6
D1_SLEEPEDF_TO_ISRUC,2026,C3,COMPLETE_TARGET,2,0,2128,c22438ddab9e58f1a6e454fb38350647c1cb111f1cb59f9eb3c4f19312c34fc6
D1_SLEEPEDF_TO_ISRUC,2026,C3,COMPLETE_TARGET,2,1,2724,c22438ddab9e58f1a6e454fb38350647c1cb111f1cb59f9eb3c4f19312c34fc6
D1_SLEEPEDF_TO_ISRUC,2026,C3,COMPLETE_TARGET,2,2,21842,c22438ddab9e58f1a6e454fb38350647c1cb111f1cb59f9eb3c4f19312c34fc6
D1_SLEEPEDF_TO_ISRUC,2026,C3,COMPLETE_TARGET,2,3,77,c22438ddab9e58f1a6e454fb38350647c1cb111f1cb59f9eb3c4f19312c34fc6
D1_SLEEPEDF_TO_ISRUC,2026,C3,COMPLETE_TARGET,2,4,1424,c22438ddab9e58f1a6e454fb38350647c1cb111f1cb59f9eb3c4f19312c34fc6
D1_SLEEPEDF_TO_ISRUC,2026,C3,COMPLETE_TARGET,3,0,451,c22438ddab9e58f1a6e454fb38350647c1cb111f1cb59f9eb3c4f19312c34fc6
D1_SLEEPEDF_TO_ISRUC,2026,C3,COMPLETE_TARGET,3,1,622,c22438ddab9e58f1a6e454fb38350647c1cb111f1cb59f9eb3c4f19312c34fc6
D1_SLEEPEDF_TO_ISRUC,2026,C3,COMPLETE_TARGET,3,2,9948,c22438ddab9e58f1a6e454fb38350647c1cb111f1cb59f9eb3c4f19312c34fc6
D1_SLEEPEDF_TO_ISRUC,2026,C3,COMPLETE_TARGET,3,3,6188,c22438ddab9e58f1a6e454fb38350647c1cb111f1cb59f9eb3c4f19312c34fc6
D1_SLEEPEDF_TO_ISRUC,2026,C3,COMPLETE_TARGET,3,4,73,c22438ddab9e58f1a6e454fb38350647c1cb111f1cb59f9eb3c4f19312c34fc6
D1_SLEEPEDF_TO_ISRUC,2026,C3,COMPLETE_TARGET,4,0,1645,c22438ddab9e58f1a6e454fb38350647c1cb111f1cb59f9eb3c4f19312c34fc6
D1_SLEEPEDF_TO_ISRUC,2026,C3,COMPLETE_TARGET,4,1,1427,c22438ddab9e58f1a6e454fb38350647c1cb111f1cb59f9eb3c4f19312c34fc6
D1_SLEEPEDF_TO_ISRUC,2026,C3,COMPLETE_TARGET,4,2,1501,c22438ddab9e58f1a6e454fb38350647c1cb111f1cb59f9eb3c4f19312c34fc6
D1_SLEEPEDF_TO_ISRUC,2026,C3,COMPLETE_TARGET,4,3,0,c22438ddab9e58f1a6e454fb38350647c1cb111f1cb59f9eb3c4f19312c34fc6
D1_SLEEPEDF_TO_ISRUC,2026,C3,COMPLETE_TARGET,4,4,7347,c22438ddab9e58f1a6e454fb38350647c1cb111f1cb59f9eb3c4f19312c34fc6
D1_SLEEPEDF_TO_ISRUC,2026,C4,COMPLETE_TARGET,0,0,17981,eb0a1246cd1949a0754e51feba96b2c8774476ca146cc02c9e1e038fa3846de1
D1_SLEEPEDF_TO_ISRUC,2026,C4,COMPLETE_TARGET,0,1,634,eb0a1246cd1949a0754e51feba96b2c8774476ca146cc02c9e1e038fa3846de1
D1_SLEEPEDF_TO_ISRUC,2026,C4,COMPLETE_TARGET,0,2,537,eb0a1246cd1949a0754e51feba96b2c8774476ca146cc02c9e1e038fa3846de1
D1_SLEEPEDF_TO_ISRUC,2026,C4,COMPLETE_TARGET,0,3,15,eb0a1246cd1949a0754e51feba96b2c8774476ca146cc02c9e1e038fa3846de1
D1_SLEEPEDF_TO_ISRUC,2026,C4,COMPLETE_TARGET,0,4,1258,eb0a1246cd1949a0754e51feba96b2c8774476ca146cc02c9e1e038fa3846de1
D1_SLEEPEDF_TO_ISRUC,2026,C4,COMPLETE_TARGET,1,0,2446,eb0a1246cd1949a0754e51feba96b2c8774476ca146cc02c9e1e038fa3846de1
D1_SLEEPEDF_TO_ISRUC,2026,C4,COMPLETE_TARGET,1,1,757,eb0a1246cd1949a0754e51feba96b2c8774476ca146cc02c9e1e038fa3846de1
D1_SLEEPEDF_TO_ISRUC,2026,C4,COMPLETE_TARGET,1,2,2763,eb0a1246cd1949a0754e51feba96b2c8774476ca146cc02c9e1e038fa3846de1
D1_SLEEPEDF_TO_ISRUC,2026,C4,COMPLETE_TARGET,1,3,10,eb0a1246cd1949a0754e51feba96b2c8774476ca146cc02c9e1e038fa3846de1
D1_SLEEPEDF_TO_ISRUC,2026,C4,COMPLETE_TARGET,1,4,5514,eb0a1246cd1949a0754e51feba96b2c8774476ca146cc02c9e1e038fa3846de1
D1_SLEEPEDF_TO_ISRUC,2026,C4,COMPLETE_TARGET,2,0,978,eb0a1246cd1949a0754e51feba96b2c8774476ca146cc02c9e1e038fa3846de1
D1_SLEEPEDF_TO_ISRUC,2026,C4,COMPLETE_TARGET,2,1,831,eb0a1246cd1949a0754e51feba96b2c8774476ca146cc02c9e1e038fa3846de1
D1_SLEEPEDF_TO_ISRUC,2026,C4,COMPLETE_TARGET,2,2,20802,eb0a1246cd1949a0754e51feba96b2c8774476ca146cc02c9e1e038fa3846de1
D1_SLEEPEDF_TO_ISRUC,2026,C4,COMPLETE_TARGET,2,3,66,eb0a1246cd1949a0754e51feba96b2c8774476ca146cc02c9e1e038fa3846de1
D1_SLEEPEDF_TO_ISRUC,2026,C4,COMPLETE_TARGET,2,4,5518,eb0a1246cd1949a0754e51feba96b2c8774476ca146cc02c9e1e038fa3846de1
D1_SLEEPEDF_TO_ISRUC,2026,C4,COMPLETE_TARGET,3,0,223,eb0a1246cd1949a0754e51feba96b2c8774476ca146cc02c9e1e038fa3846de1
D1_SLEEPEDF_TO_ISRUC,2026,C4,COMPLETE_TARGET,3,1,415,eb0a1246cd1949a0754e51feba96b2c8774476ca146cc02c9e1e038fa3846de1
D1_SLEEPEDF_TO_ISRUC,2026,C4,COMPLETE_TARGET,3,2,11296,eb0a1246cd1949a0754e51feba96b2c8774476ca146cc02c9e1e038fa3846de1
D1_SLEEPEDF_TO_ISRUC,2026,C4,COMPLETE_TARGET,3,3,4921,eb0a1246cd1949a0754e51feba96b2c8774476ca146cc02c9e1e038fa3846de1
D1_SLEEPEDF_TO_ISRUC,2026,C4,COMPLETE_TARGET,3,4,427,eb0a1246cd1949a0754e51feba96b2c8774476ca146cc02c9e1e038fa3846de1
D1_SLEEPEDF_TO_ISRUC,2026,C4,COMPLETE_TARGET,4,0,1845,eb0a1246cd1949a0754e51feba96b2c8774476ca146cc02c9e1e038fa3846de1
D1_SLEEPEDF_TO_ISRUC,2026,C4,COMPLETE_TARGET,4,1,350,eb0a1246cd1949a0754e51feba96b2c8774476ca146cc02c9e1e038fa3846de1
D1_SLEEPEDF_TO_ISRUC,2026,C4,COMPLETE_TARGET,4,2,1407,eb0a1246cd1949a0754e51feba96b2c8774476ca146cc02c9e1e038fa3846de1
D1_SLEEPEDF_TO_ISRUC,2026,C4,COMPLETE_TARGET,4,3,7,eb0a1246cd1949a0754e51feba96b2c8774476ca146cc02c9e1e038fa3846de1
D1_SLEEPEDF_TO_ISRUC,2026,C4,COMPLETE_TARGET,4,4,8311,eb0a1246cd1949a0754e51feba96b2c8774476ca146cc02c9e1e038fa3846de1
D1_SLEEPEDF_TO_ISRUC,2026,C5,COMPLETE_TARGET,0,0,13763,d0fc3b3dd5abbcc4ba0c836773e539b29ae9f94046b1b67e16ec633c4bbf2639
D1_SLEEPEDF_TO_ISRUC,2026,C5,COMPLETE_TARGET,0,1,2652,d0fc3b3dd5abbcc4ba0c836773e539b29ae9f94046b1b67e16ec633c4bbf2639
D1_SLEEPEDF_TO_ISRUC,2026,C5,COMPLETE_TARGET,0,2,1782,d0fc3b3dd5abbcc4ba0c836773e539b29ae9f94046b1b67e16ec633c4bbf2639
D1_SLEEPEDF_TO_ISRUC,2026,C5,COMPLETE_TARGET,0,3,0,d0fc3b3dd5abbcc4ba0c836773e539b29ae9f94046b1b67e16ec633c4bbf2639
D1_SLEEPEDF_TO_ISRUC,2026,C5,COMPLETE_TARGET,0,4,2228,d0fc3b3dd5abbcc4ba0c836773e539b29ae9f94046b1b67e16ec633c4bbf2639
D1_SLEEPEDF_TO_ISRUC,2026,C5,COMPLETE_TARGET,1,0,5266,d0fc3b3dd5abbcc4ba0c836773e539b29ae9f94046b1b67e16ec633c4bbf2639
D1_SLEEPEDF_TO_ISRUC,2026,C5,COMPLETE_TARGET,1,1,2766,d0fc3b3dd5abbcc4ba0c836773e539b29ae9f94046b1b67e16ec633c4bbf2639
D1_SLEEPEDF_TO_ISRUC,2026,C5,COMPLETE_TARGET,1,2,3120,d0fc3b3dd5abbcc4ba0c836773e539b29ae9f94046b1b67e16ec633c4bbf2639
D1_SLEEPEDF_TO_ISRUC,2026,C5,COMPLETE_TARGET,1,3,0,d0fc3b3dd5abbcc4ba0c836773e539b29ae9f94046b1b67e16ec633c4bbf2639
D1_SLEEPEDF_TO_ISRUC,2026,C5,COMPLETE_TARGET,1,4,338,d0fc3b3dd5abbcc4ba0c836773e539b29ae9f94046b1b67e16ec633c4bbf2639
D1_SLEEPEDF_TO_ISRUC,2026,C5,COMPLETE_TARGET,2,0,10894,d0fc3b3dd5abbcc4ba0c836773e539b29ae9f94046b1b67e16ec633c4bbf2639
D1_SLEEPEDF_TO_ISRUC,2026,C5,COMPLETE_TARGET,2,1,3870,d0fc3b3dd5abbcc4ba0c836773e539b29ae9f94046b1b67e16ec633c4bbf2639
D1_SLEEPEDF_TO_ISRUC,2026,C5,COMPLETE_TARGET,2,2,12843,d0fc3b3dd5abbcc4ba0c836773e539b29ae9f94046b1b67e16ec633c4bbf2639
D1_SLEEPEDF_TO_ISRUC,2026,C5,COMPLETE_TARGET,2,3,7,d0fc3b3dd5abbcc4ba0c836773e539b29ae9f94046b1b67e16ec633c4bbf2639
D1_SLEEPEDF_TO_ISRUC,2026,C5,COMPLETE_TARGET,2,4,581,d0fc3b3dd5abbcc4ba0c836773e539b29ae9f94046b1b67e16ec633c4bbf2639
D1_SLEEPEDF_TO_ISRUC,2026,C5,COMPLETE_TARGET,3,0,7927,d0fc3b3dd5abbcc4ba0c836773e539b29ae9f94046b1b67e16ec633c4bbf2639
D1_SLEEPEDF_TO_ISRUC,2026,C5,COMPLETE_TARGET,3,1,1733,d0fc3b3dd5abbcc4ba0c836773e539b29ae9f94046b1b67e16ec633c4bbf2639
D1_SLEEPEDF_TO_ISRUC,2026,C5,COMPLETE_TARGET,3,2,6497,d0fc3b3dd5abbcc4ba0c836773e539b29ae9f94046b1b67e16ec633c4bbf2639
D1_SLEEPEDF_TO_ISRUC,2026,C5,COMPLETE_TARGET,3,3,973,d0fc3b3dd5abbcc4ba0c836773e539b29ae9f94046b1b67e16ec633c4bbf2639
D1_SLEEPEDF_TO_ISRUC,2026,C5,COMPLETE_TARGET,3,4,152,d0fc3b3dd5abbcc4ba0c836773e539b29ae9f94046b1b67e16ec633c4bbf2639
D1_SLEEPEDF_TO_ISRUC,2026,C5,COMPLETE_TARGET,4,0,3926,d0fc3b3dd5abbcc4ba0c836773e539b29ae9f94046b1b67e16ec633c4bbf2639
D1_SLEEPEDF_TO_ISRUC,2026,C5,COMPLETE_TARGET,4,1,1534,d0fc3b3dd5abbcc4ba0c836773e539b29ae9f94046b1b67e16ec633c4bbf2639
D1_SLEEPEDF_TO_ISRUC,2026,C5,COMPLETE_TARGET,4,2,2307,d0fc3b3dd5abbcc4ba0c836773e539b29ae9f94046b1b67e16ec633c4bbf2639
D1_SLEEPEDF_TO_ISRUC,2026,C5,COMPLETE_TARGET,4,3,0,d0fc3b3dd5abbcc4ba0c836773e539b29ae9f94046b1b67e16ec633c4bbf2639
D1_SLEEPEDF_TO_ISRUC,2026,C5,COMPLETE_TARGET,4,4,4153,d0fc3b3dd5abbcc4ba0c836773e539b29ae9f94046b1b67e16ec633c4bbf2639
D2_ISRUC_TO_SLEEPEDF,17,C0,SOURCE_TEST,0,0,3032,f40eb43823bc95d87f6d80e54051f2b1eeb34068f808ef02281e7a73a2568dd7
D2_ISRUC_TO_SLEEPEDF,17,C0,SOURCE_TEST,0,1,432,f40eb43823bc95d87f6d80e54051f2b1eeb34068f808ef02281e7a73a2568dd7
D2_ISRUC_TO_SLEEPEDF,17,C0,SOURCE_TEST,0,2,128,f40eb43823bc95d87f6d80e54051f2b1eeb34068f808ef02281e7a73a2568dd7
D2_ISRUC_TO_SLEEPEDF,17,C0,SOURCE_TEST,0,3,19,f40eb43823bc95d87f6d80e54051f2b1eeb34068f808ef02281e7a73a2568dd7
D2_ISRUC_TO_SLEEPEDF,17,C0,SOURCE_TEST,0,4,28,f40eb43823bc95d87f6d80e54051f2b1eeb34068f808ef02281e7a73a2568dd7
D2_ISRUC_TO_SLEEPEDF,17,C0,SOURCE_TEST,1,0,145,f40eb43823bc95d87f6d80e54051f2b1eeb34068f808ef02281e7a73a2568dd7
D2_ISRUC_TO_SLEEPEDF,17,C0,SOURCE_TEST,1,1,918,f40eb43823bc95d87f6d80e54051f2b1eeb34068f808ef02281e7a73a2568dd7
D2_ISRUC_TO_SLEEPEDF,17,C0,SOURCE_TEST,1,2,529,f40eb43823bc95d87f6d80e54051f2b1eeb34068f808ef02281e7a73a2568dd7
D2_ISRUC_TO_SLEEPEDF,17,C0,SOURCE_TEST,1,3,17,f40eb43823bc95d87f6d80e54051f2b1eeb34068f808ef02281e7a73a2568dd7
D2_ISRUC_TO_SLEEPEDF,17,C0,SOURCE_TEST,1,4,61,f40eb43823bc95d87f6d80e54051f2b1eeb34068f808ef02281e7a73a2568dd7
D2_ISRUC_TO_SLEEPEDF,17,C0,SOURCE_TEST,2,0,24,f40eb43823bc95d87f6d80e54051f2b1eeb34068f808ef02281e7a73a2568dd7
D2_ISRUC_TO_SLEEPEDF,17,C0,SOURCE_TEST,2,1,338,f40eb43823bc95d87f6d80e54051f2b1eeb34068f808ef02281e7a73a2568dd7
D2_ISRUC_TO_SLEEPEDF,17,C0,SOURCE_TEST,2,2,2989,f40eb43823bc95d87f6d80e54051f2b1eeb34068f808ef02281e7a73a2568dd7
D2_ISRUC_TO_SLEEPEDF,17,C0,SOURCE_TEST,2,3,423,f40eb43823bc95d87f6d80e54051f2b1eeb34068f808ef02281e7a73a2568dd7
D2_ISRUC_TO_SLEEPEDF,17,C0,SOURCE_TEST,2,4,85,f40eb43823bc95d87f6d80e54051f2b1eeb34068f808ef02281e7a73a2568dd7
D2_ISRUC_TO_SLEEPEDF,17,C0,SOURCE_TEST,3,0,1,f40eb43823bc95d87f6d80e54051f2b1eeb34068f808ef02281e7a73a2568dd7
D2_ISRUC_TO_SLEEPEDF,17,C0,SOURCE_TEST,3,1,0,f40eb43823bc95d87f6d80e54051f2b1eeb34068f808ef02281e7a73a2568dd7
D2_ISRUC_TO_SLEEPEDF,17,C0,SOURCE_TEST,3,2,362,f40eb43823bc95d87f6d80e54051f2b1eeb34068f808ef02281e7a73a2568dd7
D2_ISRUC_TO_SLEEPEDF,17,C0,SOURCE_TEST,3,3,2337,f40eb43823bc95d87f6d80e54051f2b1eeb34068f808ef02281e7a73a2568dd7
D2_ISRUC_TO_SLEEPEDF,17,C0,SOURCE_TEST,3,4,1,f40eb43823bc95d87f6d80e54051f2b1eeb34068f808ef02281e7a73a2568dd7
D2_ISRUC_TO_SLEEPEDF,17,C0,SOURCE_TEST,4,0,55,f40eb43823bc95d87f6d80e54051f2b1eeb34068f808ef02281e7a73a2568dd7
D2_ISRUC_TO_SLEEPEDF,17,C0,SOURCE_TEST,4,1,288,f40eb43823bc95d87f6d80e54051f2b1eeb34068f808ef02281e7a73a2568dd7
D2_ISRUC_TO_SLEEPEDF,17,C0,SOURCE_TEST,4,2,313,f40eb43823bc95d87f6d80e54051f2b1eeb34068f808ef02281e7a73a2568dd7
D2_ISRUC_TO_SLEEPEDF,17,C0,SOURCE_TEST,4,3,7,f40eb43823bc95d87f6d80e54051f2b1eeb34068f808ef02281e7a73a2568dd7
D2_ISRUC_TO_SLEEPEDF,17,C0,SOURCE_TEST,4,4,1059,f40eb43823bc95d87f6d80e54051f2b1eeb34068f808ef02281e7a73a2568dd7
D2_ISRUC_TO_SLEEPEDF,17,C1,SOURCE_TEST,0,0,2803,bd828ba52f569c65e61c28ee49ebf69d7a41445793bdfb04e42d44c8ebeb46e8
D2_ISRUC_TO_SLEEPEDF,17,C1,SOURCE_TEST,0,1,518,bd828ba52f569c65e61c28ee49ebf69d7a41445793bdfb04e42d44c8ebeb46e8
D2_ISRUC_TO_SLEEPEDF,17,C1,SOURCE_TEST,0,2,139,bd828ba52f569c65e61c28ee49ebf69d7a41445793bdfb04e42d44c8ebeb46e8
D2_ISRUC_TO_SLEEPEDF,17,C1,SOURCE_TEST,0,3,2,bd828ba52f569c65e61c28ee49ebf69d7a41445793bdfb04e42d44c8ebeb46e8
D2_ISRUC_TO_SLEEPEDF,17,C1,SOURCE_TEST,0,4,177,bd828ba52f569c65e61c28ee49ebf69d7a41445793bdfb04e42d44c8ebeb46e8
D2_ISRUC_TO_SLEEPEDF,17,C1,SOURCE_TEST,1,0,246,bd828ba52f569c65e61c28ee49ebf69d7a41445793bdfb04e42d44c8ebeb46e8
D2_ISRUC_TO_SLEEPEDF,17,C1,SOURCE_TEST,1,1,669,bd828ba52f569c65e61c28ee49ebf69d7a41445793bdfb04e42d44c8ebeb46e8
D2_ISRUC_TO_SLEEPEDF,17,C1,SOURCE_TEST,1,2,316,bd828ba52f569c65e61c28ee49ebf69d7a41445793bdfb04e42d44c8ebeb46e8
D2_ISRUC_TO_SLEEPEDF,17,C1,SOURCE_TEST,1,3,6,bd828ba52f569c65e61c28ee49ebf69d7a41445793bdfb04e42d44c8ebeb46e8
D2_ISRUC_TO_SLEEPEDF,17,C1,SOURCE_TEST,1,4,433,bd828ba52f569c65e61c28ee49ebf69d7a41445793bdfb04e42d44c8ebeb46e8
D2_ISRUC_TO_SLEEPEDF,17,C1,SOURCE_TEST,2,0,31,bd828ba52f569c65e61c28ee49ebf69d7a41445793bdfb04e42d44c8ebeb46e8
D2_ISRUC_TO_SLEEPEDF,17,C1,SOURCE_TEST,2,1,332,bd828ba52f569c65e61c28ee49ebf69d7a41445793bdfb04e42d44c8ebeb46e8
D2_ISRUC_TO_SLEEPEDF,17,C1,SOURCE_TEST,2,2,2649,bd828ba52f569c65e61c28ee49ebf69d7a41445793bdfb04e42d44c8ebeb46e8
D2_ISRUC_TO_SLEEPEDF,17,C1,SOURCE_TEST,2,3,209,bd828ba52f569c65e61c28ee49ebf69d7a41445793bdfb04e42d44c8ebeb46e8
D2_ISRUC_TO_SLEEPEDF,17,C1,SOURCE_TEST,2,4,638,bd828ba52f569c65e61c28ee49ebf69d7a41445793bdfb04e42d44c8ebeb46e8
D2_ISRUC_TO_SLEEPEDF,17,C1,SOURCE_TEST,3,0,1,bd828ba52f569c65e61c28ee49ebf69d7a41445793bdfb04e42d44c8ebeb46e8
D2_ISRUC_TO_SLEEPEDF,17,C1,SOURCE_TEST,3,1,2,bd828ba52f569c65e61c28ee49ebf69d7a41445793bdfb04e42d44c8ebeb46e8
D2_ISRUC_TO_SLEEPEDF,17,C1,SOURCE_TEST,3,2,606,bd828ba52f569c65e61c28ee49ebf69d7a41445793bdfb04e42d44c8ebeb46e8
D2_ISRUC_TO_SLEEPEDF,17,C1,SOURCE_TEST,3,3,2045,bd828ba52f569c65e61c28ee49ebf69d7a41445793bdfb04e42d44c8ebeb46e8
D2_ISRUC_TO_SLEEPEDF,17,C1,SOURCE_TEST,3,4,47,bd828ba52f569c65e61c28ee49ebf69d7a41445793bdfb04e42d44c8ebeb46e8
D2_ISRUC_TO_SLEEPEDF,17,C1,SOURCE_TEST,4,0,70,bd828ba52f569c65e61c28ee49ebf69d7a41445793bdfb04e42d44c8ebeb46e8
D2_ISRUC_TO_SLEEPEDF,17,C1,SOURCE_TEST,4,1,202,bd828ba52f569c65e61c28ee49ebf69d7a41445793bdfb04e42d44c8ebeb46e8
D2_ISRUC_TO_SLEEPEDF,17,C1,SOURCE_TEST,4,2,278,bd828ba52f569c65e61c28ee49ebf69d7a41445793bdfb04e42d44c8ebeb46e8
D2_ISRUC_TO_SLEEPEDF,17,C1,SOURCE_TEST,4,3,30,bd828ba52f569c65e61c28ee49ebf69d7a41445793bdfb04e42d44c8ebeb46e8
D2_ISRUC_TO_SLEEPEDF,17,C1,SOURCE_TEST,4,4,1142,bd828ba52f569c65e61c28ee49ebf69d7a41445793bdfb04e42d44c8ebeb46e8
D2_ISRUC_TO_SLEEPEDF,17,C2,SOURCE_TEST,0,0,896,1b370e4ee8562b391a739b78ea7e60f337377ed9129dab44de4047fc3c0f951f
D2_ISRUC_TO_SLEEPEDF,17,C2,SOURCE_TEST,0,1,640,1b370e4ee8562b391a739b78ea7e60f337377ed9129dab44de4047fc3c0f951f
D2_ISRUC_TO_SLEEPEDF,17,C2,SOURCE_TEST,0,2,1250,1b370e4ee8562b391a739b78ea7e60f337377ed9129dab44de4047fc3c0f951f
D2_ISRUC_TO_SLEEPEDF,17,C2,SOURCE_TEST,0,3,96,1b370e4ee8562b391a739b78ea7e60f337377ed9129dab44de4047fc3c0f951f
D2_ISRUC_TO_SLEEPEDF,17,C2,SOURCE_TEST,0,4,757,1b370e4ee8562b391a739b78ea7e60f337377ed9129dab44de4047fc3c0f951f
D2_ISRUC_TO_SLEEPEDF,17,C2,SOURCE_TEST,1,0,34,1b370e4ee8562b391a739b78ea7e60f337377ed9129dab44de4047fc3c0f951f
D2_ISRUC_TO_SLEEPEDF,17,C2,SOURCE_TEST,1,1,419,1b370e4ee8562b391a739b78ea7e60f337377ed9129dab44de4047fc3c0f951f
D2_ISRUC_TO_SLEEPEDF,17,C2,SOURCE_TEST,1,2,1022,1b370e4ee8562b391a739b78ea7e60f337377ed9129dab44de4047fc3c0f951f
D2_ISRUC_TO_SLEEPEDF,17,C2,SOURCE_TEST,1,3,72,1b370e4ee8562b391a739b78ea7e60f337377ed9129dab44de4047fc3c0f951f
D2_ISRUC_TO_SLEEPEDF,17,C2,SOURCE_TEST,1,4,123,1b370e4ee8562b391a739b78ea7e60f337377ed9129dab44de4047fc3c0f951f
D2_ISRUC_TO_SLEEPEDF,17,C2,SOURCE_TEST,2,0,259,1b370e4ee8562b391a739b78ea7e60f337377ed9129dab44de4047fc3c0f951f
D2_ISRUC_TO_SLEEPEDF,17,C2,SOURCE_TEST,2,1,191,1b370e4ee8562b391a739b78ea7e60f337377ed9129dab44de4047fc3c0f951f
D2_ISRUC_TO_SLEEPEDF,17,C2,SOURCE_TEST,2,2,2783,1b370e4ee8562b391a739b78ea7e60f337377ed9129dab44de4047fc3c0f951f
D2_ISRUC_TO_SLEEPEDF,17,C2,SOURCE_TEST,2,3,523,1b370e4ee8562b391a739b78ea7e60f337377ed9129dab44de4047fc3c0f951f
D2_ISRUC_TO_SLEEPEDF,17,C2,SOURCE_TEST,2,4,103,1b370e4ee8562b391a739b78ea7e60f337377ed9129dab44de4047fc3c0f951f
D2_ISRUC_TO_SLEEPEDF,17,C2,SOURCE_TEST,3,0,104,1b370e4ee8562b391a739b78ea7e60f337377ed9129dab44de4047fc3c0f951f
D2_ISRUC_TO_SLEEPEDF,17,C2,SOURCE_TEST,3,1,0,1b370e4ee8562b391a739b78ea7e60f337377ed9129dab44de4047fc3c0f951f
D2_ISRUC_TO_SLEEPEDF,17,C2,SOURCE_TEST,3,2,433,1b370e4ee8562b391a739b78ea7e60f337377ed9129dab44de4047fc3c0f951f
D2_ISRUC_TO_SLEEPEDF,17,C2,SOURCE_TEST,3,3,2159,1b370e4ee8562b391a739b78ea7e60f337377ed9129dab44de4047fc3c0f951f
D2_ISRUC_TO_SLEEPEDF,17,C2,SOURCE_TEST,3,4,5,1b370e4ee8562b391a739b78ea7e60f337377ed9129dab44de4047fc3c0f951f
D2_ISRUC_TO_SLEEPEDF,17,C2,SOURCE_TEST,4,0,118,1b370e4ee8562b391a739b78ea7e60f337377ed9129dab44de4047fc3c0f951f
D2_ISRUC_TO_SLEEPEDF,17,C2,SOURCE_TEST,4,1,197,1b370e4ee8562b391a739b78ea7e60f337377ed9129dab44de4047fc3c0f951f
D2_ISRUC_TO_SLEEPEDF,17,C2,SOURCE_TEST,4,2,544,1b370e4ee8562b391a739b78ea7e60f337377ed9129dab44de4047fc3c0f951f
D2_ISRUC_TO_SLEEPEDF,17,C2,SOURCE_TEST,4,3,17,1b370e4ee8562b391a739b78ea7e60f337377ed9129dab44de4047fc3c0f951f
D2_ISRUC_TO_SLEEPEDF,17,C2,SOURCE_TEST,4,4,846,1b370e4ee8562b391a739b78ea7e60f337377ed9129dab44de4047fc3c0f951f
D2_ISRUC_TO_SLEEPEDF,17,C3,COMPLETE_TARGET,0,0,227243,073b275d7092d50421f6422a889d23f5a4f17fada2ae7d7dfb17b020ab8260ee
D2_ISRUC_TO_SLEEPEDF,17,C3,COMPLETE_TARGET,0,1,5905,073b275d7092d50421f6422a889d23f5a4f17fada2ae7d7dfb17b020ab8260ee
D2_ISRUC_TO_SLEEPEDF,17,C3,COMPLETE_TARGET,0,2,18494,073b275d7092d50421f6422a889d23f5a4f17fada2ae7d7dfb17b020ab8260ee
D2_ISRUC_TO_SLEEPEDF,17,C3,COMPLETE_TARGET,0,3,14081,073b275d7092d50421f6422a889d23f5a4f17fada2ae7d7dfb17b020ab8260ee
D2_ISRUC_TO_SLEEPEDF,17,C3,COMPLETE_TARGET,0,4,19710,073b275d7092d50421f6422a889d23f5a4f17fada2ae7d7dfb17b020ab8260ee
D2_ISRUC_TO_SLEEPEDF,17,C3,COMPLETE_TARGET,1,0,3399,073b275d7092d50421f6422a889d23f5a4f17fada2ae7d7dfb17b020ab8260ee
D2_ISRUC_TO_SLEEPEDF,17,C3,COMPLETE_TARGET,1,1,6381,073b275d7092d50421f6422a889d23f5a4f17fada2ae7d7dfb17b020ab8260ee
D2_ISRUC_TO_SLEEPEDF,17,C3,COMPLETE_TARGET,1,2,7840,073b275d7092d50421f6422a889d23f5a4f17fada2ae7d7dfb17b020ab8260ee
D2_ISRUC_TO_SLEEPEDF,17,C3,COMPLETE_TARGET,1,3,1690,073b275d7092d50421f6422a889d23f5a4f17fada2ae7d7dfb17b020ab8260ee
D2_ISRUC_TO_SLEEPEDF,17,C3,COMPLETE_TARGET,1,4,2212,073b275d7092d50421f6422a889d23f5a4f17fada2ae7d7dfb17b020ab8260ee
D2_ISRUC_TO_SLEEPEDF,17,C3,COMPLETE_TARGET,2,0,598,073b275d7092d50421f6422a889d23f5a4f17fada2ae7d7dfb17b020ab8260ee
D2_ISRUC_TO_SLEEPEDF,17,C3,COMPLETE_TARGET,2,1,2836,073b275d7092d50421f6422a889d23f5a4f17fada2ae7d7dfb17b020ab8260ee
D2_ISRUC_TO_SLEEPEDF,17,C3,COMPLETE_TARGET,2,2,35466,073b275d7092d50421f6422a889d23f5a4f17fada2ae7d7dfb17b020ab8260ee
D2_ISRUC_TO_SLEEPEDF,17,C3,COMPLETE_TARGET,2,3,26298,073b275d7092d50421f6422a889d23f5a4f17fada2ae7d7dfb17b020ab8260ee
D2_ISRUC_TO_SLEEPEDF,17,C3,COMPLETE_TARGET,2,4,3934,073b275d7092d50421f6422a889d23f5a4f17fada2ae7d7dfb17b020ab8260ee
D2_ISRUC_TO_SLEEPEDF,17,C3,COMPLETE_TARGET,3,0,31,073b275d7092d50421f6422a889d23f5a4f17fada2ae7d7dfb17b020ab8260ee
D2_ISRUC_TO_SLEEPEDF,17,C3,COMPLETE_TARGET,3,1,5,073b275d7092d50421f6422a889d23f5a4f17fada2ae7d7dfb17b020ab8260ee
D2_ISRUC_TO_SLEEPEDF,17,C3,COMPLETE_TARGET,3,2,384,073b275d7092d50421f6422a889d23f5a4f17fada2ae7d7dfb17b020ab8260ee
D2_ISRUC_TO_SLEEPEDF,17,C3,COMPLETE_TARGET,3,3,12460,073b275d7092d50421f6422a889d23f5a4f17fada2ae7d7dfb17b020ab8260ee
D2_ISRUC_TO_SLEEPEDF,17,C3,COMPLETE_TARGET,3,4,159,073b275d7092d50421f6422a889d23f5a4f17fada2ae7d7dfb17b020ab8260ee
D2_ISRUC_TO_SLEEPEDF,17,C3,COMPLETE_TARGET,4,0,1524,073b275d7092d50421f6422a889d23f5a4f17fada2ae7d7dfb17b020ab8260ee
D2_ISRUC_TO_SLEEPEDF,17,C3,COMPLETE_TARGET,4,1,3018,073b275d7092d50421f6422a889d23f5a4f17fada2ae7d7dfb17b020ab8260ee
D2_ISRUC_TO_SLEEPEDF,17,C3,COMPLETE_TARGET,4,2,4658,073b275d7092d50421f6422a889d23f5a4f17fada2ae7d7dfb17b020ab8260ee
D2_ISRUC_TO_SLEEPEDF,17,C3,COMPLETE_TARGET,4,3,842,073b275d7092d50421f6422a889d23f5a4f17fada2ae7d7dfb17b020ab8260ee
D2_ISRUC_TO_SLEEPEDF,17,C3,COMPLETE_TARGET,4,4,15793,073b275d7092d50421f6422a889d23f5a4f17fada2ae7d7dfb17b020ab8260ee
D2_ISRUC_TO_SLEEPEDF,17,C4,COMPLETE_TARGET,0,0,175670,1521c08e86cef7d75ede3bdd9a9842f7eb55e1099f57545422ae27ed67e7cee0
D2_ISRUC_TO_SLEEPEDF,17,C4,COMPLETE_TARGET,0,1,14923,1521c08e86cef7d75ede3bdd9a9842f7eb55e1099f57545422ae27ed67e7cee0
D2_ISRUC_TO_SLEEPEDF,17,C4,COMPLETE_TARGET,0,2,75332,1521c08e86cef7d75ede3bdd9a9842f7eb55e1099f57545422ae27ed67e7cee0
D2_ISRUC_TO_SLEEPEDF,17,C4,COMPLETE_TARGET,0,3,9573,1521c08e86cef7d75ede3bdd9a9842f7eb55e1099f57545422ae27ed67e7cee0
D2_ISRUC_TO_SLEEPEDF,17,C4,COMPLETE_TARGET,0,4,9935,1521c08e86cef7d75ede3bdd9a9842f7eb55e1099f57545422ae27ed67e7cee0
D2_ISRUC_TO_SLEEPEDF,17,C4,COMPLETE_TARGET,1,0,4686,1521c08e86cef7d75ede3bdd9a9842f7eb55e1099f57545422ae27ed67e7cee0
D2_ISRUC_TO_SLEEPEDF,17,C4,COMPLETE_TARGET,1,1,4577,1521c08e86cef7d75ede3bdd9a9842f7eb55e1099f57545422ae27ed67e7cee0
D2_ISRUC_TO_SLEEPEDF,17,C4,COMPLETE_TARGET,1,2,7442,1521c08e86cef7d75ede3bdd9a9842f7eb55e1099f57545422ae27ed67e7cee0
D2_ISRUC_TO_SLEEPEDF,17,C4,COMPLETE_TARGET,1,3,1327,1521c08e86cef7d75ede3bdd9a9842f7eb55e1099f57545422ae27ed67e7cee0
D2_ISRUC_TO_SLEEPEDF,17,C4,COMPLETE_TARGET,1,4,3490,1521c08e86cef7d75ede3bdd9a9842f7eb55e1099f57545422ae27ed67e7cee0
D2_ISRUC_TO_SLEEPEDF,17,C4,COMPLETE_TARGET,2,0,761,1521c08e86cef7d75ede3bdd9a9842f7eb55e1099f57545422ae27ed67e7cee0
D2_ISRUC_TO_SLEEPEDF,17,C4,COMPLETE_TARGET,2,1,2894,1521c08e86cef7d75ede3bdd9a9842f7eb55e1099f57545422ae27ed67e7cee0
D2_ISRUC_TO_SLEEPEDF,17,C4,COMPLETE_TARGET,2,2,39714,1521c08e86cef7d75ede3bdd9a9842f7eb55e1099f57545422ae27ed67e7cee0
D2_ISRUC_TO_SLEEPEDF,17,C4,COMPLETE_TARGET,2,3,20849,1521c08e86cef7d75ede3bdd9a9842f7eb55e1099f57545422ae27ed67e7cee0
D2_ISRUC_TO_SLEEPEDF,17,C4,COMPLETE_TARGET,2,4,4914,1521c08e86cef7d75ede3bdd9a9842f7eb55e1099f57545422ae27ed67e7cee0
D2_ISRUC_TO_SLEEPEDF,17,C4,COMPLETE_TARGET,3,0,18,1521c08e86cef7d75ede3bdd9a9842f7eb55e1099f57545422ae27ed67e7cee0
D2_ISRUC_TO_SLEEPEDF,17,C4,COMPLETE_TARGET,3,1,7,1521c08e86cef7d75ede3bdd9a9842f7eb55e1099f57545422ae27ed67e7cee0
D2_ISRUC_TO_SLEEPEDF,17,C4,COMPLETE_TARGET,3,2,384,1521c08e86cef7d75ede3bdd9a9842f7eb55e1099f57545422ae27ed67e7cee0
D2_ISRUC_TO_SLEEPEDF,17,C4,COMPLETE_TARGET,3,3,12517,1521c08e86cef7d75ede3bdd9a9842f7eb55e1099f57545422ae27ed67e7cee0
D2_ISRUC_TO_SLEEPEDF,17,C4,COMPLETE_TARGET,3,4,113,1521c08e86cef7d75ede3bdd9a9842f7eb55e1099f57545422ae27ed67e7cee0
D2_ISRUC_TO_SLEEPEDF,17,C4,COMPLETE_TARGET,4,0,1602,1521c08e86cef7d75ede3bdd9a9842f7eb55e1099f57545422ae27ed67e7cee0
D2_ISRUC_TO_SLEEPEDF,17,C4,COMPLETE_TARGET,4,1,4652,1521c08e86cef7d75ede3bdd9a9842f7eb55e1099f57545422ae27ed67e7cee0
D2_ISRUC_TO_SLEEPEDF,17,C4,COMPLETE_TARGET,4,2,6730,1521c08e86cef7d75ede3bdd9a9842f7eb55e1099f57545422ae27ed67e7cee0
D2_ISRUC_TO_SLEEPEDF,17,C4,COMPLETE_TARGET,4,3,1015,1521c08e86cef7d75ede3bdd9a9842f7eb55e1099f57545422ae27ed67e7cee0
D2_ISRUC_TO_SLEEPEDF,17,C4,COMPLETE_TARGET,4,4,11836,1521c08e86cef7d75ede3bdd9a9842f7eb55e1099f57545422ae27ed67e7cee0
D2_ISRUC_TO_SLEEPEDF,17,C5,COMPLETE_TARGET,0,0,127714,a90229d4e74d06ed0c75d2b6877975567c2e12200baa9e09be56dead5569b43a
D2_ISRUC_TO_SLEEPEDF,17,C5,COMPLETE_TARGET,0,1,10223,a90229d4e74d06ed0c75d2b6877975567c2e12200baa9e09be56dead5569b43a
D2_ISRUC_TO_SLEEPEDF,17,C5,COMPLETE_TARGET,0,2,20227,a90229d4e74d06ed0c75d2b6877975567c2e12200baa9e09be56dead5569b43a
D2_ISRUC_TO_SLEEPEDF,17,C5,COMPLETE_TARGET,0,3,14976,a90229d4e74d06ed0c75d2b6877975567c2e12200baa9e09be56dead5569b43a
D2_ISRUC_TO_SLEEPEDF,17,C5,COMPLETE_TARGET,0,4,112293,a90229d4e74d06ed0c75d2b6877975567c2e12200baa9e09be56dead5569b43a
D2_ISRUC_TO_SLEEPEDF,17,C5,COMPLETE_TARGET,1,0,650,a90229d4e74d06ed0c75d2b6877975567c2e12200baa9e09be56dead5569b43a
D2_ISRUC_TO_SLEEPEDF,17,C5,COMPLETE_TARGET,1,1,7253,a90229d4e74d06ed0c75d2b6877975567c2e12200baa9e09be56dead5569b43a
D2_ISRUC_TO_SLEEPEDF,17,C5,COMPLETE_TARGET,1,2,7958,a90229d4e74d06ed0c75d2b6877975567c2e12200baa9e09be56dead5569b43a
D2_ISRUC_TO_SLEEPEDF,17,C5,COMPLETE_TARGET,1,3,1855,a90229d4e74d06ed0c75d2b6877975567c2e12200baa9e09be56dead5569b43a
D2_ISRUC_TO_SLEEPEDF,17,C5,COMPLETE_TARGET,1,4,3806,a90229d4e74d06ed0c75d2b6877975567c2e12200baa9e09be56dead5569b43a
D2_ISRUC_TO_SLEEPEDF,17,C5,COMPLETE_TARGET,2,0,4996,a90229d4e74d06ed0c75d2b6877975567c2e12200baa9e09be56dead5569b43a
D2_ISRUC_TO_SLEEPEDF,17,C5,COMPLETE_TARGET,2,1,8006,a90229d4e74d06ed0c75d2b6877975567c2e12200baa9e09be56dead5569b43a
D2_ISRUC_TO_SLEEPEDF,17,C5,COMPLETE_TARGET,2,2,26922,a90229d4e74d06ed0c75d2b6877975567c2e12200baa9e09be56dead5569b43a
D2_ISRUC_TO_SLEEPEDF,17,C5,COMPLETE_TARGET,2,3,20832,a90229d4e74d06ed0c75d2b6877975567c2e12200baa9e09be56dead5569b43a
D2_ISRUC_TO_SLEEPEDF,17,C5,COMPLETE_TARGET,2,4,8376,a90229d4e74d06ed0c75d2b6877975567c2e12200baa9e09be56dead5569b43a
D2_ISRUC_TO_SLEEPEDF,17,C5,COMPLETE_TARGET,3,0,1243,a90229d4e74d06ed0c75d2b6877975567c2e12200baa9e09be56dead5569b43a
D2_ISRUC_TO_SLEEPEDF,17,C5,COMPLETE_TARGET,3,1,192,a90229d4e74d06ed0c75d2b6877975567c2e12200baa9e09be56dead5569b43a
D2_ISRUC_TO_SLEEPEDF,17,C5,COMPLETE_TARGET,3,2,1409,a90229d4e74d06ed0c75d2b6877975567c2e12200baa9e09be56dead5569b43a
D2_ISRUC_TO_SLEEPEDF,17,C5,COMPLETE_TARGET,3,3,9452,a90229d4e74d06ed0c75d2b6877975567c2e12200baa9e09be56dead5569b43a
D2_ISRUC_TO_SLEEPEDF,17,C5,COMPLETE_TARGET,3,4,743,a90229d4e74d06ed0c75d2b6877975567c2e12200baa9e09be56dead5569b43a
D2_ISRUC_TO_SLEEPEDF,17,C5,COMPLETE_TARGET,4,0,1108,a90229d4e74d06ed0c75d2b6877975567c2e12200baa9e09be56dead5569b43a
D2_ISRUC_TO_SLEEPEDF,17,C5,COMPLETE_TARGET,4,1,2974,a90229d4e74d06ed0c75d2b6877975567c2e12200baa9e09be56dead5569b43a
D2_ISRUC_TO_SLEEPEDF,17,C5,COMPLETE_TARGET,4,2,5100,a90229d4e74d06ed0c75d2b6877975567c2e12200baa9e09be56dead5569b43a
D2_ISRUC_TO_SLEEPEDF,17,C5,COMPLETE_TARGET,4,3,987,a90229d4e74d06ed0c75d2b6877975567c2e12200baa9e09be56dead5569b43a
D2_ISRUC_TO_SLEEPEDF,17,C5,COMPLETE_TARGET,4,4,15666,a90229d4e74d06ed0c75d2b6877975567c2e12200baa9e09be56dead5569b43a
D2_ISRUC_TO_SLEEPEDF,42,C0,SOURCE_TEST,0,0,2848,c0421ca2cfe45f8a7f3ae62923617d099ffdb2b6bb78072a6c1afe3726815f81
D2_ISRUC_TO_SLEEPEDF,42,C0,SOURCE_TEST,0,1,556,c0421ca2cfe45f8a7f3ae62923617d099ffdb2b6bb78072a6c1afe3726815f81
D2_ISRUC_TO_SLEEPEDF,42,C0,SOURCE_TEST,0,2,133,c0421ca2cfe45f8a7f3ae62923617d099ffdb2b6bb78072a6c1afe3726815f81
D2_ISRUC_TO_SLEEPEDF,42,C0,SOURCE_TEST,0,3,15,c0421ca2cfe45f8a7f3ae62923617d099ffdb2b6bb78072a6c1afe3726815f81
D2_ISRUC_TO_SLEEPEDF,42,C0,SOURCE_TEST,0,4,87,c0421ca2cfe45f8a7f3ae62923617d099ffdb2b6bb78072a6c1afe3726815f81
D2_ISRUC_TO_SLEEPEDF,42,C0,SOURCE_TEST,1,0,95,c0421ca2cfe45f8a7f3ae62923617d099ffdb2b6bb78072a6c1afe3726815f81
D2_ISRUC_TO_SLEEPEDF,42,C0,SOURCE_TEST,1,1,933,c0421ca2cfe45f8a7f3ae62923617d099ffdb2b6bb78072a6c1afe3726815f81
D2_ISRUC_TO_SLEEPEDF,42,C0,SOURCE_TEST,1,2,499,c0421ca2cfe45f8a7f3ae62923617d099ffdb2b6bb78072a6c1afe3726815f81
D2_ISRUC_TO_SLEEPEDF,42,C0,SOURCE_TEST,1,3,13,c0421ca2cfe45f8a7f3ae62923617d099ffdb2b6bb78072a6c1afe3726815f81
D2_ISRUC_TO_SLEEPEDF,42,C0,SOURCE_TEST,1,4,130,c0421ca2cfe45f8a7f3ae62923617d099ffdb2b6bb78072a6c1afe3726815f81
D2_ISRUC_TO_SLEEPEDF,42,C0,SOURCE_TEST,2,0,16,c0421ca2cfe45f8a7f3ae62923617d099ffdb2b6bb78072a6c1afe3726815f81
D2_ISRUC_TO_SLEEPEDF,42,C0,SOURCE_TEST,2,1,383,c0421ca2cfe45f8a7f3ae62923617d099ffdb2b6bb78072a6c1afe3726815f81
D2_ISRUC_TO_SLEEPEDF,42,C0,SOURCE_TEST,2,2,3005,c0421ca2cfe45f8a7f3ae62923617d099ffdb2b6bb78072a6c1afe3726815f81
D2_ISRUC_TO_SLEEPEDF,42,C0,SOURCE_TEST,2,3,319,c0421ca2cfe45f8a7f3ae62923617d099ffdb2b6bb78072a6c1afe3726815f81
D2_ISRUC_TO_SLEEPEDF,42,C0,SOURCE_TEST,2,4,136,c0421ca2cfe45f8a7f3ae62923617d099ffdb2b6bb78072a6c1afe3726815f81
D2_ISRUC_TO_SLEEPEDF,42,C0,SOURCE_TEST,3,0,0,c0421ca2cfe45f8a7f3ae62923617d099ffdb2b6bb78072a6c1afe3726815f81
D2_ISRUC_TO_SLEEPEDF,42,C0,SOURCE_TEST,3,1,0,c0421ca2cfe45f8a7f3ae62923617d099ffdb2b6bb78072a6c1afe3726815f81
D2_ISRUC_TO_SLEEPEDF,42,C0,SOURCE_TEST,3,2,460,c0421ca2cfe45f8a7f3ae62923617d099ffdb2b6bb78072a6c1afe3726815f81
D2_ISRUC_TO_SLEEPEDF,42,C0,SOURCE_TEST,3,3,2239,c0421ca2cfe45f8a7f3ae62923617d099ffdb2b6bb78072a6c1afe3726815f81
D2_ISRUC_TO_SLEEPEDF,42,C0,SOURCE_TEST,3,4,2,c0421ca2cfe45f8a7f3ae62923617d099ffdb2b6bb78072a6c1afe3726815f81
D2_ISRUC_TO_SLEEPEDF,42,C0,SOURCE_TEST,4,0,34,c0421ca2cfe45f8a7f3ae62923617d099ffdb2b6bb78072a6c1afe3726815f81
D2_ISRUC_TO_SLEEPEDF,42,C0,SOURCE_TEST,4,1,245,c0421ca2cfe45f8a7f3ae62923617d099ffdb2b6bb78072a6c1afe3726815f81
D2_ISRUC_TO_SLEEPEDF,42,C0,SOURCE_TEST,4,2,235,c0421ca2cfe45f8a7f3ae62923617d099ffdb2b6bb78072a6c1afe3726815f81
D2_ISRUC_TO_SLEEPEDF,42,C0,SOURCE_TEST,4,3,6,c0421ca2cfe45f8a7f3ae62923617d099ffdb2b6bb78072a6c1afe3726815f81
D2_ISRUC_TO_SLEEPEDF,42,C0,SOURCE_TEST,4,4,1202,c0421ca2cfe45f8a7f3ae62923617d099ffdb2b6bb78072a6c1afe3726815f81
D2_ISRUC_TO_SLEEPEDF,42,C1,SOURCE_TEST,0,0,2644,21ddeb5f2e634db620f8af457d931585167b65f2ed264951677e91a12a6635e0
D2_ISRUC_TO_SLEEPEDF,42,C1,SOURCE_TEST,0,1,491,21ddeb5f2e634db620f8af457d931585167b65f2ed264951677e91a12a6635e0
D2_ISRUC_TO_SLEEPEDF,42,C1,SOURCE_TEST,0,2,176,21ddeb5f2e634db620f8af457d931585167b65f2ed264951677e91a12a6635e0
D2_ISRUC_TO_SLEEPEDF,42,C1,SOURCE_TEST,0,3,13,21ddeb5f2e634db620f8af457d931585167b65f2ed264951677e91a12a6635e0
D2_ISRUC_TO_SLEEPEDF,42,C1,SOURCE_TEST,0,4,315,21ddeb5f2e634db620f8af457d931585167b65f2ed264951677e91a12a6635e0
D2_ISRUC_TO_SLEEPEDF,42,C1,SOURCE_TEST,1,0,168,21ddeb5f2e634db620f8af457d931585167b65f2ed264951677e91a12a6635e0
D2_ISRUC_TO_SLEEPEDF,42,C1,SOURCE_TEST,1,1,664,21ddeb5f2e634db620f8af457d931585167b65f2ed264951677e91a12a6635e0
D2_ISRUC_TO_SLEEPEDF,42,C1,SOURCE_TEST,1,2,466,21ddeb5f2e634db620f8af457d931585167b65f2ed264951677e91a12a6635e0
D2_ISRUC_TO_SLEEPEDF,42,C1,SOURCE_TEST,1,3,11,21ddeb5f2e634db620f8af457d931585167b65f2ed264951677e91a12a6635e0
D2_ISRUC_TO_SLEEPEDF,42,C1,SOURCE_TEST,1,4,361,21ddeb5f2e634db620f8af457d931585167b65f2ed264951677e91a12a6635e0
D2_ISRUC_TO_SLEEPEDF,42,C1,SOURCE_TEST,2,0,19,21ddeb5f2e634db620f8af457d931585167b65f2ed264951677e91a12a6635e0
D2_ISRUC_TO_SLEEPEDF,42,C1,SOURCE_TEST,2,1,249,21ddeb5f2e634db620f8af457d931585167b65f2ed264951677e91a12a6635e0
D2_ISRUC_TO_SLEEPEDF,42,C1,SOURCE_TEST,2,2,2969,21ddeb5f2e634db620f8af457d931585167b65f2ed264951677e91a12a6635e0
D2_ISRUC_TO_SLEEPEDF,42,C1,SOURCE_TEST,2,3,281,21ddeb5f2e634db620f8af457d931585167b65f2ed264951677e91a12a6635e0
D2_ISRUC_TO_SLEEPEDF,42,C1,SOURCE_TEST,2,4,341,21ddeb5f2e634db620f8af457d931585167b65f2ed264951677e91a12a6635e0
D2_ISRUC_TO_SLEEPEDF,42,C1,SOURCE_TEST,3,0,0,21ddeb5f2e634db620f8af457d931585167b65f2ed264951677e91a12a6635e0
D2_ISRUC_TO_SLEEPEDF,42,C1,SOURCE_TEST,3,1,0,21ddeb5f2e634db620f8af457d931585167b65f2ed264951677e91a12a6635e0
D2_ISRUC_TO_SLEEPEDF,42,C1,SOURCE_TEST,3,2,505,21ddeb5f2e634db620f8af457d931585167b65f2ed264951677e91a12a6635e0
D2_ISRUC_TO_SLEEPEDF,42,C1,SOURCE_TEST,3,3,2183,21ddeb5f2e634db620f8af457d931585167b65f2ed264951677e91a12a6635e0
D2_ISRUC_TO_SLEEPEDF,42,C1,SOURCE_TEST,3,4,13,21ddeb5f2e634db620f8af457d931585167b65f2ed264951677e91a12a6635e0
D2_ISRUC_TO_SLEEPEDF,42,C1,SOURCE_TEST,4,0,36,21ddeb5f2e634db620f8af457d931585167b65f2ed264951677e91a12a6635e0
D2_ISRUC_TO_SLEEPEDF,42,C1,SOURCE_TEST,4,1,191,21ddeb5f2e634db620f8af457d931585167b65f2ed264951677e91a12a6635e0
D2_ISRUC_TO_SLEEPEDF,42,C1,SOURCE_TEST,4,2,412,21ddeb5f2e634db620f8af457d931585167b65f2ed264951677e91a12a6635e0
D2_ISRUC_TO_SLEEPEDF,42,C1,SOURCE_TEST,4,3,45,21ddeb5f2e634db620f8af457d931585167b65f2ed264951677e91a12a6635e0
D2_ISRUC_TO_SLEEPEDF,42,C1,SOURCE_TEST,4,4,1038,21ddeb5f2e634db620f8af457d931585167b65f2ed264951677e91a12a6635e0
D2_ISRUC_TO_SLEEPEDF,42,C2,SOURCE_TEST,0,0,937,b10be7ef3f543755a9bedc607405239f65bdeabd9fbdec894caaad19799b96dd
D2_ISRUC_TO_SLEEPEDF,42,C2,SOURCE_TEST,0,1,1007,b10be7ef3f543755a9bedc607405239f65bdeabd9fbdec894caaad19799b96dd
D2_ISRUC_TO_SLEEPEDF,42,C2,SOURCE_TEST,0,2,558,b10be7ef3f543755a9bedc607405239f65bdeabd9fbdec894caaad19799b96dd
D2_ISRUC_TO_SLEEPEDF,42,C2,SOURCE_TEST,0,3,35,b10be7ef3f543755a9bedc607405239f65bdeabd9fbdec894caaad19799b96dd
D2_ISRUC_TO_SLEEPEDF,42,C2,SOURCE_TEST,0,4,1102,b10be7ef3f543755a9bedc607405239f65bdeabd9fbdec894caaad19799b96dd
D2_ISRUC_TO_SLEEPEDF,42,C2,SOURCE_TEST,1,0,36,b10be7ef3f543755a9bedc607405239f65bdeabd9fbdec894caaad19799b96dd
D2_ISRUC_TO_SLEEPEDF,42,C2,SOURCE_TEST,1,1,803,b10be7ef3f543755a9bedc607405239f65bdeabd9fbdec894caaad19799b96dd
D2_ISRUC_TO_SLEEPEDF,42,C2,SOURCE_TEST,1,2,585,b10be7ef3f543755a9bedc607405239f65bdeabd9fbdec894caaad19799b96dd
D2_ISRUC_TO_SLEEPEDF,42,C2,SOURCE_TEST,1,3,19,b10be7ef3f543755a9bedc607405239f65bdeabd9fbdec894caaad19799b96dd
D2_ISRUC_TO_SLEEPEDF,42,C2,SOURCE_TEST,1,4,227,b10be7ef3f543755a9bedc607405239f65bdeabd9fbdec894caaad19799b96dd
D2_ISRUC_TO_SLEEPEDF,42,C2,SOURCE_TEST,2,0,216,b10be7ef3f543755a9bedc607405239f65bdeabd9fbdec894caaad19799b96dd
D2_ISRUC_TO_SLEEPEDF,42,C2,SOURCE_TEST,2,1,764,b10be7ef3f543755a9bedc607405239f65bdeabd9fbdec894caaad19799b96dd
D2_ISRUC_TO_SLEEPEDF,42,C2,SOURCE_TEST,2,2,2264,b10be7ef3f543755a9bedc607405239f65bdeabd9fbdec894caaad19799b96dd
D2_ISRUC_TO_SLEEPEDF,42,C2,SOURCE_TEST,2,3,277,b10be7ef3f543755a9bedc607405239f65bdeabd9fbdec894caaad19799b96dd
D2_ISRUC_TO_SLEEPEDF,42,C2,SOURCE_TEST,2,4,338,b10be7ef3f543755a9bedc607405239f65bdeabd9fbdec894caaad19799b96dd
D2_ISRUC_TO_SLEEPEDF,42,C2,SOURCE_TEST,3,0,123,b10be7ef3f543755a9bedc607405239f65bdeabd9fbdec894caaad19799b96dd
D2_ISRUC_TO_SLEEPEDF,42,C2,SOURCE_TEST,3,1,33,b10be7ef3f543755a9bedc607405239f65bdeabd9fbdec894caaad19799b96dd
D2_ISRUC_TO_SLEEPEDF,42,C2,SOURCE_TEST,3,2,713,b10be7ef3f543755a9bedc607405239f65bdeabd9fbdec894caaad19799b96dd
D2_ISRUC_TO_SLEEPEDF,42,C2,SOURCE_TEST,3,3,1808,b10be7ef3f543755a9bedc607405239f65bdeabd9fbdec894caaad19799b96dd
D2_ISRUC_TO_SLEEPEDF,42,C2,SOURCE_TEST,3,4,24,b10be7ef3f543755a9bedc607405239f65bdeabd9fbdec894caaad19799b96dd
D2_ISRUC_TO_SLEEPEDF,42,C2,SOURCE_TEST,4,0,87,b10be7ef3f543755a9bedc607405239f65bdeabd9fbdec894caaad19799b96dd
D2_ISRUC_TO_SLEEPEDF,42,C2,SOURCE_TEST,4,1,347,b10be7ef3f543755a9bedc607405239f65bdeabd9fbdec894caaad19799b96dd
D2_ISRUC_TO_SLEEPEDF,42,C2,SOURCE_TEST,4,2,256,b10be7ef3f543755a9bedc607405239f65bdeabd9fbdec894caaad19799b96dd
D2_ISRUC_TO_SLEEPEDF,42,C2,SOURCE_TEST,4,3,6,b10be7ef3f543755a9bedc607405239f65bdeabd9fbdec894caaad19799b96dd
D2_ISRUC_TO_SLEEPEDF,42,C2,SOURCE_TEST,4,4,1026,b10be7ef3f543755a9bedc607405239f65bdeabd9fbdec894caaad19799b96dd
D2_ISRUC_TO_SLEEPEDF,42,C3,COMPLETE_TARGET,0,0,214749,f0b2b59d11fa715c22a842abdcd05a654c566756926257f0270807f8a9c8091b
D2_ISRUC_TO_SLEEPEDF,42,C3,COMPLETE_TARGET,0,1,7410,f0b2b59d11fa715c22a842abdcd05a654c566756926257f0270807f8a9c8091b
D2_ISRUC_TO_SLEEPEDF,42,C3,COMPLETE_TARGET,0,2,26291,f0b2b59d11fa715c22a842abdcd05a654c566756926257f0270807f8a9c8091b
D2_ISRUC_TO_SLEEPEDF,42,C3,COMPLETE_TARGET,0,3,18140,f0b2b59d11fa715c22a842abdcd05a654c566756926257f0270807f8a9c8091b
D2_ISRUC_TO_SLEEPEDF,42,C3,COMPLETE_TARGET,0,4,18843,f0b2b59d11fa715c22a842abdcd05a654c566756926257f0270807f8a9c8091b
D2_ISRUC_TO_SLEEPEDF,42,C3,COMPLETE_TARGET,1,0,3109,f0b2b59d11fa715c22a842abdcd05a654c566756926257f0270807f8a9c8091b
D2_ISRUC_TO_SLEEPEDF,42,C3,COMPLETE_TARGET,1,1,6183,f0b2b59d11fa715c22a842abdcd05a654c566756926257f0270807f8a9c8091b
D2_ISRUC_TO_SLEEPEDF,42,C3,COMPLETE_TARGET,1,2,8248,f0b2b59d11fa715c22a842abdcd05a654c566756926257f0270807f8a9c8091b
D2_ISRUC_TO_SLEEPEDF,42,C3,COMPLETE_TARGET,1,3,2443,f0b2b59d11fa715c22a842abdcd05a654c566756926257f0270807f8a9c8091b
D2_ISRUC_TO_SLEEPEDF,42,C3,COMPLETE_TARGET,1,4,1539,f0b2b59d11fa715c22a842abdcd05a654c566756926257f0270807f8a9c8091b
D2_ISRUC_TO_SLEEPEDF,42,C3,COMPLETE_TARGET,2,0,433,f0b2b59d11fa715c22a842abdcd05a654c566756926257f0270807f8a9c8091b
D2_ISRUC_TO_SLEEPEDF,42,C3,COMPLETE_TARGET,2,1,3177,f0b2b59d11fa715c22a842abdcd05a654c566756926257f0270807f8a9c8091b
D2_ISRUC_TO_SLEEPEDF,42,C3,COMPLETE_TARGET,2,2,36688,f0b2b59d11fa715c22a842abdcd05a654c566756926257f0270807f8a9c8091b
D2_ISRUC_TO_SLEEPEDF,42,C3,COMPLETE_TARGET,2,3,27187,f0b2b59d11fa715c22a842abdcd05a654c566756926257f0270807f8a9c8091b
D2_ISRUC_TO_SLEEPEDF,42,C3,COMPLETE_TARGET,2,4,1647,f0b2b59d11fa715c22a842abdcd05a654c566756926257f0270807f8a9c8091b
D2_ISRUC_TO_SLEEPEDF,42,C3,COMPLETE_TARGET,3,0,15,f0b2b59d11fa715c22a842abdcd05a654c566756926257f0270807f8a9c8091b
D2_ISRUC_TO_SLEEPEDF,42,C3,COMPLETE_TARGET,3,1,40,f0b2b59d11fa715c22a842abdcd05a654c566756926257f0270807f8a9c8091b
D2_ISRUC_TO_SLEEPEDF,42,C3,COMPLETE_TARGET,3,2,435,f0b2b59d11fa715c22a842abdcd05a654c566756926257f0270807f8a9c8091b
D2_ISRUC_TO_SLEEPEDF,42,C3,COMPLETE_TARGET,3,3,12543,f0b2b59d11fa715c22a842abdcd05a654c566756926257f0270807f8a9c8091b
D2_ISRUC_TO_SLEEPEDF,42,C3,COMPLETE_TARGET,3,4,6,f0b2b59d11fa715c22a842abdcd05a654c566756926257f0270807f8a9c8091b
D2_ISRUC_TO_SLEEPEDF,42,C3,COMPLETE_TARGET,4,0,1121,f0b2b59d11fa715c22a842abdcd05a654c566756926257f0270807f8a9c8091b
D2_ISRUC_TO_SLEEPEDF,42,C3,COMPLETE_TARGET,4,1,3054,f0b2b59d11fa715c22a842abdcd05a654c566756926257f0270807f8a9c8091b
D2_ISRUC_TO_SLEEPEDF,42,C3,COMPLETE_TARGET,4,2,4741,f0b2b59d11fa715c22a842abdcd05a654c566756926257f0270807f8a9c8091b
D2_ISRUC_TO_SLEEPEDF,42,C3,COMPLETE_TARGET,4,3,2076,f0b2b59d11fa715c22a842abdcd05a654c566756926257f0270807f8a9c8091b
D2_ISRUC_TO_SLEEPEDF,42,C3,COMPLETE_TARGET,4,4,14843,f0b2b59d11fa715c22a842abdcd05a654c566756926257f0270807f8a9c8091b
D2_ISRUC_TO_SLEEPEDF,42,C4,COMPLETE_TARGET,0,0,155208,30e9d4a508f51545787e627b91ed0866ad18ec7eef9f92e9c562e05d62f321f6
D2_ISRUC_TO_SLEEPEDF,42,C4,COMPLETE_TARGET,0,1,15716,30e9d4a508f51545787e627b91ed0866ad18ec7eef9f92e9c562e05d62f321f6
D2_ISRUC_TO_SLEEPEDF,42,C4,COMPLETE_TARGET,0,2,83968,30e9d4a508f51545787e627b91ed0866ad18ec7eef9f92e9c562e05d62f321f6
D2_ISRUC_TO_SLEEPEDF,42,C4,COMPLETE_TARGET,0,3,25102,30e9d4a508f51545787e627b91ed0866ad18ec7eef9f92e9c562e05d62f321f6
D2_ISRUC_TO_SLEEPEDF,42,C4,COMPLETE_TARGET,0,4,5439,30e9d4a508f51545787e627b91ed0866ad18ec7eef9f92e9c562e05d62f321f6
D2_ISRUC_TO_SLEEPEDF,42,C4,COMPLETE_TARGET,1,0,4159,30e9d4a508f51545787e627b91ed0866ad18ec7eef9f92e9c562e05d62f321f6
D2_ISRUC_TO_SLEEPEDF,42,C4,COMPLETE_TARGET,1,1,3808,30e9d4a508f51545787e627b91ed0866ad18ec7eef9f92e9c562e05d62f321f6
D2_ISRUC_TO_SLEEPEDF,42,C4,COMPLETE_TARGET,1,2,8100,30e9d4a508f51545787e627b91ed0866ad18ec7eef9f92e9c562e05d62f321f6
D2_ISRUC_TO_SLEEPEDF,42,C4,COMPLETE_TARGET,1,3,3125,30e9d4a508f51545787e627b91ed0866ad18ec7eef9f92e9c562e05d62f321f6
D2_ISRUC_TO_SLEEPEDF,42,C4,COMPLETE_TARGET,1,4,2330,30e9d4a508f51545787e627b91ed0866ad18ec7eef9f92e9c562e05d62f321f6
D2_ISRUC_TO_SLEEPEDF,42,C4,COMPLETE_TARGET,2,0,520,30e9d4a508f51545787e627b91ed0866ad18ec7eef9f92e9c562e05d62f321f6
D2_ISRUC_TO_SLEEPEDF,42,C4,COMPLETE_TARGET,2,1,2130,30e9d4a508f51545787e627b91ed0866ad18ec7eef9f92e9c562e05d62f321f6
D2_ISRUC_TO_SLEEPEDF,42,C4,COMPLETE_TARGET,2,2,35526,30e9d4a508f51545787e627b91ed0866ad18ec7eef9f92e9c562e05d62f321f6
D2_ISRUC_TO_SLEEPEDF,42,C4,COMPLETE_TARGET,2,3,29069,30e9d4a508f51545787e627b91ed0866ad18ec7eef9f92e9c562e05d62f321f6
D2_ISRUC_TO_SLEEPEDF,42,C4,COMPLETE_TARGET,2,4,1887,30e9d4a508f51545787e627b91ed0866ad18ec7eef9f92e9c562e05d62f321f6
D2_ISRUC_TO_SLEEPEDF,42,C4,COMPLETE_TARGET,3,0,5,30e9d4a508f51545787e627b91ed0866ad18ec7eef9f92e9c562e05d62f321f6
D2_ISRUC_TO_SLEEPEDF,42,C4,COMPLETE_TARGET,3,1,26,30e9d4a508f51545787e627b91ed0866ad18ec7eef9f92e9c562e05d62f321f6
D2_ISRUC_TO_SLEEPEDF,42,C4,COMPLETE_TARGET,3,2,203,30e9d4a508f51545787e627b91ed0866ad18ec7eef9f92e9c562e05d62f321f6
D2_ISRUC_TO_SLEEPEDF,42,C4,COMPLETE_TARGET,3,3,12740,30e9d4a508f51545787e627b91ed0866ad18ec7eef9f92e9c562e05d62f321f6
D2_ISRUC_TO_SLEEPEDF,42,C4,COMPLETE_TARGET,3,4,65,30e9d4a508f51545787e627b91ed0866ad18ec7eef9f92e9c562e05d62f321f6
D2_ISRUC_TO_SLEEPEDF,42,C4,COMPLETE_TARGET,4,0,1202,30e9d4a508f51545787e627b91ed0866ad18ec7eef9f92e9c562e05d62f321f6
D2_ISRUC_TO_SLEEPEDF,42,C4,COMPLETE_TARGET,4,1,4008,30e9d4a508f51545787e627b91ed0866ad18ec7eef9f92e9c562e05d62f321f6
D2_ISRUC_TO_SLEEPEDF,42,C4,COMPLETE_TARGET,4,2,8281,30e9d4a508f51545787e627b91ed0866ad18ec7eef9f92e9c562e05d62f321f6
D2_ISRUC_TO_SLEEPEDF,42,C4,COMPLETE_TARGET,4,3,3344,30e9d4a508f51545787e627b91ed0866ad18ec7eef9f92e9c562e05d62f321f6
D2_ISRUC_TO_SLEEPEDF,42,C4,COMPLETE_TARGET,4,4,9000,30e9d4a508f51545787e627b91ed0866ad18ec7eef9f92e9c562e05d62f321f6
D2_ISRUC_TO_SLEEPEDF,42,C5,COMPLETE_TARGET,0,0,132301,de338167144b54eefc9dd08922bcab6014c8eb7f47e3e82c8d3e25fdfb3cb0d4
D2_ISRUC_TO_SLEEPEDF,42,C5,COMPLETE_TARGET,0,1,15093,de338167144b54eefc9dd08922bcab6014c8eb7f47e3e82c8d3e25fdfb3cb0d4
D2_ISRUC_TO_SLEEPEDF,42,C5,COMPLETE_TARGET,0,2,12445,de338167144b54eefc9dd08922bcab6014c8eb7f47e3e82c8d3e25fdfb3cb0d4
D2_ISRUC_TO_SLEEPEDF,42,C5,COMPLETE_TARGET,0,3,12150,de338167144b54eefc9dd08922bcab6014c8eb7f47e3e82c8d3e25fdfb3cb0d4
D2_ISRUC_TO_SLEEPEDF,42,C5,COMPLETE_TARGET,0,4,113444,de338167144b54eefc9dd08922bcab6014c8eb7f47e3e82c8d3e25fdfb3cb0d4
D2_ISRUC_TO_SLEEPEDF,42,C5,COMPLETE_TARGET,1,0,816,de338167144b54eefc9dd08922bcab6014c8eb7f47e3e82c8d3e25fdfb3cb0d4
D2_ISRUC_TO_SLEEPEDF,42,C5,COMPLETE_TARGET,1,1,10034,de338167144b54eefc9dd08922bcab6014c8eb7f47e3e82c8d3e25fdfb3cb0d4
D2_ISRUC_TO_SLEEPEDF,42,C5,COMPLETE_TARGET,1,2,4680,de338167144b54eefc9dd08922bcab6014c8eb7f47e3e82c8d3e25fdfb3cb0d4
D2_ISRUC_TO_SLEEPEDF,42,C5,COMPLETE_TARGET,1,3,1507,de338167144b54eefc9dd08922bcab6014c8eb7f47e3e82c8d3e25fdfb3cb0d4
D2_ISRUC_TO_SLEEPEDF,42,C5,COMPLETE_TARGET,1,4,4485,de338167144b54eefc9dd08922bcab6014c8eb7f47e3e82c8d3e25fdfb3cb0d4
D2_ISRUC_TO_SLEEPEDF,42,C5,COMPLETE_TARGET,2,0,5395,de338167144b54eefc9dd08922bcab6014c8eb7f47e3e82c8d3e25fdfb3cb0d4
D2_ISRUC_TO_SLEEPEDF,42,C5,COMPLETE_TARGET,2,1,15866,de338167144b54eefc9dd08922bcab6014c8eb7f47e3e82c8d3e25fdfb3cb0d4
D2_ISRUC_TO_SLEEPEDF,42,C5,COMPLETE_TARGET,2,2,22265,de338167144b54eefc9dd08922bcab6014c8eb7f47e3e82c8d3e25fdfb3cb0d4
D2_ISRUC_TO_SLEEPEDF,42,C5,COMPLETE_TARGET,2,3,16578,de338167144b54eefc9dd08922bcab6014c8eb7f47e3e82c8d3e25fdfb3cb0d4
D2_ISRUC_TO_SLEEPEDF,42,C5,COMPLETE_TARGET,2,4,9028,de338167144b54eefc9dd08922bcab6014c8eb7f47e3e82c8d3e25fdfb3cb0d4
D2_ISRUC_TO_SLEEPEDF,42,C5,COMPLETE_TARGET,3,0,1738,de338167144b54eefc9dd08922bcab6014c8eb7f47e3e82c8d3e25fdfb3cb0d4
D2_ISRUC_TO_SLEEPEDF,42,C5,COMPLETE_TARGET,3,1,485,de338167144b54eefc9dd08922bcab6014c8eb7f47e3e82c8d3e25fdfb3cb0d4
D2_ISRUC_TO_SLEEPEDF,42,C5,COMPLETE_TARGET,3,2,1775,de338167144b54eefc9dd08922bcab6014c8eb7f47e3e82c8d3e25fdfb3cb0d4
D2_ISRUC_TO_SLEEPEDF,42,C5,COMPLETE_TARGET,3,3,8520,de338167144b54eefc9dd08922bcab6014c8eb7f47e3e82c8d3e25fdfb3cb0d4
D2_ISRUC_TO_SLEEPEDF,42,C5,COMPLETE_TARGET,3,4,521,de338167144b54eefc9dd08922bcab6014c8eb7f47e3e82c8d3e25fdfb3cb0d4
D2_ISRUC_TO_SLEEPEDF,42,C5,COMPLETE_TARGET,4,0,874,de338167144b54eefc9dd08922bcab6014c8eb7f47e3e82c8d3e25fdfb3cb0d4
D2_ISRUC_TO_SLEEPEDF,42,C5,COMPLETE_TARGET,4,1,4771,de338167144b54eefc9dd08922bcab6014c8eb7f47e3e82c8d3e25fdfb3cb0d4
D2_ISRUC_TO_SLEEPEDF,42,C5,COMPLETE_TARGET,4,2,2932,de338167144b54eefc9dd08922bcab6014c8eb7f47e3e82c8d3e25fdfb3cb0d4
D2_ISRUC_TO_SLEEPEDF,42,C5,COMPLETE_TARGET,4,3,975,de338167144b54eefc9dd08922bcab6014c8eb7f47e3e82c8d3e25fdfb3cb0d4
D2_ISRUC_TO_SLEEPEDF,42,C5,COMPLETE_TARGET,4,4,16283,de338167144b54eefc9dd08922bcab6014c8eb7f47e3e82c8d3e25fdfb3cb0d4
D2_ISRUC_TO_SLEEPEDF,2026,C0,SOURCE_TEST,0,0,3044,db31d44aa80ca33a1f4f88daeb52c2022d8be1145495751c4416c6f5ddb5c358
D2_ISRUC_TO_SLEEPEDF,2026,C0,SOURCE_TEST,0,1,348,db31d44aa80ca33a1f4f88daeb52c2022d8be1145495751c4416c6f5ddb5c358
D2_ISRUC_TO_SLEEPEDF,2026,C0,SOURCE_TEST,0,2,133,db31d44aa80ca33a1f4f88daeb52c2022d8be1145495751c4416c6f5ddb5c358
D2_ISRUC_TO_SLEEPEDF,2026,C0,SOURCE_TEST,0,3,39,db31d44aa80ca33a1f4f88daeb52c2022d8be1145495751c4416c6f5ddb5c358
D2_ISRUC_TO_SLEEPEDF,2026,C0,SOURCE_TEST,0,4,75,db31d44aa80ca33a1f4f88daeb52c2022d8be1145495751c4416c6f5ddb5c358
D2_ISRUC_TO_SLEEPEDF,2026,C0,SOURCE_TEST,1,0,199,db31d44aa80ca33a1f4f88daeb52c2022d8be1145495751c4416c6f5ddb5c358
D2_ISRUC_TO_SLEEPEDF,2026,C0,SOURCE_TEST,1,1,783,db31d44aa80ca33a1f4f88daeb52c2022d8be1145495751c4416c6f5ddb5c358
D2_ISRUC_TO_SLEEPEDF,2026,C0,SOURCE_TEST,1,2,577,db31d44aa80ca33a1f4f88daeb52c2022d8be1145495751c4416c6f5ddb5c358
D2_ISRUC_TO_SLEEPEDF,2026,C0,SOURCE_TEST,1,3,38,db31d44aa80ca33a1f4f88daeb52c2022d8be1145495751c4416c6f5ddb5c358
D2_ISRUC_TO_SLEEPEDF,2026,C0,SOURCE_TEST,1,4,73,db31d44aa80ca33a1f4f88daeb52c2022d8be1145495751c4416c6f5ddb5c358
D2_ISRUC_TO_SLEEPEDF,2026,C0,SOURCE_TEST,2,0,48,db31d44aa80ca33a1f4f88daeb52c2022d8be1145495751c4416c6f5ddb5c358
D2_ISRUC_TO_SLEEPEDF,2026,C0,SOURCE_TEST,2,1,259,db31d44aa80ca33a1f4f88daeb52c2022d8be1145495751c4416c6f5ddb5c358
D2_ISRUC_TO_SLEEPEDF,2026,C0,SOURCE_TEST,2,2,2904,db31d44aa80ca33a1f4f88daeb52c2022d8be1145495751c4416c6f5ddb5c358
D2_ISRUC_TO_SLEEPEDF,2026,C0,SOURCE_TEST,2,3,591,db31d44aa80ca33a1f4f88daeb52c2022d8be1145495751c4416c6f5ddb5c358
D2_ISRUC_TO_SLEEPEDF,2026,C0,SOURCE_TEST,2,4,57,db31d44aa80ca33a1f4f88daeb52c2022d8be1145495751c4416c6f5ddb5c358
D2_ISRUC_TO_SLEEPEDF,2026,C0,SOURCE_TEST,3,0,4,db31d44aa80ca33a1f4f88daeb52c2022d8be1145495751c4416c6f5ddb5c358
D2_ISRUC_TO_SLEEPEDF,2026,C0,SOURCE_TEST,3,1,0,db31d44aa80ca33a1f4f88daeb52c2022d8be1145495751c4416c6f5ddb5c358
D2_ISRUC_TO_SLEEPEDF,2026,C0,SOURCE_TEST,3,2,236,db31d44aa80ca33a1f4f88daeb52c2022d8be1145495751c4416c6f5ddb5c358
D2_ISRUC_TO_SLEEPEDF,2026,C0,SOURCE_TEST,3,3,2461,db31d44aa80ca33a1f4f88daeb52c2022d8be1145495751c4416c6f5ddb5c358
D2_ISRUC_TO_SLEEPEDF,2026,C0,SOURCE_TEST,3,4,0,db31d44aa80ca33a1f4f88daeb52c2022d8be1145495751c4416c6f5ddb5c358
D2_ISRUC_TO_SLEEPEDF,2026,C0,SOURCE_TEST,4,0,89,db31d44aa80ca33a1f4f88daeb52c2022d8be1145495751c4416c6f5ddb5c358
D2_ISRUC_TO_SLEEPEDF,2026,C0,SOURCE_TEST,4,1,228,db31d44aa80ca33a1f4f88daeb52c2022d8be1145495751c4416c6f5ddb5c358
D2_ISRUC_TO_SLEEPEDF,2026,C0,SOURCE_TEST,4,2,320,db31d44aa80ca33a1f4f88daeb52c2022d8be1145495751c4416c6f5ddb5c358
D2_ISRUC_TO_SLEEPEDF,2026,C0,SOURCE_TEST,4,3,25,db31d44aa80ca33a1f4f88daeb52c2022d8be1145495751c4416c6f5ddb5c358
D2_ISRUC_TO_SLEEPEDF,2026,C0,SOURCE_TEST,4,4,1060,db31d44aa80ca33a1f4f88daeb52c2022d8be1145495751c4416c6f5ddb5c358
D2_ISRUC_TO_SLEEPEDF,2026,C1,SOURCE_TEST,0,0,2704,030bea59d47771aa40353e5390d338671b653a6f795854be001b105f668bb44d
D2_ISRUC_TO_SLEEPEDF,2026,C1,SOURCE_TEST,0,1,411,030bea59d47771aa40353e5390d338671b653a6f795854be001b105f668bb44d
D2_ISRUC_TO_SLEEPEDF,2026,C1,SOURCE_TEST,0,2,218,030bea59d47771aa40353e5390d338671b653a6f795854be001b105f668bb44d
D2_ISRUC_TO_SLEEPEDF,2026,C1,SOURCE_TEST,0,3,26,030bea59d47771aa40353e5390d338671b653a6f795854be001b105f668bb44d
D2_ISRUC_TO_SLEEPEDF,2026,C1,SOURCE_TEST,0,4,280,030bea59d47771aa40353e5390d338671b653a6f795854be001b105f668bb44d
D2_ISRUC_TO_SLEEPEDF,2026,C1,SOURCE_TEST,1,0,335,030bea59d47771aa40353e5390d338671b653a6f795854be001b105f668bb44d
D2_ISRUC_TO_SLEEPEDF,2026,C1,SOURCE_TEST,1,1,506,030bea59d47771aa40353e5390d338671b653a6f795854be001b105f668bb44d
D2_ISRUC_TO_SLEEPEDF,2026,C1,SOURCE_TEST,1,2,498,030bea59d47771aa40353e5390d338671b653a6f795854be001b105f668bb44d
D2_ISRUC_TO_SLEEPEDF,2026,C1,SOURCE_TEST,1,3,16,030bea59d47771aa40353e5390d338671b653a6f795854be001b105f668bb44d
D2_ISRUC_TO_SLEEPEDF,2026,C1,SOURCE_TEST,1,4,315,030bea59d47771aa40353e5390d338671b653a6f795854be001b105f668bb44d
D2_ISRUC_TO_SLEEPEDF,2026,C1,SOURCE_TEST,2,0,48,030bea59d47771aa40353e5390d338671b653a6f795854be001b105f668bb44d
D2_ISRUC_TO_SLEEPEDF,2026,C1,SOURCE_TEST,2,1,205,030bea59d47771aa40353e5390d338671b653a6f795854be001b105f668bb44d
D2_ISRUC_TO_SLEEPEDF,2026,C1,SOURCE_TEST,2,2,2857,030bea59d47771aa40353e5390d338671b653a6f795854be001b105f668bb44d
D2_ISRUC_TO_SLEEPEDF,2026,C1,SOURCE_TEST,2,3,401,030bea59d47771aa40353e5390d338671b653a6f795854be001b105f668bb44d
D2_ISRUC_TO_SLEEPEDF,2026,C1,SOURCE_TEST,2,4,348,030bea59d47771aa40353e5390d338671b653a6f795854be001b105f668bb44d
D2_ISRUC_TO_SLEEPEDF,2026,C1,SOURCE_TEST,3,0,3,030bea59d47771aa40353e5390d338671b653a6f795854be001b105f668bb44d
D2_ISRUC_TO_SLEEPEDF,2026,C1,SOURCE_TEST,3,1,0,030bea59d47771aa40353e5390d338671b653a6f795854be001b105f668bb44d
D2_ISRUC_TO_SLEEPEDF,2026,C1,SOURCE_TEST,3,2,404,030bea59d47771aa40353e5390d338671b653a6f795854be001b105f668bb44d
D2_ISRUC_TO_SLEEPEDF,2026,C1,SOURCE_TEST,3,3,2286,030bea59d47771aa40353e5390d338671b653a6f795854be001b105f668bb44d
D2_ISRUC_TO_SLEEPEDF,2026,C1,SOURCE_TEST,3,4,8,030bea59d47771aa40353e5390d338671b653a6f795854be001b105f668bb44d
D2_ISRUC_TO_SLEEPEDF,2026,C1,SOURCE_TEST,4,0,123,030bea59d47771aa40353e5390d338671b653a6f795854be001b105f668bb44d
D2_ISRUC_TO_SLEEPEDF,2026,C1,SOURCE_TEST,4,1,204,030bea59d47771aa40353e5390d338671b653a6f795854be001b105f668bb44d
D2_ISRUC_TO_SLEEPEDF,2026,C1,SOURCE_TEST,4,2,484,030bea59d47771aa40353e5390d338671b653a6f795854be001b105f668bb44d
D2_ISRUC_TO_SLEEPEDF,2026,C1,SOURCE_TEST,4,3,74,030bea59d47771aa40353e5390d338671b653a6f795854be001b105f668bb44d
D2_ISRUC_TO_SLEEPEDF,2026,C1,SOURCE_TEST,4,4,837,030bea59d47771aa40353e5390d338671b653a6f795854be001b105f668bb44d
D2_ISRUC_TO_SLEEPEDF,2026,C2,SOURCE_TEST,0,0,1027,aeda4e88748ea96f6803f97afb4c1eddbc0a21f1ffad43fdb45ca830fb394121
D2_ISRUC_TO_SLEEPEDF,2026,C2,SOURCE_TEST,0,1,291,aeda4e88748ea96f6803f97afb4c1eddbc0a21f1ffad43fdb45ca830fb394121
D2_ISRUC_TO_SLEEPEDF,2026,C2,SOURCE_TEST,0,2,1323,aeda4e88748ea96f6803f97afb4c1eddbc0a21f1ffad43fdb45ca830fb394121
D2_ISRUC_TO_SLEEPEDF,2026,C2,SOURCE_TEST,0,3,128,aeda4e88748ea96f6803f97afb4c1eddbc0a21f1ffad43fdb45ca830fb394121
D2_ISRUC_TO_SLEEPEDF,2026,C2,SOURCE_TEST,0,4,870,aeda4e88748ea96f6803f97afb4c1eddbc0a21f1ffad43fdb45ca830fb394121
D2_ISRUC_TO_SLEEPEDF,2026,C2,SOURCE_TEST,1,0,52,aeda4e88748ea96f6803f97afb4c1eddbc0a21f1ffad43fdb45ca830fb394121
D2_ISRUC_TO_SLEEPEDF,2026,C2,SOURCE_TEST,1,1,302,aeda4e88748ea96f6803f97afb4c1eddbc0a21f1ffad43fdb45ca830fb394121
D2_ISRUC_TO_SLEEPEDF,2026,C2,SOURCE_TEST,1,2,1060,aeda4e88748ea96f6803f97afb4c1eddbc0a21f1ffad43fdb45ca830fb394121
D2_ISRUC_TO_SLEEPEDF,2026,C2,SOURCE_TEST,1,3,96,aeda4e88748ea96f6803f97afb4c1eddbc0a21f1ffad43fdb45ca830fb394121
D2_ISRUC_TO_SLEEPEDF,2026,C2,SOURCE_TEST,1,4,160,aeda4e88748ea96f6803f97afb4c1eddbc0a21f1ffad43fdb45ca830fb394121
D2_ISRUC_TO_SLEEPEDF,2026,C2,SOURCE_TEST,2,0,328,aeda4e88748ea96f6803f97afb4c1eddbc0a21f1ffad43fdb45ca830fb394121
D2_ISRUC_TO_SLEEPEDF,2026,C2,SOURCE_TEST,2,1,179,aeda4e88748ea96f6803f97afb4c1eddbc0a21f1ffad43fdb45ca830fb394121
D2_ISRUC_TO_SLEEPEDF,2026,C2,SOURCE_TEST,2,2,2425,aeda4e88748ea96f6803f97afb4c1eddbc0a21f1ffad43fdb45ca830fb394121
D2_ISRUC_TO_SLEEPEDF,2026,C2,SOURCE_TEST,2,3,753,aeda4e88748ea96f6803f97afb4c1eddbc0a21f1ffad43fdb45ca830fb394121
D2_ISRUC_TO_SLEEPEDF,2026,C2,SOURCE_TEST,2,4,174,aeda4e88748ea96f6803f97afb4c1eddbc0a21f1ffad43fdb45ca830fb394121
D2_ISRUC_TO_SLEEPEDF,2026,C2,SOURCE_TEST,3,0,326,aeda4e88748ea96f6803f97afb4c1eddbc0a21f1ffad43fdb45ca830fb394121
D2_ISRUC_TO_SLEEPEDF,2026,C2,SOURCE_TEST,3,1,2,aeda4e88748ea96f6803f97afb4c1eddbc0a21f1ffad43fdb45ca830fb394121
D2_ISRUC_TO_SLEEPEDF,2026,C2,SOURCE_TEST,3,2,160,aeda4e88748ea96f6803f97afb4c1eddbc0a21f1ffad43fdb45ca830fb394121
D2_ISRUC_TO_SLEEPEDF,2026,C2,SOURCE_TEST,3,3,2206,aeda4e88748ea96f6803f97afb4c1eddbc0a21f1ffad43fdb45ca830fb394121
D2_ISRUC_TO_SLEEPEDF,2026,C2,SOURCE_TEST,3,4,7,aeda4e88748ea96f6803f97afb4c1eddbc0a21f1ffad43fdb45ca830fb394121
D2_ISRUC_TO_SLEEPEDF,2026,C2,SOURCE_TEST,4,0,142,aeda4e88748ea96f6803f97afb4c1eddbc0a21f1ffad43fdb45ca830fb394121
D2_ISRUC_TO_SLEEPEDF,2026,C2,SOURCE_TEST,4,1,170,aeda4e88748ea96f6803f97afb4c1eddbc0a21f1ffad43fdb45ca830fb394121
D2_ISRUC_TO_SLEEPEDF,2026,C2,SOURCE_TEST,4,2,441,aeda4e88748ea96f6803f97afb4c1eddbc0a21f1ffad43fdb45ca830fb394121
D2_ISRUC_TO_SLEEPEDF,2026,C2,SOURCE_TEST,4,3,33,aeda4e88748ea96f6803f97afb4c1eddbc0a21f1ffad43fdb45ca830fb394121
D2_ISRUC_TO_SLEEPEDF,2026,C2,SOURCE_TEST,4,4,936,aeda4e88748ea96f6803f97afb4c1eddbc0a21f1ffad43fdb45ca830fb394121
D2_ISRUC_TO_SLEEPEDF,2026,C3,COMPLETE_TARGET,0,0,207928,8c66bbcfecf715b1ef2c7eea2da9a9b0773f64e475d53548241d892a84cb579c
D2_ISRUC_TO_SLEEPEDF,2026,C3,COMPLETE_TARGET,0,1,6294,8c66bbcfecf715b1ef2c7eea2da9a9b0773f64e475d53548241d892a84cb579c
D2_ISRUC_TO_SLEEPEDF,2026,C3,COMPLETE_TARGET,0,2,21969,8c66bbcfecf715b1ef2c7eea2da9a9b0773f64e475d53548241d892a84cb579c
D2_ISRUC_TO_SLEEPEDF,2026,C3,COMPLETE_TARGET,0,3,25518,8c66bbcfecf715b1ef2c7eea2da9a9b0773f64e475d53548241d892a84cb579c
D2_ISRUC_TO_SLEEPEDF,2026,C3,COMPLETE_TARGET,0,4,23724,8c66bbcfecf715b1ef2c7eea2da9a9b0773f64e475d53548241d892a84cb579c
D2_ISRUC_TO_SLEEPEDF,2026,C3,COMPLETE_TARGET,1,0,4660,8c66bbcfecf715b1ef2c7eea2da9a9b0773f64e475d53548241d892a84cb579c
D2_ISRUC_TO_SLEEPEDF,2026,C3,COMPLETE_TARGET,1,1,4321,8c66bbcfecf715b1ef2c7eea2da9a9b0773f64e475d53548241d892a84cb579c
D2_ISRUC_TO_SLEEPEDF,2026,C3,COMPLETE_TARGET,1,2,8633,8c66bbcfecf715b1ef2c7eea2da9a9b0773f64e475d53548241d892a84cb579c
D2_ISRUC_TO_SLEEPEDF,2026,C3,COMPLETE_TARGET,1,3,2442,8c66bbcfecf715b1ef2c7eea2da9a9b0773f64e475d53548241d892a84cb579c
D2_ISRUC_TO_SLEEPEDF,2026,C3,COMPLETE_TARGET,1,4,1466,8c66bbcfecf715b1ef2c7eea2da9a9b0773f64e475d53548241d892a84cb579c
D2_ISRUC_TO_SLEEPEDF,2026,C3,COMPLETE_TARGET,2,0,1081,8c66bbcfecf715b1ef2c7eea2da9a9b0773f64e475d53548241d892a84cb579c
D2_ISRUC_TO_SLEEPEDF,2026,C3,COMPLETE_TARGET,2,1,2021,8c66bbcfecf715b1ef2c7eea2da9a9b0773f64e475d53548241d892a84cb579c
D2_ISRUC_TO_SLEEPEDF,2026,C3,COMPLETE_TARGET,2,2,31966,8c66bbcfecf715b1ef2c7eea2da9a9b0773f64e475d53548241d892a84cb579c
D2_ISRUC_TO_SLEEPEDF,2026,C3,COMPLETE_TARGET,2,3,32518,8c66bbcfecf715b1ef2c7eea2da9a9b0773f64e475d53548241d892a84cb579c
D2_ISRUC_TO_SLEEPEDF,2026,C3,COMPLETE_TARGET,2,4,1546,8c66bbcfecf715b1ef2c7eea2da9a9b0773f64e475d53548241d892a84cb579c
D2_ISRUC_TO_SLEEPEDF,2026,C3,COMPLETE_TARGET,3,0,24,8c66bbcfecf715b1ef2c7eea2da9a9b0773f64e475d53548241d892a84cb579c
D2_ISRUC_TO_SLEEPEDF,2026,C3,COMPLETE_TARGET,3,1,7,8c66bbcfecf715b1ef2c7eea2da9a9b0773f64e475d53548241d892a84cb579c
D2_ISRUC_TO_SLEEPEDF,2026,C3,COMPLETE_TARGET,3,2,200,8c66bbcfecf715b1ef2c7eea2da9a9b0773f64e475d53548241d892a84cb579c
D2_ISRUC_TO_SLEEPEDF,2026,C3,COMPLETE_TARGET,3,3,12710,8c66bbcfecf715b1ef2c7eea2da9a9b0773f64e475d53548241d892a84cb579c
D2_ISRUC_TO_SLEEPEDF,2026,C3,COMPLETE_TARGET,3,4,98,8c66bbcfecf715b1ef2c7eea2da9a9b0773f64e475d53548241d892a84cb579c
D2_ISRUC_TO_SLEEPEDF,2026,C3,COMPLETE_TARGET,4,0,2279,8c66bbcfecf715b1ef2c7eea2da9a9b0773f64e475d53548241d892a84cb579c
D2_ISRUC_TO_SLEEPEDF,2026,C3,COMPLETE_TARGET,4,1,2330,8c66bbcfecf715b1ef2c7eea2da9a9b0773f64e475d53548241d892a84cb579c
D2_ISRUC_TO_SLEEPEDF,2026,C3,COMPLETE_TARGET,4,2,5451,8c66bbcfecf715b1ef2c7eea2da9a9b0773f64e475d53548241d892a84cb579c
D2_ISRUC_TO_SLEEPEDF,2026,C3,COMPLETE_TARGET,4,3,1723,8c66bbcfecf715b1ef2c7eea2da9a9b0773f64e475d53548241d892a84cb579c
D2_ISRUC_TO_SLEEPEDF,2026,C3,COMPLETE_TARGET,4,4,14052,8c66bbcfecf715b1ef2c7eea2da9a9b0773f64e475d53548241d892a84cb579c
D2_ISRUC_TO_SLEEPEDF,2026,C4,COMPLETE_TARGET,0,0,131240,412e9ca1d41ea99cc5a8c64d224ad31e8dd24cbced9f6208dc722d4dba4c6573
D2_ISRUC_TO_SLEEPEDF,2026,C4,COMPLETE_TARGET,0,1,29145,412e9ca1d41ea99cc5a8c64d224ad31e8dd24cbced9f6208dc722d4dba4c6573
D2_ISRUC_TO_SLEEPEDF,2026,C4,COMPLETE_TARGET,0,2,92718,412e9ca1d41ea99cc5a8c64d224ad31e8dd24cbced9f6208dc722d4dba4c6573
D2_ISRUC_TO_SLEEPEDF,2026,C4,COMPLETE_TARGET,0,3,27827,412e9ca1d41ea99cc5a8c64d224ad31e8dd24cbced9f6208dc722d4dba4c6573
D2_ISRUC_TO_SLEEPEDF,2026,C4,COMPLETE_TARGET,0,4,4503,412e9ca1d41ea99cc5a8c64d224ad31e8dd24cbced9f6208dc722d4dba4c6573
D2_ISRUC_TO_SLEEPEDF,2026,C4,COMPLETE_TARGET,1,0,5688,412e9ca1d41ea99cc5a8c64d224ad31e8dd24cbced9f6208dc722d4dba4c6573
D2_ISRUC_TO_SLEEPEDF,2026,C4,COMPLETE_TARGET,1,1,2890,412e9ca1d41ea99cc5a8c64d224ad31e8dd24cbced9f6208dc722d4dba4c6573
D2_ISRUC_TO_SLEEPEDF,2026,C4,COMPLETE_TARGET,1,2,8929,412e9ca1d41ea99cc5a8c64d224ad31e8dd24cbced9f6208dc722d4dba4c6573
D2_ISRUC_TO_SLEEPEDF,2026,C4,COMPLETE_TARGET,1,3,2394,412e9ca1d41ea99cc5a8c64d224ad31e8dd24cbced9f6208dc722d4dba4c6573
D2_ISRUC_TO_SLEEPEDF,2026,C4,COMPLETE_TARGET,1,4,1621,412e9ca1d41ea99cc5a8c64d224ad31e8dd24cbced9f6208dc722d4dba4c6573
D2_ISRUC_TO_SLEEPEDF,2026,C4,COMPLETE_TARGET,2,0,1230,412e9ca1d41ea99cc5a8c64d224ad31e8dd24cbced9f6208dc722d4dba4c6573
D2_ISRUC_TO_SLEEPEDF,2026,C4,COMPLETE_TARGET,2,1,1645,412e9ca1d41ea99cc5a8c64d224ad31e8dd24cbced9f6208dc722d4dba4c6573
D2_ISRUC_TO_SLEEPEDF,2026,C4,COMPLETE_TARGET,2,2,34706,412e9ca1d41ea99cc5a8c64d224ad31e8dd24cbced9f6208dc722d4dba4c6573
D2_ISRUC_TO_SLEEPEDF,2026,C4,COMPLETE_TARGET,2,3,29852,412e9ca1d41ea99cc5a8c64d224ad31e8dd24cbced9f6208dc722d4dba4c6573
D2_ISRUC_TO_SLEEPEDF,2026,C4,COMPLETE_TARGET,2,4,1699,412e9ca1d41ea99cc5a8c64d224ad31e8dd24cbced9f6208dc722d4dba4c6573
D2_ISRUC_TO_SLEEPEDF,2026,C4,COMPLETE_TARGET,3,0,10,412e9ca1d41ea99cc5a8c64d224ad31e8dd24cbced9f6208dc722d4dba4c6573
D2_ISRUC_TO_SLEEPEDF,2026,C4,COMPLETE_TARGET,3,1,6,412e9ca1d41ea99cc5a8c64d224ad31e8dd24cbced9f6208dc722d4dba4c6573
D2_ISRUC_TO_SLEEPEDF,2026,C4,COMPLETE_TARGET,3,2,184,412e9ca1d41ea99cc5a8c64d224ad31e8dd24cbced9f6208dc722d4dba4c6573
D2_ISRUC_TO_SLEEPEDF,2026,C4,COMPLETE_TARGET,3,3,12747,412e9ca1d41ea99cc5a8c64d224ad31e8dd24cbced9f6208dc722d4dba4c6573
D2_ISRUC_TO_SLEEPEDF,2026,C4,COMPLETE_TARGET,3,4,92,412e9ca1d41ea99cc5a8c64d224ad31e8dd24cbced9f6208dc722d4dba4c6573
D2_ISRUC_TO_SLEEPEDF,2026,C4,COMPLETE_TARGET,4,0,2390,412e9ca1d41ea99cc5a8c64d224ad31e8dd24cbced9f6208dc722d4dba4c6573
D2_ISRUC_TO_SLEEPEDF,2026,C4,COMPLETE_TARGET,4,1,3534,412e9ca1d41ea99cc5a8c64d224ad31e8dd24cbced9f6208dc722d4dba4c6573
D2_ISRUC_TO_SLEEPEDF,2026,C4,COMPLETE_TARGET,4,2,11207,412e9ca1d41ea99cc5a8c64d224ad31e8dd24cbced9f6208dc722d4dba4c6573
D2_ISRUC_TO_SLEEPEDF,2026,C4,COMPLETE_TARGET,4,3,2283,412e9ca1d41ea99cc5a8c64d224ad31e8dd24cbced9f6208dc722d4dba4c6573
D2_ISRUC_TO_SLEEPEDF,2026,C4,COMPLETE_TARGET,4,4,6421,412e9ca1d41ea99cc5a8c64d224ad31e8dd24cbced9f6208dc722d4dba4c6573
D2_ISRUC_TO_SLEEPEDF,2026,C5,COMPLETE_TARGET,0,0,147728,3c1cd275a54a1908717516c9e1d1daf0f52630d6924d1e8ba86415b7ea53cdbf
D2_ISRUC_TO_SLEEPEDF,2026,C5,COMPLETE_TARGET,0,1,9850,3c1cd275a54a1908717516c9e1d1daf0f52630d6924d1e8ba86415b7ea53cdbf
D2_ISRUC_TO_SLEEPEDF,2026,C5,COMPLETE_TARGET,0,2,15505,3c1cd275a54a1908717516c9e1d1daf0f52630d6924d1e8ba86415b7ea53cdbf
D2_ISRUC_TO_SLEEPEDF,2026,C5,COMPLETE_TARGET,0,3,11440,3c1cd275a54a1908717516c9e1d1daf0f52630d6924d1e8ba86415b7ea53cdbf
D2_ISRUC_TO_SLEEPEDF,2026,C5,COMPLETE_TARGET,0,4,100910,3c1cd275a54a1908717516c9e1d1daf0f52630d6924d1e8ba86415b7ea53cdbf
D2_ISRUC_TO_SLEEPEDF,2026,C5,COMPLETE_TARGET,1,0,985,3c1cd275a54a1908717516c9e1d1daf0f52630d6924d1e8ba86415b7ea53cdbf
D2_ISRUC_TO_SLEEPEDF,2026,C5,COMPLETE_TARGET,1,1,6644,3c1cd275a54a1908717516c9e1d1daf0f52630d6924d1e8ba86415b7ea53cdbf
D2_ISRUC_TO_SLEEPEDF,2026,C5,COMPLETE_TARGET,1,2,6985,3c1cd275a54a1908717516c9e1d1daf0f52630d6924d1e8ba86415b7ea53cdbf
D2_ISRUC_TO_SLEEPEDF,2026,C5,COMPLETE_TARGET,1,3,2553,3c1cd275a54a1908717516c9e1d1daf0f52630d6924d1e8ba86415b7ea53cdbf
D2_ISRUC_TO_SLEEPEDF,2026,C5,COMPLETE_TARGET,1,4,4355,3c1cd275a54a1908717516c9e1d1daf0f52630d6924d1e8ba86415b7ea53cdbf
D2_ISRUC_TO_SLEEPEDF,2026,C5,COMPLETE_TARGET,2,0,6682,3c1cd275a54a1908717516c9e1d1daf0f52630d6924d1e8ba86415b7ea53cdbf
D2_ISRUC_TO_SLEEPEDF,2026,C5,COMPLETE_TARGET,2,1,9228,3c1cd275a54a1908717516c9e1d1daf0f52630d6924d1e8ba86415b7ea53cdbf
D2_ISRUC_TO_SLEEPEDF,2026,C5,COMPLETE_TARGET,2,2,23315,3c1cd275a54a1908717516c9e1d1daf0f52630d6924d1e8ba86415b7ea53cdbf
D2_ISRUC_TO_SLEEPEDF,2026,C5,COMPLETE_TARGET,2,3,23706,3c1cd275a54a1908717516c9e1d1daf0f52630d6924d1e8ba86415b7ea53cdbf
D2_ISRUC_TO_SLEEPEDF,2026,C5,COMPLETE_TARGET,2,4,6201,3c1cd275a54a1908717516c9e1d1daf0f52630d6924d1e8ba86415b7ea53cdbf
D2_ISRUC_TO_SLEEPEDF,2026,C5,COMPLETE_TARGET,3,0,4099,3c1cd275a54a1908717516c9e1d1daf0f52630d6924d1e8ba86415b7ea53cdbf
D2_ISRUC_TO_SLEEPEDF,2026,C5,COMPLETE_TARGET,3,1,394,3c1cd275a54a1908717516c9e1d1daf0f52630d6924d1e8ba86415b7ea53cdbf
D2_ISRUC_TO_SLEEPEDF,2026,C5,COMPLETE_TARGET,3,2,837,3c1cd275a54a1908717516c9e1d1daf0f52630d6924d1e8ba86415b7ea53cdbf
D2_ISRUC_TO_SLEEPEDF,2026,C5,COMPLETE_TARGET,3,3,7245,3c1cd275a54a1908717516c9e1d1daf0f52630d6924d1e8ba86415b7ea53cdbf
D2_ISRUC_TO_SLEEPEDF,2026,C5,COMPLETE_TARGET,3,4,464,3c1cd275a54a1908717516c9e1d1daf0f52630d6924d1e8ba86415b7ea53cdbf
D2_ISRUC_TO_SLEEPEDF,2026,C5,COMPLETE_TARGET,4,0,1201,3c1cd275a54a1908717516c9e1d1daf0f52630d6924d1e8ba86415b7ea53cdbf
D2_ISRUC_TO_SLEEPEDF,2026,C5,COMPLETE_TARGET,4,1,2866,3c1cd275a54a1908717516c9e1d1daf0f52630d6924d1e8ba86415b7ea53cdbf
D2_ISRUC_TO_SLEEPEDF,2026,C5,COMPLETE_TARGET,4,2,3705,3c1cd275a54a1908717516c9e1d1daf0f52630d6924d1e8ba86415b7ea53cdbf
D2_ISRUC_TO_SLEEPEDF,2026,C5,COMPLETE_TARGET,4,3,1288,3c1cd275a54a1908717516c9e1d1daf0f52630d6924d1e8ba86415b7ea53cdbf
D2_ISRUC_TO_SLEEPEDF,2026,C5,COMPLETE_TARGET,4,4,16775,3c1cd275a54a1908717516c9e1d1daf0f52630d6924d1e8ba86415b7ea53cdbf
