experiment_id,condition,seed,metric,value,analysis_scope
D1_SLEEPEDF_TO_ISRUC,C0,17,macro-F1,0.7487506800058297,PRIMARY_TARGET_FREE_DIAGNOSIS
D1_SLEEPEDF_TO_ISRUC,C0,17,balanced_accuracy,0.7350130881511368,PRIMARY_TARGET_FREE_DIAGNOSIS
D1_SLEEPEDF_TO_ISRUC,C0,17,NLL,0.22144861360997392,PRIMARY_TARGET_FREE_DIAGNOSIS
D1_SLEEPEDF_TO_ISRUC,C0,17,Brier,0.1168917627468756,PRIMARY_TARGET_FREE_DIAGNOSIS
D1_SLEEPEDF_TO_ISRUC,C0,17,ECE,0.00826376903001121,PRIMARY_TARGET_FREE_DIAGNOSIS
D1_SLEEPEDF_TO_ISRUC,C0,17,adaptive_ECE,0.008101014769542312,PRIMARY_TARGET_FREE_DIAGNOSIS
D1_SLEEPEDF_TO_ISRUC,C0,17,classwise_ECE,0.009661512248109225,PRIMARY_TARGET_FREE_DIAGNOSIS
D1_SLEEPEDF_TO_ISRUC,C0,17,error_AUROC,0.9408599299207936,PRIMARY_TARGET_FREE_DIAGNOSIS
D1_SLEEPEDF_TO_ISRUC,C0,17,error_AUPRC,0.5105090673269405,PRIMARY_TARGET_FREE_DIAGNOSIS
D1_SLEEPEDF_TO_ISRUC,C0,17,AURC,0.008764998596745862,PRIMARY_TARGET_FREE_DIAGNOSIS
D1_SLEEPEDF_TO_ISRUC,C0,17,risk@0.95,0.05838935983630517,PRIMARY_TARGET_FREE_DIAGNOSIS
D1_SLEEPEDF_TO_ISRUC,C0,17,selective_macro_f1@0.95,0.7755203258178608,PRIMARY_TARGET_FREE_DIAGNOSIS
D1_SLEEPEDF_TO_ISRUC,C0,17,actual_coverage@0.95,0.9500138850319356,PRIMARY_TARGET_FREE_DIAGNOSIS
D1_SLEEPEDF_TO_ISRUC,C0,17,risk@0.90,0.039031915919390606,PRIMARY_TARGET_FREE_DIAGNOSIS
D1_SLEEPEDF_TO_ISRUC,C0,17,selective_macro_f1@0.90,0.7776165055992383,PRIMARY_TARGET_FREE_DIAGNOSIS
D1_SLEEPEDF_TO_ISRUC,C0,17,actual_coverage@0.90,0.9000104137739516,PRIMARY_TARGET_FREE_DIAGNOSIS
D1_SLEEPEDF_TO_ISRUC,C0,17,risk@0.80,0.010674071984900094,PRIMARY_TARGET_FREE_DIAGNOSIS
D1_SLEEPEDF_TO_ISRUC,C0,17,selective_macro_f1@0.80,0.775184914831063,PRIMARY_TARGET_FREE_DIAGNOSIS
D1_SLEEPEDF_TO_ISRUC,C0,17,actual_coverage@0.80,0.8000034712579839,PRIMARY_TARGET_FREE_DIAGNOSIS
D1_SLEEPEDF_TO_ISRUC,C0,17,risk@0.70,0.001487652484379649,PRIMARY_TARGET_FREE_DIAGNOSIS
D1_SLEEPEDF_TO_ISRUC,C0,17,selective_macro_f1@0.70,0.7812857434395839,PRIMARY_TARGET_FREE_DIAGNOSIS
D1_SLEEPEDF_TO_ISRUC,C0,17,actual_coverage@0.70,0.7000138850319356,PRIMARY_TARGET_FREE_DIAGNOSIS
D1_SLEEPEDF_TO_ISRUC,C0,17,risk@0.50,0.0,PRIMARY_TARGET_FREE_DIAGNOSIS
D1_SLEEPEDF_TO_ISRUC,C0,17,selective_macro_f1@0.50,0.2,PRIMARY_TARGET_FREE_DIAGNOSIS
D1_SLEEPEDF_TO_ISRUC,C0,17,actual_coverage@0.50,0.5,PRIMARY_TARGET_FREE_DIAGNOSIS
D1_SLEEPEDF_TO_ISRUC,C0,17,recall_Wake,0.9872559652928417,PRIMARY_TARGET_FREE_DIAGNOSIS
D1_SLEEPEDF_TO_ISRUC,C0,17,recall_N1,0.4543533389687236,PRIMARY_TARGET_FREE_DIAGNOSIS
D1_SLEEPEDF_TO_ISRUC,C0,17,recall_N2,0.8476546284765463,PRIMARY_TARGET_FREE_DIAGNOSIS
D1_SLEEPEDF_TO_ISRUC,C0,17,recall_N3,0.6951080773606371,PRIMARY_TARGET_FREE_DIAGNOSIS
D1_SLEEPEDF_TO_ISRUC,C0,17,recall_REM,0.6906934306569343,PRIMARY_TARGET_FREE_DIAGNOSIS
D1_SLEEPEDF_TO_ISRUC,C0,17,APS_nominal_coverage_0.10,0.9,PRIMARY_TARGET_FREE_DIAGNOSIS
D1_SLEEPEDF_TO_ISRUC,C0,17,APS_empirical_coverage_0.10,0.9995834490419327,PRIMARY_TARGET_FREE_DIAGNOSIS
D1_SLEEPEDF_TO_ISRUC,C0,17,APS_coverage_gap_0.10,-0.09958344904193273,PRIMARY_TARGET_FREE_DIAGNOSIS
D1_SLEEPEDF_TO_ISRUC,C0,17,APS_mean_set_size_0.10,2.9488683698972507,PRIMARY_TARGET_FREE_DIAGNOSIS
D1_SLEEPEDF_TO_ISRUC,C0,17,APS_median_set_size_0.10,4.0,PRIMARY_TARGET_FREE_DIAGNOSIS
D1_SLEEPEDF_TO_ISRUC,C0,17,APS_singleton_fraction_0.10,0.22613510136073314,PRIMARY_TARGET_FREE_DIAGNOSIS
D1_SLEEPEDF_TO_ISRUC,C0,17,APS_empty_fraction_0.10,0.0,PRIMARY_TARGET_FREE_DIAGNOSIS
D1_SLEEPEDF_TO_ISRUC,C0,17,APS_nominal_coverage_0.05,0.95,PRIMARY_TARGET_FREE_DIAGNOSIS
D1_SLEEPEDF_TO_ISRUC,C0,17,APS_empirical_coverage_0.05,0.9995834490419327,PRIMARY_TARGET_FREE_DIAGNOSIS
D1_SLEEPEDF_TO_ISRUC,C0,17,APS_coverage_gap_0.05,-0.04958344904193279,PRIMARY_TARGET_FREE_DIAGNOSIS
D1_SLEEPEDF_TO_ISRUC,C0,17,APS_mean_set_size_0.05,3.2336156623160233,PRIMARY_TARGET_FREE_DIAGNOSIS
D1_SLEEPEDF_TO_ISRUC,C0,17,APS_median_set_size_0.05,4.0,PRIMARY_TARGET_FREE_DIAGNOSIS
D1_SLEEPEDF_TO_ISRUC,C0,17,APS_singleton_fraction_0.05,0.13322688142182726,PRIMARY_TARGET_FREE_DIAGNOSIS
D1_SLEEPEDF_TO_ISRUC,C0,17,APS_empty_fraction_0.05,0.0,PRIMARY_TARGET_FREE_DIAGNOSIS
D1_SLEEPEDF_TO_ISRUC,C0,42,macro-F1,0.7536992671130646,PRIMARY_TARGET_FREE_DIAGNOSIS
D1_SLEEPEDF_TO_ISRUC,C0,42,balanced_accuracy,0.7480568597841986,PRIMARY_TARGET_FREE_DIAGNOSIS
D1_SLEEPEDF_TO_ISRUC,C0,42,NLL,0.21450567560527153,PRIMARY_TARGET_FREE_DIAGNOSIS
D1_SLEEPEDF_TO_ISRUC,C0,42,Brier,0.11463146291234176,PRIMARY_TARGET_FREE_DIAGNOSIS
D1_SLEEPEDF_TO_ISRUC,C0,42,ECE,0.01238927371766258,PRIMARY_TARGET_FREE_DIAGNOSIS
D1_SLEEPEDF_TO_ISRUC,C0,42,adaptive_ECE,0.012248792551824723,PRIMARY_TARGET_FREE_DIAGNOSIS
D1_SLEEPEDF_TO_ISRUC,C0,42,classwise_ECE,0.007500960452939552,PRIMARY_TARGET_FREE_DIAGNOSIS
D1_SLEEPEDF_TO_ISRUC,C0,42,error_AUROC,0.9407932887516881,PRIMARY_TARGET_FREE_DIAGNOSIS
D1_SLEEPEDF_TO_ISRUC,C0,42,error_AUPRC,0.5093082064203036,PRIMARY_TARGET_FREE_DIAGNOSIS
D1_SLEEPEDF_TO_ISRUC,C0,42,AURC,0.008527552070301583,PRIMARY_TARGET_FREE_DIAGNOSIS
D1_SLEEPEDF_TO_ISRUC,C0,42,risk@0.95,0.05639798304589301,PRIMARY_TARGET_FREE_DIAGNOSIS
D1_SLEEPEDF_TO_ISRUC,C0,42,selective_macro_f1@0.95,0.7752520472482071,PRIMARY_TARGET_FREE_DIAGNOSIS
D1_SLEEPEDF_TO_ISRUC,C0,42,actual_coverage@0.95,0.9500138850319356,PRIMARY_TARGET_FREE_DIAGNOSIS
D1_SLEEPEDF_TO_ISRUC,C0,42,risk@0.90,0.03702632340179346,PRIMARY_TARGET_FREE_DIAGNOSIS
D1_SLEEPEDF_TO_ISRUC,C0,42,selective_macro_f1@0.90,0.7716568589772652,PRIMARY_TARGET_FREE_DIAGNOSIS
D1_SLEEPEDF_TO_ISRUC,C0,42,actual_coverage@0.90,0.9000104137739516,PRIMARY_TARGET_FREE_DIAGNOSIS
D1_SLEEPEDF_TO_ISRUC,C0,42,risk@0.80,0.010782548326210053,PRIMARY_TARGET_FREE_DIAGNOSIS
D1_SLEEPEDF_TO_ISRUC,C0,42,selective_macro_f1@0.80,0.7585749596270684,PRIMARY_TARGET_FREE_DIAGNOSIS
D1_SLEEPEDF_TO_ISRUC,C0,42,actual_coverage@0.80,0.8000034712579839,PRIMARY_TARGET_FREE_DIAGNOSIS
D1_SLEEPEDF_TO_ISRUC,C0,42,risk@0.70,0.0013636814440146782,PRIMARY_TARGET_FREE_DIAGNOSIS
D1_SLEEPEDF_TO_ISRUC,C0,42,selective_macro_f1@0.70,0.7846337603218824,PRIMARY_TARGET_FREE_DIAGNOSIS
D1_SLEEPEDF_TO_ISRUC,C0,42,actual_coverage@0.70,0.7000138850319356,PRIMARY_TARGET_FREE_DIAGNOSIS
D1_SLEEPEDF_TO_ISRUC,C0,42,risk@0.50,3.471257983893363e-05,PRIMARY_TARGET_FREE_DIAGNOSIS
D1_SLEEPEDF_TO_ISRUC,C0,42,selective_macro_f1@0.50,0.1999965286817669,PRIMARY_TARGET_FREE_DIAGNOSIS
D1_SLEEPEDF_TO_ISRUC,C0,42,actual_coverage@0.50,0.5,PRIMARY_TARGET_FREE_DIAGNOSIS
D1_SLEEPEDF_TO_ISRUC,C0,42,recall_Wake,0.9821780713863143,PRIMARY_TARGET_FREE_DIAGNOSIS
D1_SLEEPEDF_TO_ISRUC,C0,42,recall_N1,0.46999154691462386,PRIMARY_TARGET_FREE_DIAGNOSIS
D1_SLEEPEDF_TO_ISRUC,C0,42,recall_N2,0.8654005811540059,PRIMARY_TARGET_FREE_DIAGNOSIS
D1_SLEEPEDF_TO_ISRUC,C0,42,recall_N3,0.7110352673492605,PRIMARY_TARGET_FREE_DIAGNOSIS
D1_SLEEPEDF_TO_ISRUC,C0,42,recall_REM,0.7116788321167883,PRIMARY_TARGET_FREE_DIAGNOSIS
D1_SLEEPEDF_TO_ISRUC,C0,42,APS_nominal_coverage_0.10,0.9,PRIMARY_TARGET_FREE_DIAGNOSIS
D1_SLEEPEDF_TO_ISRUC,C0,42,APS_empirical_coverage_0.10,0.9996181616217718,PRIMARY_TARGET_FREE_DIAGNOSIS
D1_SLEEPEDF_TO_ISRUC,C0,42,APS_coverage_gap_0.10,-0.09961816162177173,PRIMARY_TARGET_FREE_DIAGNOSIS
D1_SLEEPEDF_TO_ISRUC,C0,42,APS_mean_set_size_0.10,2.8251180227714525,PRIMARY_TARGET_FREE_DIAGNOSIS
D1_SLEEPEDF_TO_ISRUC,C0,42,APS_median_set_size_0.10,4.0,PRIMARY_TARGET_FREE_DIAGNOSIS
D1_SLEEPEDF_TO_ISRUC,C0,42,APS_singleton_fraction_0.10,0.3010448486531519,PRIMARY_TARGET_FREE_DIAGNOSIS
D1_SLEEPEDF_TO_ISRUC,C0,42,APS_empty_fraction_0.10,0.0,PRIMARY_TARGET_FREE_DIAGNOSIS
D1_SLEEPEDF_TO_ISRUC,C0,42,APS_nominal_coverage_0.05,0.95,PRIMARY_TARGET_FREE_DIAGNOSIS
D1_SLEEPEDF_TO_ISRUC,C0,42,APS_empirical_coverage_0.05,0.9996181616217718,PRIMARY_TARGET_FREE_DIAGNOSIS
D1_SLEEPEDF_TO_ISRUC,C0,42,APS_coverage_gap_0.05,-0.049618161621771795,PRIMARY_TARGET_FREE_DIAGNOSIS
D1_SLEEPEDF_TO_ISRUC,C0,42,APS_mean_set_size_0.05,3.0974729241877257,PRIMARY_TARGET_FREE_DIAGNOSIS
D1_SLEEPEDF_TO_ISRUC,C0,42,APS_median_set_size_0.05,4.0,PRIMARY_TARGET_FREE_DIAGNOSIS
D1_SLEEPEDF_TO_ISRUC,C0,42,APS_singleton_fraction_0.05,0.2174569564009997,PRIMARY_TARGET_FREE_DIAGNOSIS
D1_SLEEPEDF_TO_ISRUC,C0,42,APS_empty_fraction_0.05,0.0,PRIMARY_TARGET_FREE_DIAGNOSIS
D1_SLEEPEDF_TO_ISRUC,C0,2026,macro-F1,0.7415427224352266,PRIMARY_TARGET_FREE_DIAGNOSIS
D1_SLEEPEDF_TO_ISRUC,C0,2026,balanced_accuracy,0.736129381662761,PRIMARY_TARGET_FREE_DIAGNOSIS
D1_SLEEPEDF_TO_ISRUC,C0,2026,NLL,0.22485904271348836,PRIMARY_TARGET_FREE_DIAGNOSIS
D1_SLEEPEDF_TO_ISRUC,C0,2026,Brier,0.11907798957773198,PRIMARY_TARGET_FREE_DIAGNOSIS
D1_SLEEPEDF_TO_ISRUC,C0,2026,ECE,0.009933091012239478,PRIMARY_TARGET_FREE_DIAGNOSIS
D1_SLEEPEDF_TO_ISRUC,C0,2026,adaptive_ECE,0.009745531788715824,PRIMARY_TARGET_FREE_DIAGNOSIS
D1_SLEEPEDF_TO_ISRUC,C0,2026,classwise_ECE,0.00957876173753683,PRIMARY_TARGET_FREE_DIAGNOSIS
D1_SLEEPEDF_TO_ISRUC,C0,2026,error_AUROC,0.9419395870620182,PRIMARY_TARGET_FREE_DIAGNOSIS
D1_SLEEPEDF_TO_ISRUC,C0,2026,error_AUPRC,0.517523467947197,PRIMARY_TARGET_FREE_DIAGNOSIS
D1_SLEEPEDF_TO_ISRUC,C0,2026,AURC,0.008970731119025912,PRIMARY_TARGET_FREE_DIAGNOSIS
D1_SLEEPEDF_TO_ISRUC,C0,2026,risk@0.95,0.060271119555685475,PRIMARY_TARGET_FREE_DIAGNOSIS
D1_SLEEPEDF_TO_ISRUC,C0,2026,selective_macro_f1@0.95,0.7600625679061335,PRIMARY_TARGET_FREE_DIAGNOSIS
D1_SLEEPEDF_TO_ISRUC,C0,2026,actual_coverage@0.95,0.9500138850319356,PRIMARY_TARGET_FREE_DIAGNOSIS
D1_SLEEPEDF_TO_ISRUC,C0,2026,risk@0.90,0.03881978594156783,PRIMARY_TARGET_FREE_DIAGNOSIS
D1_SLEEPEDF_TO_ISRUC,C0,2026,selective_macro_f1@0.90,0.7649429042066279,PRIMARY_TARGET_FREE_DIAGNOSIS
D1_SLEEPEDF_TO_ISRUC,C0,2026,actual_coverage@0.90,0.9000104137739516,PRIMARY_TARGET_FREE_DIAGNOSIS
D1_SLEEPEDF_TO_ISRUC,C0,2026,risk@0.80,0.011021196277091966,PRIMARY_TARGET_FREE_DIAGNOSIS
D1_SLEEPEDF_TO_ISRUC,C0,2026,selective_macro_f1@0.80,0.7619917004314071,PRIMARY_TARGET_FREE_DIAGNOSIS
D1_SLEEPEDF_TO_ISRUC,C0,2026,actual_coverage@0.80,0.8000034712579839,PRIMARY_TARGET_FREE_DIAGNOSIS
D1_SLEEPEDF_TO_ISRUC,C0,2026,risk@0.70,0.0012892988197956957,PRIMARY_TARGET_FREE_DIAGNOSIS
D1_SLEEPEDF_TO_ISRUC,C0,2026,selective_macro_f1@0.70,0.7854314516184594,PRIMARY_TARGET_FREE_DIAGNOSIS
D1_SLEEPEDF_TO_ISRUC,C0,2026,actual_coverage@0.70,0.7000138850319356,PRIMARY_TARGET_FREE_DIAGNOSIS
D1_SLEEPEDF_TO_ISRUC,C0,2026,risk@0.50,0.0,PRIMARY_TARGET_FREE_DIAGNOSIS
D1_SLEEPEDF_TO_ISRUC,C0,2026,selective_macro_f1@0.50,0.2,PRIMARY_TARGET_FREE_DIAGNOSIS
D1_SLEEPEDF_TO_ISRUC,C0,2026,actual_coverage@0.50,0.5,PRIMARY_TARGET_FREE_DIAGNOSIS
D1_SLEEPEDF_TO_ISRUC,C0,2026,recall_Wake,0.9842486689015973,PRIMARY_TARGET_FREE_DIAGNOSIS
D1_SLEEPEDF_TO_ISRUC,C0,2026,recall_N1,0.4260355029585799,PRIMARY_TARGET_FREE_DIAGNOSIS
D1_SLEEPEDF_TO_ISRUC,C0,2026,recall_N2,0.8327106683271067,PRIMARY_TARGET_FREE_DIAGNOSIS
D1_SLEEPEDF_TO_ISRUC,C0,2026,recall_N3,0.6666666666666666,PRIMARY_TARGET_FREE_DIAGNOSIS
D1_SLEEPEDF_TO_ISRUC,C0,2026,recall_REM,0.7709854014598541,PRIMARY_TARGET_FREE_DIAGNOSIS
D1_SLEEPEDF_TO_ISRUC,C0,2026,APS_nominal_coverage_0.10,0.9,PRIMARY_TARGET_FREE_DIAGNOSIS
D1_SLEEPEDF_TO_ISRUC,C0,2026,APS_empirical_coverage_0.10,0.9995313801721744,PRIMARY_TARGET_FREE_DIAGNOSIS
D1_SLEEPEDF_TO_ISRUC,C0,2026,APS_coverage_gap_0.10,-0.09953138017217433,PRIMARY_TARGET_FREE_DIAGNOSIS
D1_SLEEPEDF_TO_ISRUC,C0,2026,APS_mean_set_size_0.10,2.8666169119688973,PRIMARY_TARGET_FREE_DIAGNOSIS
D1_SLEEPEDF_TO_ISRUC,C0,2026,APS_median_set_size_0.10,3.0,PRIMARY_TARGET_FREE_DIAGNOSIS
D1_SLEEPEDF_TO_ISRUC,C0,2026,APS_singleton_fraction_0.10,0.2268814218272702,PRIMARY_TARGET_FREE_DIAGNOSIS
D1_SLEEPEDF_TO_ISRUC,C0,2026,APS_empty_fraction_0.10,0.0,PRIMARY_TARGET_FREE_DIAGNOSIS
D1_SLEEPEDF_TO_ISRUC,C0,2026,APS_nominal_coverage_0.05,0.95,PRIMARY_TARGET_FREE_DIAGNOSIS
D1_SLEEPEDF_TO_ISRUC,C0,2026,APS_empirical_coverage_0.05,0.9995487364620939,PRIMARY_TARGET_FREE_DIAGNOSIS
D1_SLEEPEDF_TO_ISRUC,C0,2026,APS_coverage_gap_0.05,-0.0495487364620939,PRIMARY_TARGET_FREE_DIAGNOSIS
D1_SLEEPEDF_TO_ISRUC,C0,2026,APS_mean_set_size_0.05,3.1582720077756177,PRIMARY_TARGET_FREE_DIAGNOSIS
D1_SLEEPEDF_TO_ISRUC,C0,2026,APS_median_set_size_0.05,4.0,PRIMARY_TARGET_FREE_DIAGNOSIS
D1_SLEEPEDF_TO_ISRUC,C0,2026,APS_singleton_fraction_0.05,0.13543113024159956,PRIMARY_TARGET_FREE_DIAGNOSIS
D1_SLEEPEDF_TO_ISRUC,C0,2026,APS_empty_fraction_0.05,0.0,PRIMARY_TARGET_FREE_DIAGNOSIS
D1_SLEEPEDF_TO_ISRUC,C0,MULTI_SEED_MEAN,macro-F1,0.7479975565180403,PRIMARY_TARGET_FREE_DIAGNOSIS
D1_SLEEPEDF_TO_ISRUC,C0,MULTI_SEED_MEAN,NLL,0.22027111064291127,PRIMARY_TARGET_FREE_DIAGNOSIS
D1_SLEEPEDF_TO_ISRUC,C0,MULTI_SEED_MEAN,Brier,0.11686707174564977,PRIMARY_TARGET_FREE_DIAGNOSIS
D1_SLEEPEDF_TO_ISRUC,C0,MULTI_SEED_MEAN,error_AUROC,0.9411976019115,PRIMARY_TARGET_FREE_DIAGNOSIS
D1_SLEEPEDF_TO_ISRUC,C0,MULTI_SEED_MEAN,error_AUPRC,0.512446913898147,PRIMARY_TARGET_FREE_DIAGNOSIS
D1_SLEEPEDF_TO_ISRUC,C0,MULTI_SEED_MEAN,AURC,0.008754427262024453,PRIMARY_TARGET_FREE_DIAGNOSIS
D1_SLEEPEDF_TO_ISRUC,C1,17,macro-F1,0.6619562675168399,PRIMARY_TARGET_FREE_DIAGNOSIS
D1_SLEEPEDF_TO_ISRUC,C1,17,balanced_accuracy,0.6359822633943366,PRIMARY_TARGET_FREE_DIAGNOSIS
D1_SLEEPEDF_TO_ISRUC,C1,17,NLL,0.28185254354977646,PRIMARY_TARGET_FREE_DIAGNOSIS
D1_SLEEPEDF_TO_ISRUC,C1,17,Brier,0.14618357969781035,PRIMARY_TARGET_FREE_DIAGNOSIS
D1_SLEEPEDF_TO_ISRUC,C1,17,ECE,0.006274270465107376,PRIMARY_TARGET_FREE_DIAGNOSIS
D1_SLEEPEDF_TO_ISRUC,C1,17,adaptive_ECE,0.0063130048807465,PRIMARY_TARGET_FREE_DIAGNOSIS
D1_SLEEPEDF_TO_ISRUC,C1,17,classwise_ECE,0.008371558406337265,PRIMARY_TARGET_FREE_DIAGNOSIS
D1_SLEEPEDF_TO_ISRUC,C1,17,error_AUROC,0.9351718986884248,PRIMARY_TARGET_FREE_DIAGNOSIS
D1_SLEEPEDF_TO_ISRUC,C1,17,error_AUPRC,0.562006393700775,PRIMARY_TARGET_FREE_DIAGNOSIS
D1_SLEEPEDF_TO_ISRUC,C1,17,AURC,0.013069350186746473,PRIMARY_TARGET_FREE_DIAGNOSIS
D1_SLEEPEDF_TO_ISRUC,C1,17,risk@0.95,0.07773677287342882,PRIMARY_TARGET_FREE_DIAGNOSIS
D1_SLEEPEDF_TO_ISRUC,C1,17,selective_macro_f1@0.95,0.6631118220901973,PRIMARY_TARGET_FREE_DIAGNOSIS
D1_SLEEPEDF_TO_ISRUC,C1,17,actual_coverage@0.95,0.9500138850319356,PRIMARY_TARGET_FREE_DIAGNOSIS
D1_SLEEPEDF_TO_ISRUC,C1,17,risk@0.90,0.05424742069231511,PRIMARY_TARGET_FREE_DIAGNOSIS
D1_SLEEPEDF_TO_ISRUC,C1,17,selective_macro_f1@0.90,0.6601777241095401,PRIMARY_TARGET_FREE_DIAGNOSIS
D1_SLEEPEDF_TO_ISRUC,C1,17,actual_coverage@0.90,0.9000104137739516,PRIMARY_TARGET_FREE_DIAGNOSIS
D1_SLEEPEDF_TO_ISRUC,C1,17,risk@0.80,0.021001019677608312,PRIMARY_TARGET_FREE_DIAGNOSIS
D1_SLEEPEDF_TO_ISRUC,C1,17,selective_macro_f1@0.80,0.6965943472525168,PRIMARY_TARGET_FREE_DIAGNOSIS
D1_SLEEPEDF_TO_ISRUC,C1,17,actual_coverage@0.80,0.8000034712579839,PRIMARY_TARGET_FREE_DIAGNOSIS
D1_SLEEPEDF_TO_ISRUC,C1,17,risk@0.70,0.004983635822671824,PRIMARY_TARGET_FREE_DIAGNOSIS
D1_SLEEPEDF_TO_ISRUC,C1,17,selective_macro_f1@0.70,0.576128839172773,PRIMARY_TARGET_FREE_DIAGNOSIS
D1_SLEEPEDF_TO_ISRUC,C1,17,actual_coverage@0.70,0.7000138850319356,PRIMARY_TARGET_FREE_DIAGNOSIS
D1_SLEEPEDF_TO_ISRUC,C1,17,risk@0.50,0.00020827547903360177,PRIMARY_TARGET_FREE_DIAGNOSIS
D1_SLEEPEDF_TO_ISRUC,C1,17,selective_macro_f1@0.50,0.2,PRIMARY_TARGET_FREE_DIAGNOSIS
D1_SLEEPEDF_TO_ISRUC,C1,17,actual_coverage@0.50,0.5,PRIMARY_TARGET_FREE_DIAGNOSIS
D1_SLEEPEDF_TO_ISRUC,C1,17,recall_Wake,0.9864918162098205,PRIMARY_TARGET_FREE_DIAGNOSIS
D1_SLEEPEDF_TO_ISRUC,C1,17,recall_N1,0.2265426880811496,PRIMARY_TARGET_FREE_DIAGNOSIS
D1_SLEEPEDF_TO_ISRUC,C1,17,recall_N2,0.8534661685346617,PRIMARY_TARGET_FREE_DIAGNOSIS
D1_SLEEPEDF_TO_ISRUC,C1,17,recall_N3,0.6188850967007964,PRIMARY_TARGET_FREE_DIAGNOSIS
D1_SLEEPEDF_TO_ISRUC,C1,17,recall_REM,0.49452554744525545,PRIMARY_TARGET_FREE_DIAGNOSIS
D1_SLEEPEDF_TO_ISRUC,C1,17,APS_nominal_coverage_0.10,0.9,PRIMARY_TARGET_FREE_DIAGNOSIS
D1_SLEEPEDF_TO_ISRUC,C1,17,APS_empirical_coverage_0.10,0.9987503471257984,PRIMARY_TARGET_FREE_DIAGNOSIS
D1_SLEEPEDF_TO_ISRUC,C1,17,APS_coverage_gap_0.10,-0.09875034712579833,PRIMARY_TARGET_FREE_DIAGNOSIS
D1_SLEEPEDF_TO_ISRUC,C1,17,APS_mean_set_size_0.10,3.7611774507081366,PRIMARY_TARGET_FREE_DIAGNOSIS
D1_SLEEPEDF_TO_ISRUC,C1,17,APS_median_set_size_0.10,4.0,PRIMARY_TARGET_FREE_DIAGNOSIS
D1_SLEEPEDF_TO_ISRUC,C1,17,APS_singleton_fraction_0.10,0.002429880588725354,PRIMARY_TARGET_FREE_DIAGNOSIS
D1_SLEEPEDF_TO_ISRUC,C1,17,APS_empty_fraction_0.10,0.0,PRIMARY_TARGET_FREE_DIAGNOSIS
D1_SLEEPEDF_TO_ISRUC,C1,17,APS_nominal_coverage_0.05,0.95,PRIMARY_TARGET_FREE_DIAGNOSIS
D1_SLEEPEDF_TO_ISRUC,C1,17,APS_empirical_coverage_0.05,0.9987503471257984,PRIMARY_TARGET_FREE_DIAGNOSIS
D1_SLEEPEDF_TO_ISRUC,C1,17,APS_coverage_gap_0.05,-0.0487503471257984,PRIMARY_TARGET_FREE_DIAGNOSIS
D1_SLEEPEDF_TO_ISRUC,C1,17,APS_mean_set_size_0.05,3.8953242154956955,PRIMARY_TARGET_FREE_DIAGNOSIS
D1_SLEEPEDF_TO_ISRUC,C1,17,APS_median_set_size_0.05,4.0,PRIMARY_TARGET_FREE_DIAGNOSIS
D1_SLEEPEDF_TO_ISRUC,C1,17,APS_singleton_fraction_0.05,0.0,PRIMARY_TARGET_FREE_DIAGNOSIS
D1_SLEEPEDF_TO_ISRUC,C1,17,APS_empty_fraction_0.05,0.0,PRIMARY_TARGET_FREE_DIAGNOSIS
D1_SLEEPEDF_TO_ISRUC,C1,42,macro-F1,0.6614913822982269,PRIMARY_TARGET_FREE_DIAGNOSIS
D1_SLEEPEDF_TO_ISRUC,C1,42,balanced_accuracy,0.6395273463982274,PRIMARY_TARGET_FREE_DIAGNOSIS
D1_SLEEPEDF_TO_ISRUC,C1,42,NLL,0.27696275620576527,PRIMARY_TARGET_FREE_DIAGNOSIS
D1_SLEEPEDF_TO_ISRUC,C1,42,Brier,0.14604169450769544,PRIMARY_TARGET_FREE_DIAGNOSIS
D1_SLEEPEDF_TO_ISRUC,C1,42,ECE,0.004509330972368241,PRIMARY_TARGET_FREE_DIAGNOSIS
D1_SLEEPEDF_TO_ISRUC,C1,42,adaptive_ECE,0.004188287849766049,PRIMARY_TARGET_FREE_DIAGNOSIS
D1_SLEEPEDF_TO_ISRUC,C1,42,classwise_ECE,0.008700208277259622,PRIMARY_TARGET_FREE_DIAGNOSIS
D1_SLEEPEDF_TO_ISRUC,C1,42,error_AUROC,0.9312345332459007,PRIMARY_TARGET_FREE_DIAGNOSIS
D1_SLEEPEDF_TO_ISRUC,C1,42,error_AUPRC,0.5442586032784472,PRIMARY_TARGET_FREE_DIAGNOSIS
D1_SLEEPEDF_TO_ISRUC,C1,42,AURC,0.013611198344776344,PRIMARY_TARGET_FREE_DIAGNOSIS
D1_SLEEPEDF_TO_ISRUC,C1,42,risk@0.95,0.07972814966384098,PRIMARY_TARGET_FREE_DIAGNOSIS
D1_SLEEPEDF_TO_ISRUC,C1,42,selective_macro_f1@0.95,0.6612520244327244,PRIMARY_TARGET_FREE_DIAGNOSIS
D1_SLEEPEDF_TO_ISRUC,C1,42,actual_coverage@0.95,0.9500138850319356,PRIMARY_TARGET_FREE_DIAGNOSIS
D1_SLEEPEDF_TO_ISRUC,C1,42,risk@0.90,0.0566194195352425,PRIMARY_TARGET_FREE_DIAGNOSIS
D1_SLEEPEDF_TO_ISRUC,C1,42,selective_macro_f1@0.90,0.655829186835265,PRIMARY_TARGET_FREE_DIAGNOSIS
D1_SLEEPEDF_TO_ISRUC,C1,42,actual_coverage@0.90,0.9000104137739516,PRIMARY_TARGET_FREE_DIAGNOSIS
D1_SLEEPEDF_TO_ISRUC,C1,42,risk@0.80,0.023669537673833337,PRIMARY_TARGET_FREE_DIAGNOSIS
D1_SLEEPEDF_TO_ISRUC,C1,42,selective_macro_f1@0.80,0.6789234132964463,PRIMARY_TARGET_FREE_DIAGNOSIS
D1_SLEEPEDF_TO_ISRUC,C1,42,actual_coverage@0.80,0.8000034712579839,PRIMARY_TARGET_FREE_DIAGNOSIS
D1_SLEEPEDF_TO_ISRUC,C1,42,risk@0.70,0.005157195279182783,PRIMARY_TARGET_FREE_DIAGNOSIS
D1_SLEEPEDF_TO_ISRUC,C1,42,selective_macro_f1@0.70,0.5582221508958082,PRIMARY_TARGET_FREE_DIAGNOSIS
D1_SLEEPEDF_TO_ISRUC,C1,42,actual_coverage@0.70,0.7000138850319356,PRIMARY_TARGET_FREE_DIAGNOSIS
D1_SLEEPEDF_TO_ISRUC,C1,42,risk@0.50,0.0004512635379061372,PRIMARY_TARGET_FREE_DIAGNOSIS
D1_SLEEPEDF_TO_ISRUC,C1,42,selective_macro_f1@0.50,0.4520358868184955,PRIMARY_TARGET_FREE_DIAGNOSIS
D1_SLEEPEDF_TO_ISRUC,C1,42,actual_coverage@0.50,0.5,PRIMARY_TARGET_FREE_DIAGNOSIS
D1_SLEEPEDF_TO_ISRUC,C1,42,recall_Wake,0.980575823309012,PRIMARY_TARGET_FREE_DIAGNOSIS
D1_SLEEPEDF_TO_ISRUC,C1,42,recall_N1,0.28064243448858833,PRIMARY_TARGET_FREE_DIAGNOSIS
D1_SLEEPEDF_TO_ISRUC,C1,42,recall_N2,0.8584474885844748,PRIMARY_TARGET_FREE_DIAGNOSIS
D1_SLEEPEDF_TO_ISRUC,C1,42,recall_N3,0.5159271899886234,PRIMARY_TARGET_FREE_DIAGNOSIS
D1_SLEEPEDF_TO_ISRUC,C1,42,recall_REM,0.5620437956204379,PRIMARY_TARGET_FREE_DIAGNOSIS
D1_SLEEPEDF_TO_ISRUC,C1,42,APS_nominal_coverage_0.10,0.9,PRIMARY_TARGET_FREE_DIAGNOSIS
D1_SLEEPEDF_TO_ISRUC,C1,42,APS_empirical_coverage_0.10,0.998437933907248,PRIMARY_TARGET_FREE_DIAGNOSIS
D1_SLEEPEDF_TO_ISRUC,C1,42,APS_coverage_gap_0.10,-0.09843793390724798,PRIMARY_TARGET_FREE_DIAGNOSIS
D1_SLEEPEDF_TO_ISRUC,C1,42,APS_mean_set_size_0.10,3.6901902249375174,PRIMARY_TARGET_FREE_DIAGNOSIS
D1_SLEEPEDF_TO_ISRUC,C1,42,APS_median_set_size_0.10,4.0,PRIMARY_TARGET_FREE_DIAGNOSIS
D1_SLEEPEDF_TO_ISRUC,C1,42,APS_singleton_fraction_0.10,0.04642807553457373,PRIMARY_TARGET_FREE_DIAGNOSIS
D1_SLEEPEDF_TO_ISRUC,C1,42,APS_empty_fraction_0.10,0.0,PRIMARY_TARGET_FREE_DIAGNOSIS
D1_SLEEPEDF_TO_ISRUC,C1,42,APS_nominal_coverage_0.05,0.95,PRIMARY_TARGET_FREE_DIAGNOSIS
D1_SLEEPEDF_TO_ISRUC,C1,42,APS_empirical_coverage_0.05,0.998437933907248,PRIMARY_TARGET_FREE_DIAGNOSIS
D1_SLEEPEDF_TO_ISRUC,C1,42,APS_coverage_gap_0.05,-0.04843793390724804,PRIMARY_TARGET_FREE_DIAGNOSIS
D1_SLEEPEDF_TO_ISRUC,C1,42,APS_mean_set_size_0.05,3.8250138850319355,PRIMARY_TARGET_FREE_DIAGNOSIS
D1_SLEEPEDF_TO_ISRUC,C1,42,APS_median_set_size_0.05,4.0,PRIMARY_TARGET_FREE_DIAGNOSIS
D1_SLEEPEDF_TO_ISRUC,C1,42,APS_singleton_fraction_0.05,0.02075812274368231,PRIMARY_TARGET_FREE_DIAGNOSIS
D1_SLEEPEDF_TO_ISRUC,C1,42,APS_empty_fraction_0.05,0.0,PRIMARY_TARGET_FREE_DIAGNOSIS
D1_SLEEPEDF_TO_ISRUC,C1,2026,macro-F1,0.6666294870178266,PRIMARY_TARGET_FREE_DIAGNOSIS
D1_SLEEPEDF_TO_ISRUC,C1,2026,balanced_accuracy,0.6501841723203364,PRIMARY_TARGET_FREE_DIAGNOSIS
D1_SLEEPEDF_TO_ISRUC,C1,2026,NLL,0.2816987084853864,PRIMARY_TARGET_FREE_DIAGNOSIS
D1_SLEEPEDF_TO_ISRUC,C1,2026,Brier,0.14634343119733514,PRIMARY_TARGET_FREE_DIAGNOSIS
D1_SLEEPEDF_TO_ISRUC,C1,2026,ECE,0.007607608255184179,PRIMARY_TARGET_FREE_DIAGNOSIS
D1_SLEEPEDF_TO_ISRUC,C1,2026,adaptive_ECE,0.007011875429051659,PRIMARY_TARGET_FREE_DIAGNOSIS
D1_SLEEPEDF_TO_ISRUC,C1,2026,classwise_ECE,0.011559682552198101,PRIMARY_TARGET_FREE_DIAGNOSIS
D1_SLEEPEDF_TO_ISRUC,C1,2026,error_AUROC,0.9334055548240213,PRIMARY_TARGET_FREE_DIAGNOSIS
D1_SLEEPEDF_TO_ISRUC,C1,2026,error_AUPRC,0.5591571812617133,PRIMARY_TARGET_FREE_DIAGNOSIS
D1_SLEEPEDF_TO_ISRUC,C1,2026,AURC,0.013463135115480668,PRIMARY_TARGET_FREE_DIAGNOSIS
D1_SLEEPEDF_TO_ISRUC,C1,2026,risk@0.95,0.0792348728441976,PRIMARY_TARGET_FREE_DIAGNOSIS
D1_SLEEPEDF_TO_ISRUC,C1,2026,selective_macro_f1@0.95,0.6710612942876015,PRIMARY_TARGET_FREE_DIAGNOSIS
D1_SLEEPEDF_TO_ISRUC,C1,2026,actual_coverage@0.95,0.9500138850319356,PRIMARY_TARGET_FREE_DIAGNOSIS
D1_SLEEPEDF_TO_ISRUC,C1,2026,risk@0.90,0.05580946871082827,PRIMARY_TARGET_FREE_DIAGNOSIS
D1_SLEEPEDF_TO_ISRUC,C1,2026,selective_macro_f1@0.90,0.669321490753995,PRIMARY_TARGET_FREE_DIAGNOSIS
D1_SLEEPEDF_TO_ISRUC,C1,2026,actual_coverage@0.90,0.9000104137739516,PRIMARY_TARGET_FREE_DIAGNOSIS
D1_SLEEPEDF_TO_ISRUC,C1,2026,risk@0.80,0.02210747835896991,PRIMARY_TARGET_FREE_DIAGNOSIS
D1_SLEEPEDF_TO_ISRUC,C1,2026,selective_macro_f1@0.80,0.6940402563984176,PRIMARY_TARGET_FREE_DIAGNOSIS
D1_SLEEPEDF_TO_ISRUC,C1,2026,actual_coverage@0.80,0.8000034712579839,PRIMARY_TARGET_FREE_DIAGNOSIS
D1_SLEEPEDF_TO_ISRUC,C1,2026,risk@0.70,0.0044133690369929585,PRIMARY_TARGET_FREE_DIAGNOSIS
D1_SLEEPEDF_TO_ISRUC,C1,2026,selective_macro_f1@0.70,0.579297388176011,PRIMARY_TARGET_FREE_DIAGNOSIS
D1_SLEEPEDF_TO_ISRUC,C1,2026,actual_coverage@0.70,0.7000138850319356,PRIMARY_TARGET_FREE_DIAGNOSIS
D1_SLEEPEDF_TO_ISRUC,C1,2026,risk@0.50,0.0006248264371008053,PRIMARY_TARGET_FREE_DIAGNOSIS
D1_SLEEPEDF_TO_ISRUC,C1,2026,selective_macro_f1@0.50,0.5775235672857405,PRIMARY_TARGET_FREE_DIAGNOSIS
D1_SLEEPEDF_TO_ISRUC,C1,2026,actual_coverage@0.50,0.5,PRIMARY_TARGET_FREE_DIAGNOSIS
D1_SLEEPEDF_TO_ISRUC,C1,2026,recall_Wake,0.9858755669493197,PRIMARY_TARGET_FREE_DIAGNOSIS
D1_SLEEPEDF_TO_ISRUC,C1,2026,recall_N1,0.24640743871513102,PRIMARY_TARGET_FREE_DIAGNOSIS
D1_SLEEPEDF_TO_ISRUC,C1,2026,recall_N2,0.8267953507679535,PRIMARY_TARGET_FREE_DIAGNOSIS
D1_SLEEPEDF_TO_ISRUC,C1,2026,recall_N3,0.6632536973833902,PRIMARY_TARGET_FREE_DIAGNOSIS
D1_SLEEPEDF_TO_ISRUC,C1,2026,recall_REM,0.5285888077858881,PRIMARY_TARGET_FREE_DIAGNOSIS
D1_SLEEPEDF_TO_ISRUC,C1,2026,APS_nominal_coverage_0.10,0.9,PRIMARY_TARGET_FREE_DIAGNOSIS
D1_SLEEPEDF_TO_ISRUC,C1,2026,APS_empirical_coverage_0.10,0.998437933907248,PRIMARY_TARGET_FREE_DIAGNOSIS
D1_SLEEPEDF_TO_ISRUC,C1,2026,APS_coverage_gap_0.10,-0.09843793390724798,PRIMARY_TARGET_FREE_DIAGNOSIS
D1_SLEEPEDF_TO_ISRUC,C1,2026,APS_mean_set_size_0.10,3.8814912524298806,PRIMARY_TARGET_FREE_DIAGNOSIS
D1_SLEEPEDF_TO_ISRUC,C1,2026,APS_median_set_size_0.10,4.0,PRIMARY_TARGET_FREE_DIAGNOSIS
D1_SLEEPEDF_TO_ISRUC,C1,2026,APS_singleton_fraction_0.10,0.0015447098028325465,PRIMARY_TARGET_FREE_DIAGNOSIS
D1_SLEEPEDF_TO_ISRUC,C1,2026,APS_empty_fraction_0.10,0.0,PRIMARY_TARGET_FREE_DIAGNOSIS
D1_SLEEPEDF_TO_ISRUC,C1,2026,APS_nominal_coverage_0.05,0.95,PRIMARY_TARGET_FREE_DIAGNOSIS
D1_SLEEPEDF_TO_ISRUC,C1,2026,APS_empirical_coverage_0.05,0.998437933907248,PRIMARY_TARGET_FREE_DIAGNOSIS
D1_SLEEPEDF_TO_ISRUC,C1,2026,APS_coverage_gap_0.05,-0.04843793390724804,PRIMARY_TARGET_FREE_DIAGNOSIS
D1_SLEEPEDF_TO_ISRUC,C1,2026,APS_mean_set_size_0.05,3.97721119133574,PRIMARY_TARGET_FREE_DIAGNOSIS
D1_SLEEPEDF_TO_ISRUC,C1,2026,APS_median_set_size_0.05,4.0,PRIMARY_TARGET_FREE_DIAGNOSIS
D1_SLEEPEDF_TO_ISRUC,C1,2026,APS_singleton_fraction_0.05,0.0,PRIMARY_TARGET_FREE_DIAGNOSIS
D1_SLEEPEDF_TO_ISRUC,C1,2026,APS_empty_fraction_0.05,0.0,PRIMARY_TARGET_FREE_DIAGNOSIS
D1_SLEEPEDF_TO_ISRUC,C1,MULTI_SEED_MEAN,macro-F1,0.6633590456109645,PRIMARY_TARGET_FREE_DIAGNOSIS
D1_SLEEPEDF_TO_ISRUC,C1,MULTI_SEED_MEAN,NLL,0.28017133608030936,PRIMARY_TARGET_FREE_DIAGNOSIS
D1_SLEEPEDF_TO_ISRUC,C1,MULTI_SEED_MEAN,Brier,0.14618956846761366,PRIMARY_TARGET_FREE_DIAGNOSIS
D1_SLEEPEDF_TO_ISRUC,C1,MULTI_SEED_MEAN,error_AUROC,0.9332706622527822,PRIMARY_TARGET_FREE_DIAGNOSIS
D1_SLEEPEDF_TO_ISRUC,C1,MULTI_SEED_MEAN,error_AUPRC,0.5551407260803118,PRIMARY_TARGET_FREE_DIAGNOSIS
D1_SLEEPEDF_TO_ISRUC,C1,MULTI_SEED_MEAN,AURC,0.013381227882334494,PRIMARY_TARGET_FREE_DIAGNOSIS
D1_SLEEPEDF_TO_ISRUC,C2,17,macro-F1,0.45455162444396235,PRIMARY_TARGET_FREE_DIAGNOSIS
D1_SLEEPEDF_TO_ISRUC,C2,17,balanced_accuracy,0.5411424253982766,PRIMARY_TARGET_FREE_DIAGNOSIS
D1_SLEEPEDF_TO_ISRUC,C2,17,NLL,0.6265170815681794,PRIMARY_TARGET_FREE_DIAGNOSIS
D1_SLEEPEDF_TO_ISRUC,C2,17,Brier,0.3323281937469594,PRIMARY_TARGET_FREE_DIAGNOSIS
D1_SLEEPEDF_TO_ISRUC,C2,17,ECE,0.027860965664391477,PRIMARY_TARGET_FREE_DIAGNOSIS
D1_SLEEPEDF_TO_ISRUC,C2,17,adaptive_ECE,0.029642239791726907,PRIMARY_TARGET_FREE_DIAGNOSIS
D1_SLEEPEDF_TO_ISRUC,C2,17,classwise_ECE,0.06387346144377241,PRIMARY_TARGET_FREE_DIAGNOSIS
D1_SLEEPEDF_TO_ISRUC,C2,17,error_AUROC,0.841486238186926,PRIMARY_TARGET_FREE_DIAGNOSIS
D1_SLEEPEDF_TO_ISRUC,C2,17,error_AUPRC,0.5514447904600207,PRIMARY_TARGET_FREE_DIAGNOSIS
D1_SLEEPEDF_TO_ISRUC,C2,17,AURC,0.07755509378566744,PRIMARY_TARGET_FREE_DIAGNOSIS
D1_SLEEPEDF_TO_ISRUC,C2,17,risk@0.95,0.2329362759427068,PRIMARY_TARGET_FREE_DIAGNOSIS
D1_SLEEPEDF_TO_ISRUC,C2,17,selective_macro_f1@0.95,0.4657761820817779,PRIMARY_TARGET_FREE_DIAGNOSIS
D1_SLEEPEDF_TO_ISRUC,C2,17,actual_coverage@0.95,0.9500138850319356,PRIMARY_TARGET_FREE_DIAGNOSIS
D1_SLEEPEDF_TO_ISRUC,C2,17,risk@0.90,0.2135184649503423,PRIMARY_TARGET_FREE_DIAGNOSIS
D1_SLEEPEDF_TO_ISRUC,C2,17,selective_macro_f1@0.90,0.47325418175804773,PRIMARY_TARGET_FREE_DIAGNOSIS
D1_SLEEPEDF_TO_ISRUC,C2,17,actual_coverage@0.90,0.9000104137739516,PRIMARY_TARGET_FREE_DIAGNOSIS
D1_SLEEPEDF_TO_ISRUC,C2,17,risk@0.80,0.17412622307074826,PRIMARY_TARGET_FREE_DIAGNOSIS
D1_SLEEPEDF_TO_ISRUC,C2,17,selective_macro_f1@0.80,0.4813700601700194,PRIMARY_TARGET_FREE_DIAGNOSIS
D1_SLEEPEDF_TO_ISRUC,C2,17,actual_coverage@0.80,0.8000034712579839,PRIMARY_TARGET_FREE_DIAGNOSIS
D1_SLEEPEDF_TO_ISRUC,C2,17,risk@0.70,0.13282257264702965,PRIMARY_TARGET_FREE_DIAGNOSIS
D1_SLEEPEDF_TO_ISRUC,C2,17,selective_macro_f1@0.70,0.47018125820555146,PRIMARY_TARGET_FREE_DIAGNOSIS
D1_SLEEPEDF_TO_ISRUC,C2,17,actual_coverage@0.70,0.7000138850319356,PRIMARY_TARGET_FREE_DIAGNOSIS
D1_SLEEPEDF_TO_ISRUC,C2,17,risk@0.50,0.0351985559566787,PRIMARY_TARGET_FREE_DIAGNOSIS
D1_SLEEPEDF_TO_ISRUC,C2,17,selective_macro_f1@0.50,0.33350080826742595,PRIMARY_TARGET_FREE_DIAGNOSIS
D1_SLEEPEDF_TO_ISRUC,C2,17,actual_coverage@0.50,0.5,PRIMARY_TARGET_FREE_DIAGNOSIS
D1_SLEEPEDF_TO_ISRUC,C2,17,recall_Wake,0.8369897456123052,PRIMARY_TARGET_FREE_DIAGNOSIS
D1_SLEEPEDF_TO_ISRUC,C2,17,recall_N1,0.636094674556213,PRIMARY_TARGET_FREE_DIAGNOSIS
D1_SLEEPEDF_TO_ISRUC,C2,17,recall_N2,0.5656911581569116,PRIMARY_TARGET_FREE_DIAGNOSIS
D1_SLEEPEDF_TO_ISRUC,C2,17,recall_N3,0.013651877133105802,PRIMARY_TARGET_FREE_DIAGNOSIS
D1_SLEEPEDF_TO_ISRUC,C2,17,recall_REM,0.6532846715328468,PRIMARY_TARGET_FREE_DIAGNOSIS
D1_SLEEPEDF_TO_ISRUC,C2,17,APS_nominal_coverage_0.10,0.9,PRIMARY_TARGET_FREE_DIAGNOSIS
D1_SLEEPEDF_TO_ISRUC,C2,17,APS_empirical_coverage_0.10,0.9955047209108581,PRIMARY_TARGET_FREE_DIAGNOSIS
D1_SLEEPEDF_TO_ISRUC,C2,17,APS_coverage_gap_0.10,-0.09550472091085804,PRIMARY_TARGET_FREE_DIAGNOSIS
D1_SLEEPEDF_TO_ISRUC,C2,17,APS_mean_set_size_0.10,4.0,PRIMARY_TARGET_FREE_DIAGNOSIS
D1_SLEEPEDF_TO_ISRUC,C2,17,APS_median_set_size_0.10,4.0,PRIMARY_TARGET_FREE_DIAGNOSIS
D1_SLEEPEDF_TO_ISRUC,C2,17,APS_singleton_fraction_0.10,0.0,PRIMARY_TARGET_FREE_DIAGNOSIS
D1_SLEEPEDF_TO_ISRUC,C2,17,APS_empty_fraction_0.10,0.0,PRIMARY_TARGET_FREE_DIAGNOSIS
D1_SLEEPEDF_TO_ISRUC,C2,17,APS_nominal_coverage_0.05,0.95,PRIMARY_TARGET_FREE_DIAGNOSIS
D1_SLEEPEDF_TO_ISRUC,C2,17,APS_empirical_coverage_0.05,0.9955047209108581,PRIMARY_TARGET_FREE_DIAGNOSIS
D1_SLEEPEDF_TO_ISRUC,C2,17,APS_coverage_gap_0.05,-0.04550472091085811,PRIMARY_TARGET_FREE_DIAGNOSIS
D1_SLEEPEDF_TO_ISRUC,C2,17,APS_mean_set_size_0.05,4.0,PRIMARY_TARGET_FREE_DIAGNOSIS
D1_SLEEPEDF_TO_ISRUC,C2,17,APS_median_set_size_0.05,4.0,PRIMARY_TARGET_FREE_DIAGNOSIS
D1_SLEEPEDF_TO_ISRUC,C2,17,APS_singleton_fraction_0.05,0.0,PRIMARY_TARGET_FREE_DIAGNOSIS
D1_SLEEPEDF_TO_ISRUC,C2,17,APS_empty_fraction_0.05,0.0,PRIMARY_TARGET_FREE_DIAGNOSIS
D1_SLEEPEDF_TO_ISRUC,C2,42,macro-F1,0.5209615606703506,PRIMARY_TARGET_FREE_DIAGNOSIS
D1_SLEEPEDF_TO_ISRUC,C2,42,balanced_accuracy,0.5647478311400602,PRIMARY_TARGET_FREE_DIAGNOSIS
D1_SLEEPEDF_TO_ISRUC,C2,42,NLL,0.5645795547640046,PRIMARY_TARGET_FREE_DIAGNOSIS
D1_SLEEPEDF_TO_ISRUC,C2,42,Brier,0.29426689550812507,PRIMARY_TARGET_FREE_DIAGNOSIS
D1_SLEEPEDF_TO_ISRUC,C2,42,ECE,0.015184346074072015,PRIMARY_TARGET_FREE_DIAGNOSIS
D1_SLEEPEDF_TO_ISRUC,C2,42,adaptive_ECE,0.01654484095785663,PRIMARY_TARGET_FREE_DIAGNOSIS
D1_SLEEPEDF_TO_ISRUC,C2,42,classwise_ECE,0.04322599011018265,PRIMARY_TARGET_FREE_DIAGNOSIS
D1_SLEEPEDF_TO_ISRUC,C2,42,error_AUROC,0.8464245151550105,PRIMARY_TARGET_FREE_DIAGNOSIS
D1_SLEEPEDF_TO_ISRUC,C2,42,error_AUPRC,0.5067345683773317,PRIMARY_TARGET_FREE_DIAGNOSIS
D1_SLEEPEDF_TO_ISRUC,C2,42,AURC,0.06024827906359321,PRIMARY_TARGET_FREE_DIAGNOSIS
D1_SLEEPEDF_TO_ISRUC,C2,42,risk@0.95,0.1962876351943876,PRIMARY_TARGET_FREE_DIAGNOSIS
D1_SLEEPEDF_TO_ISRUC,C2,42,selective_macro_f1@0.95,0.5335410649587329,PRIMARY_TARGET_FREE_DIAGNOSIS
D1_SLEEPEDF_TO_ISRUC,C2,42,actual_coverage@0.95,0.9500138850319356,PRIMARY_TARGET_FREE_DIAGNOSIS
D1_SLEEPEDF_TO_ISRUC,C2,42,risk@0.90,0.178054189567062,PRIMARY_TARGET_FREE_DIAGNOSIS
D1_SLEEPEDF_TO_ISRUC,C2,42,selective_macro_f1@0.90,0.5447492760035021,PRIMARY_TARGET_FREE_DIAGNOSIS
D1_SLEEPEDF_TO_ISRUC,C2,42,actual_coverage@0.90,0.9000104137739516,PRIMARY_TARGET_FREE_DIAGNOSIS
D1_SLEEPEDF_TO_ISRUC,C2,42,risk@0.80,0.14025990931377866,PRIMARY_TARGET_FREE_DIAGNOSIS
D1_SLEEPEDF_TO_ISRUC,C2,42,selective_macro_f1@0.80,0.5427044917025865,PRIMARY_TARGET_FREE_DIAGNOSIS
D1_SLEEPEDF_TO_ISRUC,C2,42,actual_coverage@0.80,0.8000034712579839,PRIMARY_TARGET_FREE_DIAGNOSIS
D1_SLEEPEDF_TO_ISRUC,C2,42,risk@0.70,0.09949915699692552,PRIMARY_TARGET_FREE_DIAGNOSIS
D1_SLEEPEDF_TO_ISRUC,C2,42,selective_macro_f1@0.70,0.5394298348792537,PRIMARY_TARGET_FREE_DIAGNOSIS
D1_SLEEPEDF_TO_ISRUC,C2,42,actual_coverage@0.70,0.7000138850319356,PRIMARY_TARGET_FREE_DIAGNOSIS
D1_SLEEPEDF_TO_ISRUC,C2,42,risk@0.50,0.019612607608997502,PRIMARY_TARGET_FREE_DIAGNOSIS
D1_SLEEPEDF_TO_ISRUC,C2,42,selective_macro_f1@0.50,0.34862590837505913,PRIMARY_TARGET_FREE_DIAGNOSIS
D1_SLEEPEDF_TO_ISRUC,C2,42,actual_coverage@0.50,0.5,PRIMARY_TARGET_FREE_DIAGNOSIS
D1_SLEEPEDF_TO_ISRUC,C2,42,recall_Wake,0.8598156182212582,PRIMARY_TARGET_FREE_DIAGNOSIS
D1_SLEEPEDF_TO_ISRUC,C2,42,recall_N1,0.5059171597633136,PRIMARY_TARGET_FREE_DIAGNOSIS
D1_SLEEPEDF_TO_ISRUC,C2,42,recall_N2,0.7175176421751764,PRIMARY_TARGET_FREE_DIAGNOSIS
D1_SLEEPEDF_TO_ISRUC,C2,42,recall_N3,0.12400455062571103,PRIMARY_TARGET_FREE_DIAGNOSIS
D1_SLEEPEDF_TO_ISRUC,C2,42,recall_REM,0.6164841849148418,PRIMARY_TARGET_FREE_DIAGNOSIS
D1_SLEEPEDF_TO_ISRUC,C2,42,APS_nominal_coverage_0.10,0.9,PRIMARY_TARGET_FREE_DIAGNOSIS
D1_SLEEPEDF_TO_ISRUC,C2,42,APS_empirical_coverage_0.10,0.9905061094140517,PRIMARY_TARGET_FREE_DIAGNOSIS
D1_SLEEPEDF_TO_ISRUC,C2,42,APS_coverage_gap_0.10,-0.09050610941405168,PRIMARY_TARGET_FREE_DIAGNOSIS
D1_SLEEPEDF_TO_ISRUC,C2,42,APS_mean_set_size_0.10,4.0,PRIMARY_TARGET_FREE_DIAGNOSIS
D1_SLEEPEDF_TO_ISRUC,C2,42,APS_median_set_size_0.10,4.0,PRIMARY_TARGET_FREE_DIAGNOSIS
D1_SLEEPEDF_TO_ISRUC,C2,42,APS_singleton_fraction_0.10,0.0,PRIMARY_TARGET_FREE_DIAGNOSIS
D1_SLEEPEDF_TO_ISRUC,C2,42,APS_empty_fraction_0.10,0.0,PRIMARY_TARGET_FREE_DIAGNOSIS
D1_SLEEPEDF_TO_ISRUC,C2,42,APS_nominal_coverage_0.05,0.95,PRIMARY_TARGET_FREE_DIAGNOSIS
D1_SLEEPEDF_TO_ISRUC,C2,42,APS_empirical_coverage_0.05,0.9905061094140517,PRIMARY_TARGET_FREE_DIAGNOSIS
D1_SLEEPEDF_TO_ISRUC,C2,42,APS_coverage_gap_0.05,-0.04050610941405175,PRIMARY_TARGET_FREE_DIAGNOSIS
D1_SLEEPEDF_TO_ISRUC,C2,42,APS_mean_set_size_0.05,4.0,PRIMARY_TARGET_FREE_DIAGNOSIS
D1_SLEEPEDF_TO_ISRUC,C2,42,APS_median_set_size_0.05,4.0,PRIMARY_TARGET_FREE_DIAGNOSIS
D1_SLEEPEDF_TO_ISRUC,C2,42,APS_singleton_fraction_0.05,0.0,PRIMARY_TARGET_FREE_DIAGNOSIS
D1_SLEEPEDF_TO_ISRUC,C2,42,APS_empty_fraction_0.05,0.0,PRIMARY_TARGET_FREE_DIAGNOSIS
D1_SLEEPEDF_TO_ISRUC,C2,2026,macro-F1,0.42328448985930367,PRIMARY_TARGET_FREE_DIAGNOSIS
D1_SLEEPEDF_TO_ISRUC,C2,2026,balanced_accuracy,0.5161738653649252,PRIMARY_TARGET_FREE_DIAGNOSIS
D1_SLEEPEDF_TO_ISRUC,C2,2026,NLL,0.8475977661664115,PRIMARY_TARGET_FREE_DIAGNOSIS
D1_SLEEPEDF_TO_ISRUC,C2,2026,Brier,0.45104522726500396,PRIMARY_TARGET_FREE_DIAGNOSIS
D1_SLEEPEDF_TO_ISRUC,C2,2026,ECE,0.0980379752847377,PRIMARY_TARGET_FREE_DIAGNOSIS
D1_SLEEPEDF_TO_ISRUC,C2,2026,adaptive_ECE,0.09774497397738224,PRIMARY_TARGET_FREE_DIAGNOSIS
D1_SLEEPEDF_TO_ISRUC,C2,2026,classwise_ECE,0.090484374765428,PRIMARY_TARGET_FREE_DIAGNOSIS
D1_SLEEPEDF_TO_ISRUC,C2,2026,error_AUROC,0.7600933868722539,PRIMARY_TARGET_FREE_DIAGNOSIS
D1_SLEEPEDF_TO_ISRUC,C2,2026,error_AUPRC,0.5304308121251089,PRIMARY_TARGET_FREE_DIAGNOSIS
D1_SLEEPEDF_TO_ISRUC,C2,2026,AURC,0.14438444561908148,PRIMARY_TARGET_FREE_DIAGNOSIS
D1_SLEEPEDF_TO_ISRUC,C2,2026,risk@0.95,0.3055941245249927,PRIMARY_TARGET_FREE_DIAGNOSIS
D1_SLEEPEDF_TO_ISRUC,C2,2026,selective_macro_f1@0.95,0.42830779338535657,PRIMARY_TARGET_FREE_DIAGNOSIS
D1_SLEEPEDF_TO_ISRUC,C2,2026,actual_coverage@0.95,0.9500138850319356,PRIMARY_TARGET_FREE_DIAGNOSIS
D1_SLEEPEDF_TO_ISRUC,C2,2026,risk@0.90,0.2915051586153698,PRIMARY_TARGET_FREE_DIAGNOSIS
D1_SLEEPEDF_TO_ISRUC,C2,2026,selective_macro_f1@0.90,0.43044822964607266,PRIMARY_TARGET_FREE_DIAGNOSIS
D1_SLEEPEDF_TO_ISRUC,C2,2026,actual_coverage@0.90,0.9000104137739516,PRIMARY_TARGET_FREE_DIAGNOSIS
D1_SLEEPEDF_TO_ISRUC,C2,2026,risk@0.80,0.25993100904692684,PRIMARY_TARGET_FREE_DIAGNOSIS
D1_SLEEPEDF_TO_ISRUC,C2,2026,selective_macro_f1@0.80,0.429584687718208,PRIMARY_TARGET_FREE_DIAGNOSIS
D1_SLEEPEDF_TO_ISRUC,C2,2026,actual_coverage@0.80,0.8000034712579839,PRIMARY_TARGET_FREE_DIAGNOSIS
D1_SLEEPEDF_TO_ISRUC,C2,2026,risk@0.70,0.22949518992363385,PRIMARY_TARGET_FREE_DIAGNOSIS
D1_SLEEPEDF_TO_ISRUC,C2,2026,selective_macro_f1@0.70,0.40557811097238927,PRIMARY_TARGET_FREE_DIAGNOSIS
D1_SLEEPEDF_TO_ISRUC,C2,2026,actual_coverage@0.70,0.7000138850319356,PRIMARY_TARGET_FREE_DIAGNOSIS
D1_SLEEPEDF_TO_ISRUC,C2,2026,risk@0.50,0.15020133296306581,PRIMARY_TARGET_FREE_DIAGNOSIS
D1_SLEEPEDF_TO_ISRUC,C2,2026,selective_macro_f1@0.50,0.26238168845357185,PRIMARY_TARGET_FREE_DIAGNOSIS
D1_SLEEPEDF_TO_ISRUC,C2,2026,actual_coverage@0.50,0.5,PRIMARY_TARGET_FREE_DIAGNOSIS
D1_SLEEPEDF_TO_ISRUC,C2,2026,recall_Wake,0.7314878722145534,PRIMARY_TARGET_FREE_DIAGNOSIS
D1_SLEEPEDF_TO_ISRUC,C2,2026,recall_N1,0.5059171597633136,PRIMARY_TARGET_FREE_DIAGNOSIS
D1_SLEEPEDF_TO_ISRUC,C2,2026,recall_N2,0.6157119136571192,PRIMARY_TARGET_FREE_DIAGNOSIS
D1_SLEEPEDF_TO_ISRUC,C2,2026,recall_N3,0.01820250284414107,PRIMARY_TARGET_FREE_DIAGNOSIS
D1_SLEEPEDF_TO_ISRUC,C2,2026,recall_REM,0.7095498783454988,PRIMARY_TARGET_FREE_DIAGNOSIS
D1_SLEEPEDF_TO_ISRUC,C2,2026,APS_nominal_coverage_0.10,0.9,PRIMARY_TARGET_FREE_DIAGNOSIS
D1_SLEEPEDF_TO_ISRUC,C2,2026,APS_empirical_coverage_0.10,0.994237711746737,PRIMARY_TARGET_FREE_DIAGNOSIS
D1_SLEEPEDF_TO_ISRUC,C2,2026,APS_coverage_gap_0.10,-0.09423771174673701,PRIMARY_TARGET_FREE_DIAGNOSIS
D1_SLEEPEDF_TO_ISRUC,C2,2026,APS_mean_set_size_0.10,4.0,PRIMARY_TARGET_FREE_DIAGNOSIS
D1_SLEEPEDF_TO_ISRUC,C2,2026,APS_median_set_size_0.10,4.0,PRIMARY_TARGET_FREE_DIAGNOSIS
D1_SLEEPEDF_TO_ISRUC,C2,2026,APS_singleton_fraction_0.10,0.0,PRIMARY_TARGET_FREE_DIAGNOSIS
D1_SLEEPEDF_TO_ISRUC,C2,2026,APS_empty_fraction_0.10,0.0,PRIMARY_TARGET_FREE_DIAGNOSIS
D1_SLEEPEDF_TO_ISRUC,C2,2026,APS_nominal_coverage_0.05,0.95,PRIMARY_TARGET_FREE_DIAGNOSIS
D1_SLEEPEDF_TO_ISRUC,C2,2026,APS_empirical_coverage_0.05,0.994237711746737,PRIMARY_TARGET_FREE_DIAGNOSIS
D1_SLEEPEDF_TO_ISRUC,C2,2026,APS_coverage_gap_0.05,-0.044237711746737074,PRIMARY_TARGET_FREE_DIAGNOSIS
D1_SLEEPEDF_TO_ISRUC,C2,2026,APS_mean_set_size_0.05,4.0,PRIMARY_TARGET_FREE_DIAGNOSIS
D1_SLEEPEDF_TO_ISRUC,C2,2026,APS_median_set_size_0.05,4.0,PRIMARY_TARGET_FREE_DIAGNOSIS
D1_SLEEPEDF_TO_ISRUC,C2,2026,APS_singleton_fraction_0.05,0.0,PRIMARY_TARGET_FREE_DIAGNOSIS
D1_SLEEPEDF_TO_ISRUC,C2,2026,APS_empty_fraction_0.05,0.0,PRIMARY_TARGET_FREE_DIAGNOSIS
D1_SLEEPEDF_TO_ISRUC,C2,MULTI_SEED_MEAN,macro-F1,0.4662658916578722,PRIMARY_TARGET_FREE_DIAGNOSIS
D1_SLEEPEDF_TO_ISRUC,C2,MULTI_SEED_MEAN,NLL,0.6795648008328651,PRIMARY_TARGET_FREE_DIAGNOSIS
D1_SLEEPEDF_TO_ISRUC,C2,MULTI_SEED_MEAN,Brier,0.3592134388400295,PRIMARY_TARGET_FREE_DIAGNOSIS
D1_SLEEPEDF_TO_ISRUC,C2,MULTI_SEED_MEAN,error_AUROC,0.8160013800713969,PRIMARY_TARGET_FREE_DIAGNOSIS
D1_SLEEPEDF_TO_ISRUC,C2,MULTI_SEED_MEAN,error_AUPRC,0.5295367236541537,PRIMARY_TARGET_FREE_DIAGNOSIS
D1_SLEEPEDF_TO_ISRUC,C2,MULTI_SEED_MEAN,AURC,0.09406260615611405,PRIMARY_TARGET_FREE_DIAGNOSIS
D1_SLEEPEDF_TO_ISRUC,C3,17,macro-F1,0.5985420512744529,PRIMARY_TARGET_FREE_DIAGNOSIS
D1_SLEEPEDF_TO_ISRUC,C3,17,balanced_accuracy,0.5890914757269481,PRIMARY_TARGET_FREE_DIAGNOSIS
D1_SLEEPEDF_TO_ISRUC,C3,17,NLL,1.0756140556506288,PRIMARY_TARGET_FREE_DIAGNOSIS
D1_SLEEPEDF_TO_ISRUC,C3,17,Brier,0.4959600385430224,PRIMARY_TARGET_FREE_DIAGNOSIS
D1_SLEEPEDF_TO_ISRUC,C3,17,ECE,0.1306080836175436,PRIMARY_TARGET_FREE_DIAGNOSIS
D1_SLEEPEDF_TO_ISRUC,C3,17,adaptive_ECE,0.13060808361754359,PRIMARY_TARGET_FREE_DIAGNOSIS
D1_SLEEPEDF_TO_ISRUC,C3,17,classwise_ECE,0.0699909793742683,PRIMARY_TARGET_FREE_DIAGNOSIS
D1_SLEEPEDF_TO_ISRUC,C3,17,error_AUROC,0.7331291349996559,PRIMARY_TARGET_FREE_DIAGNOSIS
D1_SLEEPEDF_TO_ISRUC,C3,17,error_AUPRC,0.5421309593256358,PRIMARY_TARGET_FREE_DIAGNOSIS
D1_SLEEPEDF_TO_ISRUC,C3,17,AURC,0.17986940204352805,PRIMARY_TARGET_FREE_DIAGNOSIS
D1_SLEEPEDF_TO_ISRUC,C3,17,risk@0.95,0.3289096844909072,PRIMARY_TARGET_FREE_DIAGNOSIS
D1_SLEEPEDF_TO_ISRUC,C3,17,selective_macro_f1@0.95,0.605032462088498,PRIMARY_TARGET_FREE_DIAGNOSIS
D1_SLEEPEDF_TO_ISRUC,C3,17,actual_coverage@0.95,0.9500067180222143,PRIMARY_TARGET_FREE_DIAGNOSIS
D1_SLEEPEDF_TO_ISRUC,C3,17,risk@0.90,0.31528595065998183,PRIMARY_TARGET_FREE_DIAGNOSIS
D1_SLEEPEDF_TO_ISRUC,C3,17,selective_macro_f1@0.90,0.607942293906305,PRIMARY_TARGET_FREE_DIAGNOSIS
D1_SLEEPEDF_TO_ISRUC,C3,17,actual_coverage@0.90,0.9000022393407381,PRIMARY_TARGET_FREE_DIAGNOSIS
D1_SLEEPEDF_TO_ISRUC,C3,17,risk@0.80,0.2858082575227432,PRIMARY_TARGET_FREE_DIAGNOSIS
D1_SLEEPEDF_TO_ISRUC,C3,17,selective_macro_f1@0.80,0.6161819971200749,PRIMARY_TARGET_FREE_DIAGNOSIS
D1_SLEEPEDF_TO_ISRUC,C3,17,actual_coverage@0.80,0.8000044786814762,PRIMARY_TARGET_FREE_DIAGNOSIS
D1_SLEEPEDF_TO_ISRUC,C3,17,risk@0.70,0.25485052544026615,PRIMARY_TARGET_FREE_DIAGNOSIS
D1_SLEEPEDF_TO_ISRUC,C3,17,selective_macro_f1@0.70,0.6225015834297555,PRIMARY_TARGET_FREE_DIAGNOSIS
D1_SLEEPEDF_TO_ISRUC,C3,17,actual_coverage@0.70,0.7000067180222143,PRIMARY_TARGET_FREE_DIAGNOSIS
D1_SLEEPEDF_TO_ISRUC,C3,17,risk@0.50,0.18631314940881405,PRIMARY_TARGET_FREE_DIAGNOSIS
D1_SLEEPEDF_TO_ISRUC,C3,17,selective_macro_f1@0.50,0.6487931122526558,PRIMARY_TARGET_FREE_DIAGNOSIS
D1_SLEEPEDF_TO_ISRUC,C3,17,actual_coverage@0.50,0.5,PRIMARY_TARGET_FREE_DIAGNOSIS
D1_SLEEPEDF_TO_ISRUC,C3,17,recall_Wake,0.946438188494492,PRIMARY_TARGET_FREE_DIAGNOSIS
D1_SLEEPEDF_TO_ISRUC,C3,17,recall_N1,0.2216710182767624,PRIMARY_TARGET_FREE_DIAGNOSIS
D1_SLEEPEDF_TO_ISRUC,C3,17,recall_N2,0.8082993438552935,PRIMARY_TARGET_FREE_DIAGNOSIS
D1_SLEEPEDF_TO_ISRUC,C3,17,recall_N3,0.4449716468001389,PRIMARY_TARGET_FREE_DIAGNOSIS
D1_SLEEPEDF_TO_ISRUC,C3,17,recall_REM,0.5240771812080537,PRIMARY_TARGET_FREE_DIAGNOSIS
D1_SLEEPEDF_TO_ISRUC,C3,17,APS_nominal_coverage_0.10,0.9,PRIMARY_TARGET_FREE_DIAGNOSIS
D1_SLEEPEDF_TO_ISRUC,C3,17,APS_empirical_coverage_0.10,0.9841790576854174,PRIMARY_TARGET_FREE_DIAGNOSIS
D1_SLEEPEDF_TO_ISRUC,C3,17,APS_coverage_gap_0.10,-0.08417905768541734,PRIMARY_TARGET_FREE_DIAGNOSIS
D1_SLEEPEDF_TO_ISRUC,C3,17,APS_mean_set_size_0.10,3.9793532783948407,PRIMARY_TARGET_FREE_DIAGNOSIS
D1_SLEEPEDF_TO_ISRUC,C3,17,APS_median_set_size_0.10,4.0,PRIMARY_TARGET_FREE_DIAGNOSIS
D1_SLEEPEDF_TO_ISRUC,C3,17,APS_singleton_fraction_0.10,0.0001231637405947689,PRIMARY_TARGET_FREE_DIAGNOSIS
D1_SLEEPEDF_TO_ISRUC,C3,17,APS_empty_fraction_0.10,0.0,PRIMARY_TARGET_FREE_DIAGNOSIS
D1_SLEEPEDF_TO_ISRUC,C3,17,APS_nominal_coverage_0.05,0.95,PRIMARY_TARGET_FREE_DIAGNOSIS
D1_SLEEPEDF_TO_ISRUC,C3,17,APS_empirical_coverage_0.05,0.9841790576854174,PRIMARY_TARGET_FREE_DIAGNOSIS
D1_SLEEPEDF_TO_ISRUC,C3,17,APS_coverage_gap_0.05,-0.0341790576854174,PRIMARY_TARGET_FREE_DIAGNOSIS
D1_SLEEPEDF_TO_ISRUC,C3,17,APS_mean_set_size_0.05,3.9906395557147976,PRIMARY_TARGET_FREE_DIAGNOSIS
D1_SLEEPEDF_TO_ISRUC,C3,17,APS_median_set_size_0.05,4.0,PRIMARY_TARGET_FREE_DIAGNOSIS
D1_SLEEPEDF_TO_ISRUC,C3,17,APS_singleton_fraction_0.05,0.00011196703690433536,PRIMARY_TARGET_FREE_DIAGNOSIS
D1_SLEEPEDF_TO_ISRUC,C3,17,APS_empty_fraction_0.05,0.0,PRIMARY_TARGET_FREE_DIAGNOSIS
D1_SLEEPEDF_TO_ISRUC,C3,42,macro-F1,0.5962037942812939,PRIMARY_TARGET_FREE_DIAGNOSIS
D1_SLEEPEDF_TO_ISRUC,C3,42,balanced_accuracy,0.5891946544014492,PRIMARY_TARGET_FREE_DIAGNOSIS
D1_SLEEPEDF_TO_ISRUC,C3,42,NLL,1.0302499587725162,PRIMARY_TARGET_FREE_DIAGNOSIS
D1_SLEEPEDF_TO_ISRUC,C3,42,Brier,0.4906770002666624,PRIMARY_TARGET_FREE_DIAGNOSIS
D1_SLEEPEDF_TO_ISRUC,C3,42,ECE,0.12602593468848305,PRIMARY_TARGET_FREE_DIAGNOSIS
D1_SLEEPEDF_TO_ISRUC,C3,42,adaptive_ECE,0.12552784407747908,PRIMARY_TARGET_FREE_DIAGNOSIS
D1_SLEEPEDF_TO_ISRUC,C3,42,classwise_ECE,0.06289547877072292,PRIMARY_TARGET_FREE_DIAGNOSIS
D1_SLEEPEDF_TO_ISRUC,C3,42,error_AUROC,0.7236348649583237,PRIMARY_TARGET_FREE_DIAGNOSIS
D1_SLEEPEDF_TO_ISRUC,C3,42,error_AUPRC,0.5302178695299987,PRIMARY_TARGET_FREE_DIAGNOSIS
D1_SLEEPEDF_TO_ISRUC,C3,42,AURC,0.18290700554299674,PRIMARY_TARGET_FREE_DIAGNOSIS
D1_SLEEPEDF_TO_ISRUC,C3,42,risk@0.95,0.3232170848704138,PRIMARY_TARGET_FREE_DIAGNOSIS
D1_SLEEPEDF_TO_ISRUC,C3,42,selective_macro_f1@0.95,0.5993714046312838,PRIMARY_TARGET_FREE_DIAGNOSIS
D1_SLEEPEDF_TO_ISRUC,C3,42,actual_coverage@0.95,0.9500067180222143,PRIMARY_TARGET_FREE_DIAGNOSIS
D1_SLEEPEDF_TO_ISRUC,C3,42,risk@0.90,0.3084559784028564,PRIMARY_TARGET_FREE_DIAGNOSIS
D1_SLEEPEDF_TO_ISRUC,C3,42,selective_macro_f1@0.90,0.600918509691424,PRIMARY_TARGET_FREE_DIAGNOSIS
D1_SLEEPEDF_TO_ISRUC,C3,42,actual_coverage@0.90,0.9000022393407381,PRIMARY_TARGET_FREE_DIAGNOSIS
D1_SLEEPEDF_TO_ISRUC,C3,42,risk@0.80,0.2787963610916725,PRIMARY_TARGET_FREE_DIAGNOSIS
D1_SLEEPEDF_TO_ISRUC,C3,42,selective_macro_f1@0.80,0.6055500344927849,PRIMARY_TARGET_FREE_DIAGNOSIS
D1_SLEEPEDF_TO_ISRUC,C3,42,actual_coverage@0.80,0.8000044786814762,PRIMARY_TARGET_FREE_DIAGNOSIS
D1_SLEEPEDF_TO_ISRUC,C3,42,risk@0.70,0.2514435611574081,PRIMARY_TARGET_FREE_DIAGNOSIS
D1_SLEEPEDF_TO_ISRUC,C3,42,selective_macro_f1@0.70,0.6133905596014413,PRIMARY_TARGET_FREE_DIAGNOSIS
D1_SLEEPEDF_TO_ISRUC,C3,42,actual_coverage@0.70,0.7000067180222143,PRIMARY_TARGET_FREE_DIAGNOSIS
D1_SLEEPEDF_TO_ISRUC,C3,42,risk@0.50,0.19166517377284129,PRIMARY_TARGET_FREE_DIAGNOSIS
D1_SLEEPEDF_TO_ISRUC,C3,42,selective_macro_f1@0.50,0.644040374282,PRIMARY_TARGET_FREE_DIAGNOSIS
D1_SLEEPEDF_TO_ISRUC,C3,42,actual_coverage@0.50,0.5,PRIMARY_TARGET_FREE_DIAGNOSIS
D1_SLEEPEDF_TO_ISRUC,C3,42,recall_Wake,0.9044308445532436,PRIMARY_TARGET_FREE_DIAGNOSIS
D1_SLEEPEDF_TO_ISRUC,C3,42,recall_N1,0.1804177545691906,PRIMARY_TARGET_FREE_DIAGNOSIS
D1_SLEEPEDF_TO_ISRUC,C3,42,recall_N2,0.8684873204468877,PRIMARY_TARGET_FREE_DIAGNOSIS
D1_SLEEPEDF_TO_ISRUC,C3,42,recall_N3,0.42199976854530724,PRIMARY_TARGET_FREE_DIAGNOSIS
D1_SLEEPEDF_TO_ISRUC,C3,42,recall_REM,0.5706375838926174,PRIMARY_TARGET_FREE_DIAGNOSIS
D1_SLEEPEDF_TO_ISRUC,C3,42,APS_nominal_coverage_0.10,0.9,PRIMARY_TARGET_FREE_DIAGNOSIS
D1_SLEEPEDF_TO_ISRUC,C3,42,APS_empirical_coverage_0.10,0.9878403797921892,PRIMARY_TARGET_FREE_DIAGNOSIS
D1_SLEEPEDF_TO_ISRUC,C3,42,APS_coverage_gap_0.10,-0.08784037979218917,PRIMARY_TARGET_FREE_DIAGNOSIS
D1_SLEEPEDF_TO_ISRUC,C3,42,APS_mean_set_size_0.10,3.9990594768900034,PRIMARY_TARGET_FREE_DIAGNOSIS
D1_SLEEPEDF_TO_ISRUC,C3,42,APS_median_set_size_0.10,4.0,PRIMARY_TARGET_FREE_DIAGNOSIS
D1_SLEEPEDF_TO_ISRUC,C3,42,APS_singleton_fraction_0.10,0.00010077033321390182,PRIMARY_TARGET_FREE_DIAGNOSIS
D1_SLEEPEDF_TO_ISRUC,C3,42,APS_empty_fraction_0.10,0.0,PRIMARY_TARGET_FREE_DIAGNOSIS
D1_SLEEPEDF_TO_ISRUC,C3,42,APS_nominal_coverage_0.05,0.95,PRIMARY_TARGET_FREE_DIAGNOSIS
D1_SLEEPEDF_TO_ISRUC,C3,42,APS_empirical_coverage_0.05,0.9878403797921892,PRIMARY_TARGET_FREE_DIAGNOSIS
D1_SLEEPEDF_TO_ISRUC,C3,42,APS_coverage_gap_0.05,-0.03784037979218924,PRIMARY_TARGET_FREE_DIAGNOSIS
D1_SLEEPEDF_TO_ISRUC,C3,42,APS_mean_set_size_0.05,3.9994401648154785,PRIMARY_TARGET_FREE_DIAGNOSIS
D1_SLEEPEDF_TO_ISRUC,C3,42,APS_median_set_size_0.05,4.0,PRIMARY_TARGET_FREE_DIAGNOSIS
D1_SLEEPEDF_TO_ISRUC,C3,42,APS_singleton_fraction_0.05,4.478681476173414e-05,PRIMARY_TARGET_FREE_DIAGNOSIS
D1_SLEEPEDF_TO_ISRUC,C3,42,APS_empty_fraction_0.05,0.0,PRIMARY_TARGET_FREE_DIAGNOSIS
D1_SLEEPEDF_TO_ISRUC,C3,2026,macro-F1,0.5899503118580673,PRIMARY_TARGET_FREE_DIAGNOSIS
D1_SLEEPEDF_TO_ISRUC,C3,2026,balanced_accuracy,0.5872848992947522,PRIMARY_TARGET_FREE_DIAGNOSIS
D1_SLEEPEDF_TO_ISRUC,C3,2026,NLL,1.1768150367067651,PRIMARY_TARGET_FREE_DIAGNOSIS
D1_SLEEPEDF_TO_ISRUC,C3,2026,Brier,0.5196715821232291,PRIMARY_TARGET_FREE_DIAGNOSIS
D1_SLEEPEDF_TO_ISRUC,C3,2026,ECE,0.13240157789170365,PRIMARY_TARGET_FREE_DIAGNOSIS
D1_SLEEPEDF_TO_ISRUC,C3,2026,adaptive_ECE,0.13235872470051196,PRIMARY_TARGET_FREE_DIAGNOSIS
D1_SLEEPEDF_TO_ISRUC,C3,2026,classwise_ECE,0.06693826359284527,PRIMARY_TARGET_FREE_DIAGNOSIS
D1_SLEEPEDF_TO_ISRUC,C3,2026,error_AUROC,0.7230844741433159,PRIMARY_TARGET_FREE_DIAGNOSIS
D1_SLEEPEDF_TO_ISRUC,C3,2026,error_AUPRC,0.5495439239505282,PRIMARY_TARGET_FREE_DIAGNOSIS
D1_SLEEPEDF_TO_ISRUC,C3,2026,AURC,0.20160424352563897,PRIMARY_TARGET_FREE_DIAGNOSIS
D1_SLEEPEDF_TO_ISRUC,C3,2026,risk@0.95,0.347071788042005,PRIMARY_TARGET_FREE_DIAGNOSIS
D1_SLEEPEDF_TO_ISRUC,C3,2026,selective_macro_f1@0.95,0.59527230946619,PRIMARY_TARGET_FREE_DIAGNOSIS
D1_SLEEPEDF_TO_ISRUC,C3,2026,actual_coverage@0.95,0.9500067180222143,PRIMARY_TARGET_FREE_DIAGNOSIS
D1_SLEEPEDF_TO_ISRUC,C3,2026,risk@0.90,0.3342580958186636,PRIMARY_TARGET_FREE_DIAGNOSIS
D1_SLEEPEDF_TO_ISRUC,C3,2026,selective_macro_f1@0.90,0.5971098116150197,PRIMARY_TARGET_FREE_DIAGNOSIS
D1_SLEEPEDF_TO_ISRUC,C3,2026,actual_coverage@0.90,0.9000022393407381,PRIMARY_TARGET_FREE_DIAGNOSIS
D1_SLEEPEDF_TO_ISRUC,C3,2026,risk@0.80,0.30601819454163753,PRIMARY_TARGET_FREE_DIAGNOSIS
D1_SLEEPEDF_TO_ISRUC,C3,2026,selective_macro_f1@0.80,0.6082803780506253,PRIMARY_TARGET_FREE_DIAGNOSIS
D1_SLEEPEDF_TO_ISRUC,C3,2026,actual_coverage@0.80,0.8000044786814762,PRIMARY_TARGET_FREE_DIAGNOSIS
D1_SLEEPEDF_TO_ISRUC,C3,2026,risk@0.70,0.27466850077576416,PRIMARY_TARGET_FREE_DIAGNOSIS
D1_SLEEPEDF_TO_ISRUC,C3,2026,selective_macro_f1@0.70,0.6216740880738462,PRIMARY_TARGET_FREE_DIAGNOSIS
D1_SLEEPEDF_TO_ISRUC,C3,2026,actual_coverage@0.70,0.7000067180222143,PRIMARY_TARGET_FREE_DIAGNOSIS
D1_SLEEPEDF_TO_ISRUC,C3,2026,risk@0.50,0.20268273020422786,PRIMARY_TARGET_FREE_DIAGNOSIS
D1_SLEEPEDF_TO_ISRUC,C3,2026,selective_macro_f1@0.50,0.6407419443886658,PRIMARY_TARGET_FREE_DIAGNOSIS
D1_SLEEPEDF_TO_ISRUC,C3,2026,actual_coverage@0.50,0.5,PRIMARY_TARGET_FREE_DIAGNOSIS
D1_SLEEPEDF_TO_ISRUC,C3,2026,recall_Wake,0.9001223990208078,PRIMARY_TARGET_FREE_DIAGNOSIS
D1_SLEEPEDF_TO_ISRUC,C3,2026,recall_N1,0.28720626631853785,PRIMARY_TARGET_FREE_DIAGNOSIS
D1_SLEEPEDF_TO_ISRUC,C3,2026,recall_N2,0.774676361056925,PRIMARY_TARGET_FREE_DIAGNOSIS
D1_SLEEPEDF_TO_ISRUC,C3,2026,recall_N3,0.3580604096748062,PRIMARY_TARGET_FREE_DIAGNOSIS
D1_SLEEPEDF_TO_ISRUC,C3,2026,recall_REM,0.6163590604026845,PRIMARY_TARGET_FREE_DIAGNOSIS
D1_SLEEPEDF_TO_ISRUC,C3,2026,APS_nominal_coverage_0.10,0.9,PRIMARY_TARGET_FREE_DIAGNOSIS
D1_SLEEPEDF_TO_ISRUC,C3,2026,APS_empirical_coverage_0.10,0.9675407560014332,PRIMARY_TARGET_FREE_DIAGNOSIS
D1_SLEEPEDF_TO_ISRUC,C3,2026,APS_coverage_gap_0.10,-0.06754075600143317,PRIMARY_TARGET_FREE_DIAGNOSIS
D1_SLEEPEDF_TO_ISRUC,C3,2026,APS_mean_set_size_0.10,3.9871013973486207,PRIMARY_TARGET_FREE_DIAGNOSIS
D1_SLEEPEDF_TO_ISRUC,C3,2026,APS_median_set_size_0.10,4.0,PRIMARY_TARGET_FREE_DIAGNOSIS
D1_SLEEPEDF_TO_ISRUC,C3,2026,APS_singleton_fraction_0.10,4.478681476173414e-05,PRIMARY_TARGET_FREE_DIAGNOSIS
D1_SLEEPEDF_TO_ISRUC,C3,2026,APS_empty_fraction_0.10,0.0,PRIMARY_TARGET_FREE_DIAGNOSIS
D1_SLEEPEDF_TO_ISRUC,C3,2026,APS_nominal_coverage_0.05,0.95,PRIMARY_TARGET_FREE_DIAGNOSIS
D1_SLEEPEDF_TO_ISRUC,C3,2026,APS_empirical_coverage_0.05,0.9675407560014332,PRIMARY_TARGET_FREE_DIAGNOSIS
D1_SLEEPEDF_TO_ISRUC,C3,2026,APS_coverage_gap_0.05,-0.017540756001433233,PRIMARY_TARGET_FREE_DIAGNOSIS
D1_SLEEPEDF_TO_ISRUC,C3,2026,APS_mean_set_size_0.05,3.99767108563239,PRIMARY_TARGET_FREE_DIAGNOSIS
D1_SLEEPEDF_TO_ISRUC,C3,2026,APS_median_set_size_0.05,4.0,PRIMARY_TARGET_FREE_DIAGNOSIS
D1_SLEEPEDF_TO_ISRUC,C3,2026,APS_singleton_fraction_0.05,4.478681476173414e-05,PRIMARY_TARGET_FREE_DIAGNOSIS
D1_SLEEPEDF_TO_ISRUC,C3,2026,APS_empty_fraction_0.05,0.0,PRIMARY_TARGET_FREE_DIAGNOSIS
D1_SLEEPEDF_TO_ISRUC,C3,MULTI_SEED_MEAN,macro-F1,0.5948987191379381,PRIMARY_TARGET_FREE_DIAGNOSIS
D1_SLEEPEDF_TO_ISRUC,C3,MULTI_SEED_MEAN,NLL,1.0942263503766367,PRIMARY_TARGET_FREE_DIAGNOSIS
D1_SLEEPEDF_TO_ISRUC,C3,MULTI_SEED_MEAN,Brier,0.5021028736443046,PRIMARY_TARGET_FREE_DIAGNOSIS
D1_SLEEPEDF_TO_ISRUC,C3,MULTI_SEED_MEAN,error_AUROC,0.7266161580337651,PRIMARY_TARGET_FREE_DIAGNOSIS
D1_SLEEPEDF_TO_ISRUC,C3,MULTI_SEED_MEAN,error_AUPRC,0.5406309176020543,PRIMARY_TARGET_FREE_DIAGNOSIS
D1_SLEEPEDF_TO_ISRUC,C3,MULTI_SEED_MEAN,AURC,0.1881268837040546,PRIMARY_TARGET_FREE_DIAGNOSIS
D1_SLEEPEDF_TO_ISRUC,C4,17,macro-F1,0.5169987322832309,PRIMARY_TARGET_FREE_DIAGNOSIS
D1_SLEEPEDF_TO_ISRUC,C4,17,balanced_accuracy,0.5433104552354264,PRIMARY_TARGET_FREE_DIAGNOSIS
D1_SLEEPEDF_TO_ISRUC,C4,17,NLL,1.087970311038856,PRIMARY_TARGET_FREE_DIAGNOSIS
D1_SLEEPEDF_TO_ISRUC,C4,17,Brier,0.5483639722494854,PRIMARY_TARGET_FREE_DIAGNOSIS
D1_SLEEPEDF_TO_ISRUC,C4,17,ECE,0.1228485508434107,PRIMARY_TARGET_FREE_DIAGNOSIS
D1_SLEEPEDF_TO_ISRUC,C4,17,adaptive_ECE,0.1228485508434107,PRIMARY_TARGET_FREE_DIAGNOSIS
D1_SLEEPEDF_TO_ISRUC,C4,17,classwise_ECE,0.06789937677001137,PRIMARY_TARGET_FREE_DIAGNOSIS
D1_SLEEPEDF_TO_ISRUC,C4,17,error_AUROC,0.7041526854476696,PRIMARY_TARGET_FREE_DIAGNOSIS
D1_SLEEPEDF_TO_ISRUC,C4,17,error_AUPRC,0.5732065064790216,PRIMARY_TARGET_FREE_DIAGNOSIS
D1_SLEEPEDF_TO_ISRUC,C4,17,AURC,0.23809188836991058,PRIMARY_TARGET_FREE_DIAGNOSIS
D1_SLEEPEDF_TO_ISRUC,C4,17,risk@0.95,0.37918842151166215,PRIMARY_TARGET_FREE_DIAGNOSIS
D1_SLEEPEDF_TO_ISRUC,C4,17,selective_macro_f1@0.95,0.5135401928409807,PRIMARY_TARGET_FREE_DIAGNOSIS
D1_SLEEPEDF_TO_ISRUC,C4,17,actual_coverage@0.95,0.9500067180222143,PRIMARY_TARGET_FREE_DIAGNOSIS
D1_SLEEPEDF_TO_ISRUC,C4,17,risk@0.90,0.36493698759657134,PRIMARY_TARGET_FREE_DIAGNOSIS
D1_SLEEPEDF_TO_ISRUC,C4,17,selective_macro_f1@0.90,0.5149886646649079,PRIMARY_TARGET_FREE_DIAGNOSIS
D1_SLEEPEDF_TO_ISRUC,C4,17,actual_coverage@0.90,0.9000022393407381,PRIMARY_TARGET_FREE_DIAGNOSIS
D1_SLEEPEDF_TO_ISRUC,C4,17,risk@0.80,0.33769069279216235,PRIMARY_TARGET_FREE_DIAGNOSIS
D1_SLEEPEDF_TO_ISRUC,C4,17,selective_macro_f1@0.80,0.5293930426197695,PRIMARY_TARGET_FREE_DIAGNOSIS
D1_SLEEPEDF_TO_ISRUC,C4,17,actual_coverage@0.80,0.8000044786814762,PRIMARY_TARGET_FREE_DIAGNOSIS
D1_SLEEPEDF_TO_ISRUC,C4,17,risk@0.70,0.31153729266303043,PRIMARY_TARGET_FREE_DIAGNOSIS
D1_SLEEPEDF_TO_ISRUC,C4,17,selective_macro_f1@0.70,0.5469860757239562,PRIMARY_TARGET_FREE_DIAGNOSIS
D1_SLEEPEDF_TO_ISRUC,C4,17,actual_coverage@0.70,0.7000067180222143,PRIMARY_TARGET_FREE_DIAGNOSIS
D1_SLEEPEDF_TO_ISRUC,C4,17,risk@0.50,0.2520601934790398,PRIMARY_TARGET_FREE_DIAGNOSIS
D1_SLEEPEDF_TO_ISRUC,C4,17,selective_macro_f1@0.50,0.5780528441459409,PRIMARY_TARGET_FREE_DIAGNOSIS
D1_SLEEPEDF_TO_ISRUC,C4,17,actual_coverage@0.50,0.5,PRIMARY_TARGET_FREE_DIAGNOSIS
D1_SLEEPEDF_TO_ISRUC,C4,17,recall_Wake,0.9128518971848225,PRIMARY_TARGET_FREE_DIAGNOSIS
D1_SLEEPEDF_TO_ISRUC,C4,17,recall_N1,0.08163620539599652,PRIMARY_TARGET_FREE_DIAGNOSIS
D1_SLEEPEDF_TO_ISRUC,C4,17,recall_N2,0.7625465508068806,PRIMARY_TARGET_FREE_DIAGNOSIS
D1_SLEEPEDF_TO_ISRUC,C4,17,recall_N3,0.3012961462793658,PRIMARY_TARGET_FREE_DIAGNOSIS
D1_SLEEPEDF_TO_ISRUC,C4,17,recall_REM,0.6582214765100671,PRIMARY_TARGET_FREE_DIAGNOSIS
D1_SLEEPEDF_TO_ISRUC,C4,17,APS_nominal_coverage_0.10,0.9,PRIMARY_TARGET_FREE_DIAGNOSIS
D1_SLEEPEDF_TO_ISRUC,C4,17,APS_empirical_coverage_0.10,0.983831959871014,PRIMARY_TARGET_FREE_DIAGNOSIS
D1_SLEEPEDF_TO_ISRUC,C4,17,APS_coverage_gap_0.10,-0.083831959871014,PRIMARY_TARGET_FREE_DIAGNOSIS
D1_SLEEPEDF_TO_ISRUC,C4,17,APS_mean_set_size_0.10,3.999944016481548,PRIMARY_TARGET_FREE_DIAGNOSIS
D1_SLEEPEDF_TO_ISRUC,C4,17,APS_median_set_size_0.10,4.0,PRIMARY_TARGET_FREE_DIAGNOSIS
D1_SLEEPEDF_TO_ISRUC,C4,17,APS_singleton_fraction_0.10,0.0,PRIMARY_TARGET_FREE_DIAGNOSIS
D1_SLEEPEDF_TO_ISRUC,C4,17,APS_empty_fraction_0.10,0.0,PRIMARY_TARGET_FREE_DIAGNOSIS
D1_SLEEPEDF_TO_ISRUC,C4,17,APS_nominal_coverage_0.05,0.95,PRIMARY_TARGET_FREE_DIAGNOSIS
D1_SLEEPEDF_TO_ISRUC,C4,17,APS_empirical_coverage_0.05,0.983831959871014,PRIMARY_TARGET_FREE_DIAGNOSIS
D1_SLEEPEDF_TO_ISRUC,C4,17,APS_coverage_gap_0.05,-0.03383195987101406,PRIMARY_TARGET_FREE_DIAGNOSIS
D1_SLEEPEDF_TO_ISRUC,C4,17,APS_mean_set_size_0.05,3.9999888032963096,PRIMARY_TARGET_FREE_DIAGNOSIS
D1_SLEEPEDF_TO_ISRUC,C4,17,APS_median_set_size_0.05,4.0,PRIMARY_TARGET_FREE_DIAGNOSIS
D1_SLEEPEDF_TO_ISRUC,C4,17,APS_singleton_fraction_0.05,0.0,PRIMARY_TARGET_FREE_DIAGNOSIS
D1_SLEEPEDF_TO_ISRUC,C4,17,APS_empty_fraction_0.05,0.0,PRIMARY_TARGET_FREE_DIAGNOSIS
D1_SLEEPEDF_TO_ISRUC,C4,42,macro-F1,0.5002392109983343,PRIMARY_TARGET_FREE_DIAGNOSIS
D1_SLEEPEDF_TO_ISRUC,C4,42,balanced_accuracy,0.5335102607744274,PRIMARY_TARGET_FREE_DIAGNOSIS
D1_SLEEPEDF_TO_ISRUC,C4,42,NLL,1.1204654023388996,PRIMARY_TARGET_FREE_DIAGNOSIS
D1_SLEEPEDF_TO_ISRUC,C4,42,Brier,0.5661498242540386,PRIMARY_TARGET_FREE_DIAGNOSIS
D1_SLEEPEDF_TO_ISRUC,C4,42,ECE,0.11926188853995137,PRIMARY_TARGET_FREE_DIAGNOSIS
D1_SLEEPEDF_TO_ISRUC,C4,42,adaptive_ECE,0.11926188853995136,PRIMARY_TARGET_FREE_DIAGNOSIS
D1_SLEEPEDF_TO_ISRUC,C4,42,classwise_ECE,0.0749668352827179,PRIMARY_TARGET_FREE_DIAGNOSIS
D1_SLEEPEDF_TO_ISRUC,C4,42,error_AUROC,0.6836361203986877,PRIMARY_TARGET_FREE_DIAGNOSIS
D1_SLEEPEDF_TO_ISRUC,C4,42,error_AUPRC,0.5748076275238664,PRIMARY_TARGET_FREE_DIAGNOSIS
D1_SLEEPEDF_TO_ISRUC,C4,42,AURC,0.2724486528859906,PRIMARY_TARGET_FREE_DIAGNOSIS
D1_SLEEPEDF_TO_ISRUC,C4,42,risk@0.95,0.3972680236189848,PRIMARY_TARGET_FREE_DIAGNOSIS
D1_SLEEPEDF_TO_ISRUC,C4,42,selective_macro_f1@0.95,0.4986944985700729,PRIMARY_TARGET_FREE_DIAGNOSIS
D1_SLEEPEDF_TO_ISRUC,C4,42,actual_coverage@0.95,0.9500067180222143,PRIMARY_TARGET_FREE_DIAGNOSIS
D1_SLEEPEDF_TO_ISRUC,C4,42,risk@0.90,0.3838344882497107,PRIMARY_TARGET_FREE_DIAGNOSIS
D1_SLEEPEDF_TO_ISRUC,C4,42,selective_macro_f1@0.90,0.5008276374075408,PRIMARY_TARGET_FREE_DIAGNOSIS
D1_SLEEPEDF_TO_ISRUC,C4,42,actual_coverage@0.90,0.9000022393407381,PRIMARY_TARGET_FREE_DIAGNOSIS
D1_SLEEPEDF_TO_ISRUC,C4,42,risk@0.80,0.3588663400979706,PRIMARY_TARGET_FREE_DIAGNOSIS
D1_SLEEPEDF_TO_ISRUC,C4,42,selective_macro_f1@0.80,0.5149837380554951,PRIMARY_TARGET_FREE_DIAGNOSIS
D1_SLEEPEDF_TO_ISRUC,C4,42,actual_coverage@0.80,0.8000044786814762,PRIMARY_TARGET_FREE_DIAGNOSIS
D1_SLEEPEDF_TO_ISRUC,C4,42,risk@0.70,0.33471424686895185,PRIMARY_TARGET_FREE_DIAGNOSIS
D1_SLEEPEDF_TO_ISRUC,C4,42,selective_macro_f1@0.70,0.5328298673250624,PRIMARY_TARGET_FREE_DIAGNOSIS
D1_SLEEPEDF_TO_ISRUC,C4,42,actual_coverage@0.70,0.7000067180222143,PRIMARY_TARGET_FREE_DIAGNOSIS
D1_SLEEPEDF_TO_ISRUC,C4,42,risk@0.50,0.2858294518093873,PRIMARY_TARGET_FREE_DIAGNOSIS
D1_SLEEPEDF_TO_ISRUC,C4,42,selective_macro_f1@0.50,0.5652274290715644,PRIMARY_TARGET_FREE_DIAGNOSIS
D1_SLEEPEDF_TO_ISRUC,C4,42,actual_coverage@0.50,0.5,PRIMARY_TARGET_FREE_DIAGNOSIS
D1_SLEEPEDF_TO_ISRUC,C4,42,recall_Wake,0.8347613219094248,PRIMARY_TARGET_FREE_DIAGNOSIS
D1_SLEEPEDF_TO_ISRUC,C4,42,recall_N1,0.07867711053089643,PRIMARY_TARGET_FREE_DIAGNOSIS
D1_SLEEPEDF_TO_ISRUC,C4,42,recall_N2,0.7664124844830644,PRIMARY_TARGET_FREE_DIAGNOSIS
D1_SLEEPEDF_TO_ISRUC,C4,42,recall_N3,0.23174401110982526,PRIMARY_TARGET_FREE_DIAGNOSIS
D1_SLEEPEDF_TO_ISRUC,C4,42,recall_REM,0.7559563758389262,PRIMARY_TARGET_FREE_DIAGNOSIS
D1_SLEEPEDF_TO_ISRUC,C4,42,APS_nominal_coverage_0.10,0.9,PRIMARY_TARGET_FREE_DIAGNOSIS
D1_SLEEPEDF_TO_ISRUC,C4,42,APS_empirical_coverage_0.10,0.9831041741311358,PRIMARY_TARGET_FREE_DIAGNOSIS
D1_SLEEPEDF_TO_ISRUC,C4,42,APS_coverage_gap_0.10,-0.0831041741311358,PRIMARY_TARGET_FREE_DIAGNOSIS
D1_SLEEPEDF_TO_ISRUC,C4,42,APS_mean_set_size_0.10,3.9999664098889287,PRIMARY_TARGET_FREE_DIAGNOSIS
D1_SLEEPEDF_TO_ISRUC,C4,42,APS_median_set_size_0.10,4.0,PRIMARY_TARGET_FREE_DIAGNOSIS
D1_SLEEPEDF_TO_ISRUC,C4,42,APS_singleton_fraction_0.10,0.0,PRIMARY_TARGET_FREE_DIAGNOSIS
D1_SLEEPEDF_TO_ISRUC,C4,42,APS_empty_fraction_0.10,0.0,PRIMARY_TARGET_FREE_DIAGNOSIS
D1_SLEEPEDF_TO_ISRUC,C4,42,APS_nominal_coverage_0.05,0.95,PRIMARY_TARGET_FREE_DIAGNOSIS
D1_SLEEPEDF_TO_ISRUC,C4,42,APS_empirical_coverage_0.05,0.9831041741311358,PRIMARY_TARGET_FREE_DIAGNOSIS
D1_SLEEPEDF_TO_ISRUC,C4,42,APS_coverage_gap_0.05,-0.033104174131135866,PRIMARY_TARGET_FREE_DIAGNOSIS
D1_SLEEPEDF_TO_ISRUC,C4,42,APS_mean_set_size_0.05,3.999977606592619,PRIMARY_TARGET_FREE_DIAGNOSIS
D1_SLEEPEDF_TO_ISRUC,C4,42,APS_median_set_size_0.05,4.0,PRIMARY_TARGET_FREE_DIAGNOSIS
D1_SLEEPEDF_TO_ISRUC,C4,42,APS_singleton_fraction_0.05,0.0,PRIMARY_TARGET_FREE_DIAGNOSIS
D1_SLEEPEDF_TO_ISRUC,C4,42,APS_empty_fraction_0.05,0.0,PRIMARY_TARGET_FREE_DIAGNOSIS
D1_SLEEPEDF_TO_ISRUC,C4,2026,macro-F1,0.5019351841512172,PRIMARY_TARGET_FREE_DIAGNOSIS
D1_SLEEPEDF_TO_ISRUC,C4,2026,balanced_accuracy,0.5331990323693533,PRIMARY_TARGET_FREE_DIAGNOSIS
D1_SLEEPEDF_TO_ISRUC,C4,2026,NLL,1.1433625658219122,PRIMARY_TARGET_FREE_DIAGNOSIS
D1_SLEEPEDF_TO_ISRUC,C4,2026,Brier,0.564591830734094,PRIMARY_TARGET_FREE_DIAGNOSIS
D1_SLEEPEDF_TO_ISRUC,C4,2026,ECE,0.121377644803951,PRIMARY_TARGET_FREE_DIAGNOSIS
D1_SLEEPEDF_TO_ISRUC,C4,2026,adaptive_ECE,0.12137764480395097,PRIMARY_TARGET_FREE_DIAGNOSIS
D1_SLEEPEDF_TO_ISRUC,C4,2026,classwise_ECE,0.0715421487597141,PRIMARY_TARGET_FREE_DIAGNOSIS
D1_SLEEPEDF_TO_ISRUC,C4,2026,error_AUROC,0.7062816179285336,PRIMARY_TARGET_FREE_DIAGNOSIS
D1_SLEEPEDF_TO_ISRUC,C4,2026,error_AUPRC,0.594574365486555,PRIMARY_TARGET_FREE_DIAGNOSIS
D1_SLEEPEDF_TO_ISRUC,C4,2026,AURC,0.2606243379318408,PRIMARY_TARGET_FREE_DIAGNOSIS
D1_SLEEPEDF_TO_ISRUC,C4,2026,risk@0.95,0.39414475467606397,PRIMARY_TARGET_FREE_DIAGNOSIS
D1_SLEEPEDF_TO_ISRUC,C4,2026,selective_macro_f1@0.95,0.5016103649919156,PRIMARY_TARGET_FREE_DIAGNOSIS
D1_SLEEPEDF_TO_ISRUC,C4,2026,actual_coverage@0.95,0.9500067180222143,PRIMARY_TARGET_FREE_DIAGNOSIS
D1_SLEEPEDF_TO_ISRUC,C4,2026,risk@0.90,0.37967927744118635,PRIMARY_TARGET_FREE_DIAGNOSIS
D1_SLEEPEDF_TO_ISRUC,C4,2026,selective_macro_f1@0.90,0.5046316337028386,PRIMARY_TARGET_FREE_DIAGNOSIS
D1_SLEEPEDF_TO_ISRUC,C4,2026,actual_coverage@0.90,0.9000022393407381,PRIMARY_TARGET_FREE_DIAGNOSIS
D1_SLEEPEDF_TO_ISRUC,C4,2026,risk@0.80,0.3505528341497551,PRIMARY_TARGET_FREE_DIAGNOSIS
D1_SLEEPEDF_TO_ISRUC,C4,2026,selective_macro_f1@0.80,0.5207451630556708,PRIMARY_TARGET_FREE_DIAGNOSIS
D1_SLEEPEDF_TO_ISRUC,C4,2026,actual_coverage@0.80,0.8000044786814762,PRIMARY_TARGET_FREE_DIAGNOSIS
D1_SLEEPEDF_TO_ISRUC,C4,2026,risk@0.70,0.3208624578128249,PRIMARY_TARGET_FREE_DIAGNOSIS
D1_SLEEPEDF_TO_ISRUC,C4,2026,selective_macro_f1@0.70,0.5405672869008306,PRIMARY_TARGET_FREE_DIAGNOSIS
D1_SLEEPEDF_TO_ISRUC,C4,2026,actual_coverage@0.70,0.7000067180222143,PRIMARY_TARGET_FREE_DIAGNOSIS
D1_SLEEPEDF_TO_ISRUC,C4,2026,risk@0.50,0.2610847366535292,PRIMARY_TARGET_FREE_DIAGNOSIS
D1_SLEEPEDF_TO_ISRUC,C4,2026,selective_macro_f1@0.50,0.5777110920940094,PRIMARY_TARGET_FREE_DIAGNOSIS
D1_SLEEPEDF_TO_ISRUC,C4,2026,actual_coverage@0.50,0.5,PRIMARY_TARGET_FREE_DIAGNOSIS
D1_SLEEPEDF_TO_ISRUC,C4,2026,recall_Wake,0.880342717258262,PRIMARY_TARGET_FREE_DIAGNOSIS
D1_SLEEPEDF_TO_ISRUC,C4,2026,recall_N1,0.0658833768494343,PRIMARY_TARGET_FREE_DIAGNOSIS
D1_SLEEPEDF_TO_ISRUC,C4,2026,recall_N2,0.7377903883667317,PRIMARY_TARGET_FREE_DIAGNOSIS
D1_SLEEPEDF_TO_ISRUC,C4,2026,recall_N3,0.2847471357481773,PRIMARY_TARGET_FREE_DIAGNOSIS
D1_SLEEPEDF_TO_ISRUC,C4,2026,recall_REM,0.6972315436241611,PRIMARY_TARGET_FREE_DIAGNOSIS
D1_SLEEPEDF_TO_ISRUC,C4,2026,APS_nominal_coverage_0.10,0.9,PRIMARY_TARGET_FREE_DIAGNOSIS
D1_SLEEPEDF_TO_ISRUC,C4,2026,APS_empirical_coverage_0.10,0.968828376925833,PRIMARY_TARGET_FREE_DIAGNOSIS
D1_SLEEPEDF_TO_ISRUC,C4,2026,APS_coverage_gap_0.10,-0.06882837692583299,PRIMARY_TARGET_FREE_DIAGNOSIS
D1_SLEEPEDF_TO_ISRUC,C4,2026,APS_mean_set_size_0.10,3.9999888032963096,PRIMARY_TARGET_FREE_DIAGNOSIS
D1_SLEEPEDF_TO_ISRUC,C4,2026,APS_median_set_size_0.10,4.0,PRIMARY_TARGET_FREE_DIAGNOSIS
D1_SLEEPEDF_TO_ISRUC,C4,2026,APS_singleton_fraction_0.10,0.0,PRIMARY_TARGET_FREE_DIAGNOSIS
D1_SLEEPEDF_TO_ISRUC,C4,2026,APS_empty_fraction_0.10,0.0,PRIMARY_TARGET_FREE_DIAGNOSIS
D1_SLEEPEDF_TO_ISRUC,C4,2026,APS_nominal_coverage_0.05,0.95,PRIMARY_TARGET_FREE_DIAGNOSIS
D1_SLEEPEDF_TO_ISRUC,C4,2026,APS_empirical_coverage_0.05,0.968828376925833,PRIMARY_TARGET_FREE_DIAGNOSIS
D1_SLEEPEDF_TO_ISRUC,C4,2026,APS_coverage_gap_0.05,-0.018828376925833057,PRIMARY_TARGET_FREE_DIAGNOSIS
D1_SLEEPEDF_TO_ISRUC,C4,2026,APS_mean_set_size_0.05,4.0,PRIMARY_TARGET_FREE_DIAGNOSIS
D1_SLEEPEDF_TO_ISRUC,C4,2026,APS_median_set_size_0.05,4.0,PRIMARY_TARGET_FREE_DIAGNOSIS
D1_SLEEPEDF_TO_ISRUC,C4,2026,APS_singleton_fraction_0.05,0.0,PRIMARY_TARGET_FREE_DIAGNOSIS
D1_SLEEPEDF_TO_ISRUC,C4,2026,APS_empty_fraction_0.05,0.0,PRIMARY_TARGET_FREE_DIAGNOSIS
D1_SLEEPEDF_TO_ISRUC,C4,MULTI_SEED_MEAN,macro-F1,0.5063910424775941,PRIMARY_TARGET_FREE_DIAGNOSIS
D1_SLEEPEDF_TO_ISRUC,C4,MULTI_SEED_MEAN,NLL,1.1172660930665559,PRIMARY_TARGET_FREE_DIAGNOSIS
D1_SLEEPEDF_TO_ISRUC,C4,MULTI_SEED_MEAN,Brier,0.5597018757458727,PRIMARY_TARGET_FREE_DIAGNOSIS
D1_SLEEPEDF_TO_ISRUC,C4,MULTI_SEED_MEAN,error_AUROC,0.6980234745916304,PRIMARY_TARGET_FREE_DIAGNOSIS
D1_SLEEPEDF_TO_ISRUC,C4,MULTI_SEED_MEAN,error_AUPRC,0.5808628331631477,PRIMARY_TARGET_FREE_DIAGNOSIS
D1_SLEEPEDF_TO_ISRUC,C4,MULTI_SEED_MEAN,AURC,0.25705495972924736,PRIMARY_TARGET_FREE_DIAGNOSIS
D1_SLEEPEDF_TO_ISRUC,C5,17,macro-F1,0.2622890144843953,PRIMARY_TARGET_FREE_DIAGNOSIS
D1_SLEEPEDF_TO_ISRUC,C5,17,balanced_accuracy,0.2850769009278294,PRIMARY_TARGET_FREE_DIAGNOSIS
D1_SLEEPEDF_TO_ISRUC,C5,17,NLL,1.8229614454544332,PRIMARY_TARGET_FREE_DIAGNOSIS
D1_SLEEPEDF_TO_ISRUC,C5,17,Brier,0.8962254342116703,PRIMARY_TARGET_FREE_DIAGNOSIS
D1_SLEEPEDF_TO_ISRUC,C5,17,ECE,0.322824901232194,PRIMARY_TARGET_FREE_DIAGNOSIS
D1_SLEEPEDF_TO_ISRUC,C5,17,adaptive_ECE,0.3228115580245623,PRIMARY_TARGET_FREE_DIAGNOSIS
D1_SLEEPEDF_TO_ISRUC,C5,17,classwise_ECE,0.14969169979784702,PRIMARY_TARGET_FREE_DIAGNOSIS
D1_SLEEPEDF_TO_ISRUC,C5,17,error_AUROC,0.5830062983857569,PRIMARY_TARGET_FREE_DIAGNOSIS
D1_SLEEPEDF_TO_ISRUC,C5,17,error_AUPRC,0.7392589525914968,PRIMARY_TARGET_FREE_DIAGNOSIS
D1_SLEEPEDF_TO_ISRUC,C5,17,AURC,0.6232810810763105,PRIMARY_TARGET_FREE_DIAGNOSIS
D1_SLEEPEDF_TO_ISRUC,C5,17,risk@0.95,0.6902306504649546,PRIMARY_TARGET_FREE_DIAGNOSIS
D1_SLEEPEDF_TO_ISRUC,C5,17,selective_macro_f1@0.95,0.2665120197473625,PRIMARY_TARGET_FREE_DIAGNOSIS
D1_SLEEPEDF_TO_ISRUC,C5,17,actual_coverage@0.95,0.9500067180222143,PRIMARY_TARGET_FREE_DIAGNOSIS
D1_SLEEPEDF_TO_ISRUC,C5,17,risk@0.90,0.6875629813015514,PRIMARY_TARGET_FREE_DIAGNOSIS
D1_SLEEPEDF_TO_ISRUC,C5,17,selective_macro_f1@0.90,0.26767653994523666,PRIMARY_TARGET_FREE_DIAGNOSIS
D1_SLEEPEDF_TO_ISRUC,C5,17,actual_coverage@0.90,0.9000022393407381,PRIMARY_TARGET_FREE_DIAGNOSIS
D1_SLEEPEDF_TO_ISRUC,C5,17,risk@0.80,0.680811756473058,PRIMARY_TARGET_FREE_DIAGNOSIS
D1_SLEEPEDF_TO_ISRUC,C5,17,selective_macro_f1@0.80,0.26829888529804136,PRIMARY_TARGET_FREE_DIAGNOSIS
D1_SLEEPEDF_TO_ISRUC,C5,17,actual_coverage@0.80,0.8000044786814762,PRIMARY_TARGET_FREE_DIAGNOSIS
D1_SLEEPEDF_TO_ISRUC,C5,17,risk@0.70,0.6725795358211104,PRIMARY_TARGET_FREE_DIAGNOSIS
D1_SLEEPEDF_TO_ISRUC,C5,17,selective_macro_f1@0.70,0.26884746077488064,PRIMARY_TARGET_FREE_DIAGNOSIS
D1_SLEEPEDF_TO_ISRUC,C5,17,actual_coverage@0.70,0.7000067180222143,PRIMARY_TARGET_FREE_DIAGNOSIS
D1_SLEEPEDF_TO_ISRUC,C5,17,risk@0.50,0.6431162665711214,PRIMARY_TARGET_FREE_DIAGNOSIS
D1_SLEEPEDF_TO_ISRUC,C5,17,selective_macro_f1@0.50,0.27686519470698323,PRIMARY_TARGET_FREE_DIAGNOSIS
D1_SLEEPEDF_TO_ISRUC,C5,17,actual_coverage@0.50,0.5,PRIMARY_TARGET_FREE_DIAGNOSIS
D1_SLEEPEDF_TO_ISRUC,C5,17,recall_Wake,0.7234271725826193,PRIMARY_TARGET_FREE_DIAGNOSIS
D1_SLEEPEDF_TO_ISRUC,C5,17,recall_N1,0.18320278503046128,PRIMARY_TARGET_FREE_DIAGNOSIS
D1_SLEEPEDF_TO_ISRUC,C5,17,recall_N2,0.24717148430572797,PRIMARY_TARGET_FREE_DIAGNOSIS
D1_SLEEPEDF_TO_ISRUC,C5,17,recall_N3,0.04582802916329128,PRIMARY_TARGET_FREE_DIAGNOSIS
D1_SLEEPEDF_TO_ISRUC,C5,17,recall_REM,0.22575503355704699,PRIMARY_TARGET_FREE_DIAGNOSIS
D1_SLEEPEDF_TO_ISRUC,C5,17,APS_nominal_coverage_0.10,0.9,PRIMARY_TARGET_FREE_DIAGNOSIS
D1_SLEEPEDF_TO_ISRUC,C5,17,APS_empirical_coverage_0.10,0.9384741132210677,PRIMARY_TARGET_FREE_DIAGNOSIS
D1_SLEEPEDF_TO_ISRUC,C5,17,APS_coverage_gap_0.10,-0.03847411322106764,PRIMARY_TARGET_FREE_DIAGNOSIS
D1_SLEEPEDF_TO_ISRUC,C5,17,APS_mean_set_size_0.10,4.0,PRIMARY_TARGET_FREE_DIAGNOSIS
D1_SLEEPEDF_TO_ISRUC,C5,17,APS_median_set_size_0.10,4.0,PRIMARY_TARGET_FREE_DIAGNOSIS
D1_SLEEPEDF_TO_ISRUC,C5,17,APS_singleton_fraction_0.10,0.0,PRIMARY_TARGET_FREE_DIAGNOSIS
D1_SLEEPEDF_TO_ISRUC,C5,17,APS_empty_fraction_0.10,0.0,PRIMARY_TARGET_FREE_DIAGNOSIS
D1_SLEEPEDF_TO_ISRUC,C5,17,APS_nominal_coverage_0.05,0.95,PRIMARY_TARGET_FREE_DIAGNOSIS
D1_SLEEPEDF_TO_ISRUC,C5,17,APS_empirical_coverage_0.05,0.9384741132210677,PRIMARY_TARGET_FREE_DIAGNOSIS
D1_SLEEPEDF_TO_ISRUC,C5,17,APS_coverage_gap_0.05,0.011525886778932293,PRIMARY_TARGET_FREE_DIAGNOSIS
D1_SLEEPEDF_TO_ISRUC,C5,17,APS_mean_set_size_0.05,4.0,PRIMARY_TARGET_FREE_DIAGNOSIS
D1_SLEEPEDF_TO_ISRUC,C5,17,APS_median_set_size_0.05,4.0,PRIMARY_TARGET_FREE_DIAGNOSIS
D1_SLEEPEDF_TO_ISRUC,C5,17,APS_singleton_fraction_0.05,0.0,PRIMARY_TARGET_FREE_DIAGNOSIS
D1_SLEEPEDF_TO_ISRUC,C5,17,APS_empty_fraction_0.05,0.0,PRIMARY_TARGET_FREE_DIAGNOSIS
D1_SLEEPEDF_TO_ISRUC,C5,42,macro-F1,0.27094945288726185,PRIMARY_TARGET_FREE_DIAGNOSIS
D1_SLEEPEDF_TO_ISRUC,C5,42,balanced_accuracy,0.2909673439618103,PRIMARY_TARGET_FREE_DIAGNOSIS
D1_SLEEPEDF_TO_ISRUC,C5,42,NLL,1.719624704597122,PRIMARY_TARGET_FREE_DIAGNOSIS
D1_SLEEPEDF_TO_ISRUC,C5,42,Brier,0.8727742478181809,PRIMARY_TARGET_FREE_DIAGNOSIS
D1_SLEEPEDF_TO_ISRUC,C5,42,ECE,0.2786629769855089,PRIMARY_TARGET_FREE_DIAGNOSIS
D1_SLEEPEDF_TO_ISRUC,C5,42,adaptive_ECE,0.27866277499568454,PRIMARY_TARGET_FREE_DIAGNOSIS
D1_SLEEPEDF_TO_ISRUC,C5,42,classwise_ECE,0.13251835057003528,PRIMARY_TARGET_FREE_DIAGNOSIS
D1_SLEEPEDF_TO_ISRUC,C5,42,error_AUROC,0.5142319085304515,PRIMARY_TARGET_FREE_DIAGNOSIS
D1_SLEEPEDF_TO_ISRUC,C5,42,error_AUPRC,0.6880639455205579,PRIMARY_TARGET_FREE_DIAGNOSIS
D1_SLEEPEDF_TO_ISRUC,C5,42,AURC,0.6480479697010725,PRIMARY_TARGET_FREE_DIAGNOSIS
D1_SLEEPEDF_TO_ISRUC,C5,42,risk@0.95,0.6685799144342169,PRIMARY_TARGET_FREE_DIAGNOSIS
D1_SLEEPEDF_TO_ISRUC,C5,42,selective_macro_f1@0.95,0.27557423369225925,PRIMARY_TARGET_FREE_DIAGNOSIS
D1_SLEEPEDF_TO_ISRUC,C5,42,actual_coverage@0.95,0.9500067180222143,PRIMARY_TARGET_FREE_DIAGNOSIS
D1_SLEEPEDF_TO_ISRUC,C5,42,risk@0.90,0.666164889712743,PRIMARY_TARGET_FREE_DIAGNOSIS
D1_SLEEPEDF_TO_ISRUC,C5,42,selective_macro_f1@0.90,0.2787599624628263,PRIMARY_TARGET_FREE_DIAGNOSIS
D1_SLEEPEDF_TO_ISRUC,C5,42,actual_coverage@0.90,0.9000022393407381,PRIMARY_TARGET_FREE_DIAGNOSIS
D1_SLEEPEDF_TO_ISRUC,C5,42,risk@0.80,0.6639188243526942,PRIMARY_TARGET_FREE_DIAGNOSIS
D1_SLEEPEDF_TO_ISRUC,C5,42,selective_macro_f1@0.80,0.2817428845773777,PRIMARY_TARGET_FREE_DIAGNOSIS
D1_SLEEPEDF_TO_ISRUC,C5,42,actual_coverage@0.80,0.8000044786814762,PRIMARY_TARGET_FREE_DIAGNOSIS
D1_SLEEPEDF_TO_ISRUC,C5,42,risk@0.70,0.6627745165469697,PRIMARY_TARGET_FREE_DIAGNOSIS
D1_SLEEPEDF_TO_ISRUC,C5,42,selective_macro_f1@0.70,0.2814145587250727,PRIMARY_TARGET_FREE_DIAGNOSIS
D1_SLEEPEDF_TO_ISRUC,C5,42,actual_coverage@0.70,0.7000067180222143,PRIMARY_TARGET_FREE_DIAGNOSIS
D1_SLEEPEDF_TO_ISRUC,C5,42,risk@0.50,0.6615460408455751,PRIMARY_TARGET_FREE_DIAGNOSIS
D1_SLEEPEDF_TO_ISRUC,C5,42,selective_macro_f1@0.50,0.27808733765097327,PRIMARY_TARGET_FREE_DIAGNOSIS
D1_SLEEPEDF_TO_ISRUC,C5,42,actual_coverage@0.50,0.5,PRIMARY_TARGET_FREE_DIAGNOSIS
D1_SLEEPEDF_TO_ISRUC,C5,42,recall_Wake,0.70531211750306,PRIMARY_TARGET_FREE_DIAGNOSIS
D1_SLEEPEDF_TO_ISRUC,C5,42,recall_N1,0.1557006092254134,PRIMARY_TARGET_FREE_DIAGNOSIS
D1_SLEEPEDF_TO_ISRUC,C5,42,recall_N2,0.3543536087958858,PRIMARY_TARGET_FREE_DIAGNOSIS
D1_SLEEPEDF_TO_ISRUC,C5,42,recall_N3,0.053060988311538014,PRIMARY_TARGET_FREE_DIAGNOSIS
D1_SLEEPEDF_TO_ISRUC,C5,42,recall_REM,0.18640939597315437,PRIMARY_TARGET_FREE_DIAGNOSIS
D1_SLEEPEDF_TO_ISRUC,C5,42,APS_nominal_coverage_0.10,0.9,PRIMARY_TARGET_FREE_DIAGNOSIS
D1_SLEEPEDF_TO_ISRUC,C5,42,APS_empirical_coverage_0.10,0.9333236295234683,PRIMARY_TARGET_FREE_DIAGNOSIS
D1_SLEEPEDF_TO_ISRUC,C5,42,APS_coverage_gap_0.10,-0.033323629523468234,PRIMARY_TARGET_FREE_DIAGNOSIS
D1_SLEEPEDF_TO_ISRUC,C5,42,APS_mean_set_size_0.10,4.0,PRIMARY_TARGET_FREE_DIAGNOSIS
D1_SLEEPEDF_TO_ISRUC,C5,42,APS_median_set_size_0.10,4.0,PRIMARY_TARGET_FREE_DIAGNOSIS
D1_SLEEPEDF_TO_ISRUC,C5,42,APS_singleton_fraction_0.10,0.0,PRIMARY_TARGET_FREE_DIAGNOSIS
D1_SLEEPEDF_TO_ISRUC,C5,42,APS_empty_fraction_0.10,0.0,PRIMARY_TARGET_FREE_DIAGNOSIS
D1_SLEEPEDF_TO_ISRUC,C5,42,APS_nominal_coverage_0.05,0.95,PRIMARY_TARGET_FREE_DIAGNOSIS
D1_SLEEPEDF_TO_ISRUC,C5,42,APS_empirical_coverage_0.05,0.9333236295234683,PRIMARY_TARGET_FREE_DIAGNOSIS
D1_SLEEPEDF_TO_ISRUC,C5,42,APS_coverage_gap_0.05,0.0166763704765317,PRIMARY_TARGET_FREE_DIAGNOSIS
D1_SLEEPEDF_TO_ISRUC,C5,42,APS_mean_set_size_0.05,4.0,PRIMARY_TARGET_FREE_DIAGNOSIS
D1_SLEEPEDF_TO_ISRUC,C5,42,APS_median_set_size_0.05,4.0,PRIMARY_TARGET_FREE_DIAGNOSIS
D1_SLEEPEDF_TO_ISRUC,C5,42,APS_singleton_fraction_0.05,0.0,PRIMARY_TARGET_FREE_DIAGNOSIS
D1_SLEEPEDF_TO_ISRUC,C5,42,APS_empty_fraction_0.05,0.0,PRIMARY_TARGET_FREE_DIAGNOSIS
D1_SLEEPEDF_TO_ISRUC,C5,2026,macro-F1,0.3354254074681887,PRIMARY_TARGET_FREE_DIAGNOSIS
D1_SLEEPEDF_TO_ISRUC,C5,2026,balanced_accuracy,0.3549551699136464,PRIMARY_TARGET_FREE_DIAGNOSIS
D1_SLEEPEDF_TO_ISRUC,C5,2026,NLL,1.637452204868109,PRIMARY_TARGET_FREE_DIAGNOSIS
D1_SLEEPEDF_TO_ISRUC,C5,2026,Brier,0.7897471433297657,PRIMARY_TARGET_FREE_DIAGNOSIS
D1_SLEEPEDF_TO_ISRUC,C5,2026,ECE,0.20452658762304468,PRIMARY_TARGET_FREE_DIAGNOSIS
D1_SLEEPEDF_TO_ISRUC,C5,2026,adaptive_ECE,0.20448483914972332,PRIMARY_TARGET_FREE_DIAGNOSIS
D1_SLEEPEDF_TO_ISRUC,C5,2026,classwise_ECE,0.11252382283519442,PRIMARY_TARGET_FREE_DIAGNOSIS
D1_SLEEPEDF_TO_ISRUC,C5,2026,error_AUROC,0.5862548095151072,PRIMARY_TARGET_FREE_DIAGNOSIS
D1_SLEEPEDF_TO_ISRUC,C5,2026,error_AUPRC,0.6713907795312717,PRIMARY_TARGET_FREE_DIAGNOSIS
D1_SLEEPEDF_TO_ISRUC,C5,2026,AURC,0.5366499342824005,PRIMARY_TARGET_FREE_DIAGNOSIS
D1_SLEEPEDF_TO_ISRUC,C5,2026,risk@0.95,0.609131731233868,PRIMARY_TARGET_FREE_DIAGNOSIS
D1_SLEEPEDF_TO_ISRUC,C5,2026,selective_macro_f1@0.95,0.3412641597664165,PRIMARY_TARGET_FREE_DIAGNOSIS
D1_SLEEPEDF_TO_ISRUC,C5,2026,actual_coverage@0.95,0.9500067180222143,PRIMARY_TARGET_FREE_DIAGNOSIS
D1_SLEEPEDF_TO_ISRUC,C5,2026,risk@0.90,0.6042970353690549,PRIMARY_TARGET_FREE_DIAGNOSIS
D1_SLEEPEDF_TO_ISRUC,C5,2026,selective_macro_f1@0.90,0.34685058584160966,PRIMARY_TARGET_FREE_DIAGNOSIS
D1_SLEEPEDF_TO_ISRUC,C5,2026,actual_coverage@0.90,0.9000022393407381,PRIMARY_TARGET_FREE_DIAGNOSIS
D1_SLEEPEDF_TO_ISRUC,C5,2026,risk@0.80,0.5934499650104968,PRIMARY_TARGET_FREE_DIAGNOSIS
D1_SLEEPEDF_TO_ISRUC,C5,2026,selective_macro_f1@0.80,0.3562619291095105,PRIMARY_TARGET_FREE_DIAGNOSIS
D1_SLEEPEDF_TO_ISRUC,C5,2026,actual_coverage@0.80,0.8000044786814762,PRIMARY_TARGET_FREE_DIAGNOSIS
D1_SLEEPEDF_TO_ISRUC,C5,2026,risk@0.70,0.5843343623538444,PRIMARY_TARGET_FREE_DIAGNOSIS
D1_SLEEPEDF_TO_ISRUC,C5,2026,selective_macro_f1@0.70,0.3617818688171962,PRIMARY_TARGET_FREE_DIAGNOSIS
D1_SLEEPEDF_TO_ISRUC,C5,2026,actual_coverage@0.70,0.7000067180222143,PRIMARY_TARGET_FREE_DIAGNOSIS
D1_SLEEPEDF_TO_ISRUC,C5,2026,risk@0.50,0.5594321031888212,PRIMARY_TARGET_FREE_DIAGNOSIS
D1_SLEEPEDF_TO_ISRUC,C5,2026,selective_macro_f1@0.50,0.37513467014999097,PRIMARY_TARGET_FREE_DIAGNOSIS
D1_SLEEPEDF_TO_ISRUC,C5,2026,actual_coverage@0.50,0.5,PRIMARY_TARGET_FREE_DIAGNOSIS
D1_SLEEPEDF_TO_ISRUC,C5,2026,recall_Wake,0.6738310893512852,PRIMARY_TARGET_FREE_DIAGNOSIS
D1_SLEEPEDF_TO_ISRUC,C5,2026,recall_N1,0.24073107049608355,PRIMARY_TARGET_FREE_DIAGNOSIS
D1_SLEEPEDF_TO_ISRUC,C5,2026,recall_N2,0.45550629544245436,PRIMARY_TARGET_FREE_DIAGNOSIS
D1_SLEEPEDF_TO_ISRUC,C5,2026,recall_N3,0.05630135400995255,PRIMARY_TARGET_FREE_DIAGNOSIS
D1_SLEEPEDF_TO_ISRUC,C5,2026,recall_REM,0.3484060402684564,PRIMARY_TARGET_FREE_DIAGNOSIS
D1_SLEEPEDF_TO_ISRUC,C5,2026,APS_nominal_coverage_0.10,0.9,PRIMARY_TARGET_FREE_DIAGNOSIS
D1_SLEEPEDF_TO_ISRUC,C5,2026,APS_empirical_coverage_0.10,0.9425161232533142,PRIMARY_TARGET_FREE_DIAGNOSIS
D1_SLEEPEDF_TO_ISRUC,C5,2026,APS_coverage_gap_0.10,-0.04251612325331422,PRIMARY_TARGET_FREE_DIAGNOSIS
D1_SLEEPEDF_TO_ISRUC,C5,2026,APS_mean_set_size_0.10,4.0,PRIMARY_TARGET_FREE_DIAGNOSIS
D1_SLEEPEDF_TO_ISRUC,C5,2026,APS_median_set_size_0.10,4.0,PRIMARY_TARGET_FREE_DIAGNOSIS
D1_SLEEPEDF_TO_ISRUC,C5,2026,APS_singleton_fraction_0.10,0.0,PRIMARY_TARGET_FREE_DIAGNOSIS
D1_SLEEPEDF_TO_ISRUC,C5,2026,APS_empty_fraction_0.10,0.0,PRIMARY_TARGET_FREE_DIAGNOSIS
D1_SLEEPEDF_TO_ISRUC,C5,2026,APS_nominal_coverage_0.05,0.95,PRIMARY_TARGET_FREE_DIAGNOSIS
D1_SLEEPEDF_TO_ISRUC,C5,2026,APS_empirical_coverage_0.05,0.9425161232533142,PRIMARY_TARGET_FREE_DIAGNOSIS
D1_SLEEPEDF_TO_ISRUC,C5,2026,APS_coverage_gap_0.05,0.007483876746685714,PRIMARY_TARGET_FREE_DIAGNOSIS
D1_SLEEPEDF_TO_ISRUC,C5,2026,APS_mean_set_size_0.05,4.0,PRIMARY_TARGET_FREE_DIAGNOSIS
D1_SLEEPEDF_TO_ISRUC,C5,2026,APS_median_set_size_0.05,4.0,PRIMARY_TARGET_FREE_DIAGNOSIS
D1_SLEEPEDF_TO_ISRUC,C5,2026,APS_singleton_fraction_0.05,0.0,PRIMARY_TARGET_FREE_DIAGNOSIS
D1_SLEEPEDF_TO_ISRUC,C5,2026,APS_empty_fraction_0.05,0.0,PRIMARY_TARGET_FREE_DIAGNOSIS
D1_SLEEPEDF_TO_ISRUC,C5,MULTI_SEED_MEAN,macro-F1,0.28955462494661527,PRIMARY_TARGET_FREE_DIAGNOSIS
D1_SLEEPEDF_TO_ISRUC,C5,MULTI_SEED_MEAN,NLL,1.726679451639888,PRIMARY_TARGET_FREE_DIAGNOSIS
D1_SLEEPEDF_TO_ISRUC,C5,MULTI_SEED_MEAN,Brier,0.8529156084532056,PRIMARY_TARGET_FREE_DIAGNOSIS
D1_SLEEPEDF_TO_ISRUC,C5,MULTI_SEED_MEAN,error_AUROC,0.5611643388104386,PRIMARY_TARGET_FREE_DIAGNOSIS
D1_SLEEPEDF_TO_ISRUC,C5,MULTI_SEED_MEAN,error_AUPRC,0.6995712258811088,PRIMARY_TARGET_FREE_DIAGNOSIS
D1_SLEEPEDF_TO_ISRUC,C5,MULTI_SEED_MEAN,AURC,0.6026596616865945,PRIMARY_TARGET_FREE_DIAGNOSIS
D2_ISRUC_TO_SLEEPEDF,C0,17,macro-F1,0.7358864244695738,PRIMARY_TARGET_FREE_DIAGNOSIS
D2_ISRUC_TO_SLEEPEDF,C0,17,balanced_accuracy,0.7275334402526799,PRIMARY_TARGET_FREE_DIAGNOSIS
D2_ISRUC_TO_SLEEPEDF,C0,17,NLL,0.6236268156233543,PRIMARY_TARGET_FREE_DIAGNOSIS
D2_ISRUC_TO_SLEEPEDF,C0,17,Brier,0.33345719864452344,PRIMARY_TARGET_FREE_DIAGNOSIS
D2_ISRUC_TO_SLEEPEDF,C0,17,ECE,0.046511488343657224,PRIMARY_TARGET_FREE_DIAGNOSIS
D2_ISRUC_TO_SLEEPEDF,C0,17,adaptive_ECE,0.04623874626089585,PRIMARY_TARGET_FREE_DIAGNOSIS
D2_ISRUC_TO_SLEEPEDF,C0,17,classwise_ECE,0.030762736496012355,PRIMARY_TARGET_FREE_DIAGNOSIS
D2_ISRUC_TO_SLEEPEDF,C0,17,error_AUROC,0.8170274014613638,PRIMARY_TARGET_FREE_DIAGNOSIS
D2_ISRUC_TO_SLEEPEDF,C0,17,error_AUPRC,0.5254246268053973,PRIMARY_TARGET_FREE_DIAGNOSIS
D2_ISRUC_TO_SLEEPEDF,C0,17,AURC,0.08167594696323041,PRIMARY_TARGET_FREE_DIAGNOSIS
D2_ISRUC_TO_SLEEPEDF,C0,17,risk@0.95,0.21948574969021065,PRIMARY_TARGET_FREE_DIAGNOSIS
D2_ISRUC_TO_SLEEPEDF,C0,17,selective_macro_f1@0.95,0.7535901671597836,PRIMARY_TARGET_FREE_DIAGNOSIS
D2_ISRUC_TO_SLEEPEDF,C0,17,actual_coverage@0.95,0.950040467956736,PRIMARY_TARGET_FREE_DIAGNOSIS
D2_ISRUC_TO_SLEEPEDF,C0,17,risk@0.90,0.1999672988881622,PRIMARY_TARGET_FREE_DIAGNOSIS
D2_ISRUC_TO_SLEEPEDF,C0,17,selective_macro_f1@0.90,0.7716272662082813,PRIMARY_TARGET_FREE_DIAGNOSIS
D2_ISRUC_TO_SLEEPEDF,C0,17,actual_coverage@0.90,0.9000073578103156,PRIMARY_TARGET_FREE_DIAGNOSIS
D2_ISRUC_TO_SLEEPEDF,C0,17,risk@0.80,0.16407615193598823,PRIMARY_TARGET_FREE_DIAGNOSIS
D2_ISRUC_TO_SLEEPEDF,C0,17,selective_macro_f1@0.80,0.803177713100237,PRIMARY_TARGET_FREE_DIAGNOSIS
D2_ISRUC_TO_SLEEPEDF,C0,17,actual_coverage@0.80,0.8000147156206313,PRIMARY_TARGET_FREE_DIAGNOSIS
D2_ISRUC_TO_SLEEPEDF,C0,17,risk@0.70,0.12823207904141265,PRIMARY_TARGET_FREE_DIAGNOSIS
D2_ISRUC_TO_SLEEPEDF,C0,17,selective_macro_f1@0.70,0.8307583706612757,PRIMARY_TARGET_FREE_DIAGNOSIS
D2_ISRUC_TO_SLEEPEDF,C0,17,actual_coverage@0.70,0.7000220734309469,PRIMARY_TARGET_FREE_DIAGNOSIS
D2_ISRUC_TO_SLEEPEDF,C0,17,risk@0.50,0.06106533254855798,PRIMARY_TARGET_FREE_DIAGNOSIS
D2_ISRUC_TO_SLEEPEDF,C0,17,selective_macro_f1@0.50,0.8428845161816317,PRIMARY_TARGET_FREE_DIAGNOSIS
D2_ISRUC_TO_SLEEPEDF,C0,17,actual_coverage@0.50,0.5000367890515782,PRIMARY_TARGET_FREE_DIAGNOSIS
D2_ISRUC_TO_SLEEPEDF,C0,17,recall_Wake,0.8331959329486123,PRIMARY_TARGET_FREE_DIAGNOSIS
D2_ISRUC_TO_SLEEPEDF,C0,17,recall_N1,0.5497005988023952,PRIMARY_TARGET_FREE_DIAGNOSIS
D2_ISRUC_TO_SLEEPEDF,C0,17,recall_N2,0.7745529930033688,PRIMARY_TARGET_FREE_DIAGNOSIS
D2_ISRUC_TO_SLEEPEDF,C0,17,recall_N3,0.8652350981118104,PRIMARY_TARGET_FREE_DIAGNOSIS
D2_ISRUC_TO_SLEEPEDF,C0,17,recall_REM,0.6149825783972126,PRIMARY_TARGET_FREE_DIAGNOSIS
D2_ISRUC_TO_SLEEPEDF,C0,17,APS_nominal_coverage_0.10,0.9,PRIMARY_TARGET_FREE_DIAGNOSIS
D2_ISRUC_TO_SLEEPEDF,C0,17,APS_empirical_coverage_0.10,0.9691707747774262,PRIMARY_TARGET_FREE_DIAGNOSIS
D2_ISRUC_TO_SLEEPEDF,C0,17,APS_coverage_gap_0.10,-0.06917077477742617,PRIMARY_TARGET_FREE_DIAGNOSIS
D2_ISRUC_TO_SLEEPEDF,C0,17,APS_mean_set_size_0.10,2.497167243028475,PRIMARY_TARGET_FREE_DIAGNOSIS
D2_ISRUC_TO_SLEEPEDF,C0,17,APS_median_set_size_0.10,3.0,PRIMARY_TARGET_FREE_DIAGNOSIS
D2_ISRUC_TO_SLEEPEDF,C0,17,APS_singleton_fraction_0.10,0.2844529468030314,PRIMARY_TARGET_FREE_DIAGNOSIS
D2_ISRUC_TO_SLEEPEDF,C0,17,APS_empty_fraction_0.10,0.0,PRIMARY_TARGET_FREE_DIAGNOSIS
D2_ISRUC_TO_SLEEPEDF,C0,17,APS_nominal_coverage_0.05,0.95,PRIMARY_TARGET_FREE_DIAGNOSIS
D2_ISRUC_TO_SLEEPEDF,C0,17,APS_empirical_coverage_0.05,0.9859465822971084,PRIMARY_TARGET_FREE_DIAGNOSIS
D2_ISRUC_TO_SLEEPEDF,C0,17,APS_coverage_gap_0.05,-0.035946582297108454,PRIMARY_TARGET_FREE_DIAGNOSIS
D2_ISRUC_TO_SLEEPEDF,C0,17,APS_mean_set_size_0.05,2.916415274814215,PRIMARY_TARGET_FREE_DIAGNOSIS
D2_ISRUC_TO_SLEEPEDF,C0,17,APS_median_set_size_0.05,3.0,PRIMARY_TARGET_FREE_DIAGNOSIS
D2_ISRUC_TO_SLEEPEDF,C0,17,APS_singleton_fraction_0.05,0.2102862188212788,PRIMARY_TARGET_FREE_DIAGNOSIS
D2_ISRUC_TO_SLEEPEDF,C0,17,APS_empty_fraction_0.05,0.0,PRIMARY_TARGET_FREE_DIAGNOSIS
D2_ISRUC_TO_SLEEPEDF,C0,42,macro-F1,0.732901992818584,PRIMARY_TARGET_FREE_DIAGNOSIS
D2_ISRUC_TO_SLEEPEDF,C0,42,balanced_accuracy,0.7293984325106415,PRIMARY_TARGET_FREE_DIAGNOSIS
D2_ISRUC_TO_SLEEPEDF,C0,42,NLL,0.6448171211285467,PRIMARY_TARGET_FREE_DIAGNOSIS
D2_ISRUC_TO_SLEEPEDF,C0,42,Brier,0.3425249825947571,PRIMARY_TARGET_FREE_DIAGNOSIS
D2_ISRUC_TO_SLEEPEDF,C0,42,ECE,0.04525643596872117,PRIMARY_TARGET_FREE_DIAGNOSIS
D2_ISRUC_TO_SLEEPEDF,C0,42,adaptive_ECE,0.04518177390780546,PRIMARY_TARGET_FREE_DIAGNOSIS
D2_ISRUC_TO_SLEEPEDF,C0,42,classwise_ECE,0.033939945087971754,PRIMARY_TARGET_FREE_DIAGNOSIS
D2_ISRUC_TO_SLEEPEDF,C0,42,error_AUROC,0.8089628221767774,PRIMARY_TARGET_FREE_DIAGNOSIS
D2_ISRUC_TO_SLEEPEDF,C0,42,error_AUPRC,0.5239365983883325,PRIMARY_TARGET_FREE_DIAGNOSIS
D2_ISRUC_TO_SLEEPEDF,C0,42,AURC,0.08816031715893081,PRIMARY_TARGET_FREE_DIAGNOSIS
D2_ISRUC_TO_SLEEPEDF,C0,42,risk@0.95,0.22730793060718713,PRIMARY_TARGET_FREE_DIAGNOSIS
D2_ISRUC_TO_SLEEPEDF,C0,42,selective_macro_f1@0.95,0.7509576642703444,PRIMARY_TARGET_FREE_DIAGNOSIS
D2_ISRUC_TO_SLEEPEDF,C0,42,actual_coverage@0.95,0.950040467956736,PRIMARY_TARGET_FREE_DIAGNOSIS
D2_ISRUC_TO_SLEEPEDF,C0,42,risk@0.90,0.2078973185088293,PRIMARY_TARGET_FREE_DIAGNOSIS
D2_ISRUC_TO_SLEEPEDF,C0,42,selective_macro_f1@0.90,0.7682629940641954,PRIMARY_TARGET_FREE_DIAGNOSIS
D2_ISRUC_TO_SLEEPEDF,C0,42,actual_coverage@0.90,0.9000073578103156,PRIMARY_TARGET_FREE_DIAGNOSIS
D2_ISRUC_TO_SLEEPEDF,C0,42,risk@0.80,0.17244550721971857,PRIMARY_TARGET_FREE_DIAGNOSIS
D2_ISRUC_TO_SLEEPEDF,C0,42,selective_macro_f1@0.80,0.7971117329257124,PRIMARY_TARGET_FREE_DIAGNOSIS
D2_ISRUC_TO_SLEEPEDF,C0,42,actual_coverage@0.80,0.8000147156206313,PRIMARY_TARGET_FREE_DIAGNOSIS
D2_ISRUC_TO_SLEEPEDF,C0,42,risk@0.70,0.1394786630229136,PRIMARY_TARGET_FREE_DIAGNOSIS
D2_ISRUC_TO_SLEEPEDF,C0,42,selective_macro_f1@0.70,0.8179003434020814,PRIMARY_TARGET_FREE_DIAGNOSIS
D2_ISRUC_TO_SLEEPEDF,C0,42,actual_coverage@0.70,0.7000220734309469,PRIMARY_TARGET_FREE_DIAGNOSIS
D2_ISRUC_TO_SLEEPEDF,C0,42,risk@0.50,0.0701883460859329,PRIMARY_TARGET_FREE_DIAGNOSIS
D2_ISRUC_TO_SLEEPEDF,C0,42,selective_macro_f1@0.50,0.8352851298724022,PRIMARY_TARGET_FREE_DIAGNOSIS
D2_ISRUC_TO_SLEEPEDF,C0,42,actual_coverage@0.50,0.5000367890515782,PRIMARY_TARGET_FREE_DIAGNOSIS
D2_ISRUC_TO_SLEEPEDF,C0,42,recall_Wake,0.7826325913712558,PRIMARY_TARGET_FREE_DIAGNOSIS
D2_ISRUC_TO_SLEEPEDF,C0,42,recall_N1,0.5586826347305389,PRIMARY_TARGET_FREE_DIAGNOSIS
D2_ISRUC_TO_SLEEPEDF,C0,42,recall_N2,0.7786991448561803,PRIMARY_TARGET_FREE_DIAGNOSIS
D2_ISRUC_TO_SLEEPEDF,C0,42,recall_N3,0.828952239911144,PRIMARY_TARGET_FREE_DIAGNOSIS
D2_ISRUC_TO_SLEEPEDF,C0,42,recall_REM,0.6980255516840883,PRIMARY_TARGET_FREE_DIAGNOSIS
D2_ISRUC_TO_SLEEPEDF,C0,42,APS_nominal_coverage_0.10,0.9,PRIMARY_TARGET_FREE_DIAGNOSIS
D2_ISRUC_TO_SLEEPEDF,C0,42,APS_empirical_coverage_0.10,0.9688028842616437,PRIMARY_TARGET_FREE_DIAGNOSIS
D2_ISRUC_TO_SLEEPEDF,C0,42,APS_coverage_gap_0.10,-0.06880288426164372,PRIMARY_TARGET_FREE_DIAGNOSIS
D2_ISRUC_TO_SLEEPEDF,C0,42,APS_mean_set_size_0.10,2.510190567287175,PRIMARY_TARGET_FREE_DIAGNOSIS
D2_ISRUC_TO_SLEEPEDF,C0,42,APS_median_set_size_0.10,3.0,PRIMARY_TARGET_FREE_DIAGNOSIS
D2_ISRUC_TO_SLEEPEDF,C0,42,APS_singleton_fraction_0.10,0.233684055625046,PRIMARY_TARGET_FREE_DIAGNOSIS
D2_ISRUC_TO_SLEEPEDF,C0,42,APS_empty_fraction_0.10,0.0,PRIMARY_TARGET_FREE_DIAGNOSIS
D2_ISRUC_TO_SLEEPEDF,C0,42,APS_nominal_coverage_0.05,0.95,PRIMARY_TARGET_FREE_DIAGNOSIS
D2_ISRUC_TO_SLEEPEDF,C0,42,APS_empirical_coverage_0.05,0.9881539253918034,PRIMARY_TARGET_FREE_DIAGNOSIS
D2_ISRUC_TO_SLEEPEDF,C0,42,APS_coverage_gap_0.05,-0.0381539253918034,PRIMARY_TARGET_FREE_DIAGNOSIS
D2_ISRUC_TO_SLEEPEDF,C0,42,APS_mean_set_size_0.05,3.0106688249576927,PRIMARY_TARGET_FREE_DIAGNOSIS
D2_ISRUC_TO_SLEEPEDF,C0,42,APS_median_set_size_0.05,3.0,PRIMARY_TARGET_FREE_DIAGNOSIS
D2_ISRUC_TO_SLEEPEDF,C0,42,APS_singleton_fraction_0.05,0.1523802516371128,PRIMARY_TARGET_FREE_DIAGNOSIS
D2_ISRUC_TO_SLEEPEDF,C0,42,APS_empty_fraction_0.05,0.0,PRIMARY_TARGET_FREE_DIAGNOSIS
D2_ISRUC_TO_SLEEPEDF,C0,2026,macro-F1,0.7233824747556823,PRIMARY_TARGET_FREE_DIAGNOSIS
D2_ISRUC_TO_SLEEPEDF,C0,2026,balanced_accuracy,0.7169179396279033,PRIMARY_TARGET_FREE_DIAGNOSIS
D2_ISRUC_TO_SLEEPEDF,C0,2026,NLL,0.6383047404431539,PRIMARY_TARGET_FREE_DIAGNOSIS
D2_ISRUC_TO_SLEEPEDF,C0,2026,Brier,0.3399482045259649,PRIMARY_TARGET_FREE_DIAGNOSIS
D2_ISRUC_TO_SLEEPEDF,C0,2026,ECE,0.01436909869027666,PRIMARY_TARGET_FREE_DIAGNOSIS
D2_ISRUC_TO_SLEEPEDF,C0,2026,adaptive_ECE,0.015204020493361432,PRIMARY_TARGET_FREE_DIAGNOSIS
D2_ISRUC_TO_SLEEPEDF,C0,2026,classwise_ECE,0.025467528730960347,PRIMARY_TARGET_FREE_DIAGNOSIS
D2_ISRUC_TO_SLEEPEDF,C0,2026,error_AUROC,0.7870238425344102,PRIMARY_TARGET_FREE_DIAGNOSIS
D2_ISRUC_TO_SLEEPEDF,C0,2026,error_AUPRC,0.5055899721592253,PRIMARY_TARGET_FREE_DIAGNOSIS
D2_ISRUC_TO_SLEEPEDF,C0,2026,AURC,0.09610950015456264,PRIMARY_TARGET_FREE_DIAGNOSIS
D2_ISRUC_TO_SLEEPEDF,C0,2026,risk@0.95,0.2248296158612144,PRIMARY_TARGET_FREE_DIAGNOSIS
D2_ISRUC_TO_SLEEPEDF,C0,2026,selective_macro_f1@0.95,0.7421187065324879,PRIMARY_TARGET_FREE_DIAGNOSIS
D2_ISRUC_TO_SLEEPEDF,C0,2026,actual_coverage@0.95,0.950040467956736,PRIMARY_TARGET_FREE_DIAGNOSIS
D2_ISRUC_TO_SLEEPEDF,C0,2026,risk@0.90,0.20626226291693917,PRIMARY_TARGET_FREE_DIAGNOSIS
D2_ISRUC_TO_SLEEPEDF,C0,2026,selective_macro_f1@0.90,0.7577894283349628,PRIMARY_TARGET_FREE_DIAGNOSIS
D2_ISRUC_TO_SLEEPEDF,C0,2026,actual_coverage@0.90,0.9000073578103156,PRIMARY_TARGET_FREE_DIAGNOSIS
D2_ISRUC_TO_SLEEPEDF,C0,2026,risk@0.80,0.17354915846592478,PRIMARY_TARGET_FREE_DIAGNOSIS
D2_ISRUC_TO_SLEEPEDF,C0,2026,selective_macro_f1@0.80,0.7737517029894063,PRIMARY_TARGET_FREE_DIAGNOSIS
D2_ISRUC_TO_SLEEPEDF,C0,2026,actual_coverage@0.80,0.8000147156206313,PRIMARY_TARGET_FREE_DIAGNOSIS
D2_ISRUC_TO_SLEEPEDF,C0,2026,risk@0.70,0.146415808282531,PRIMARY_TARGET_FREE_DIAGNOSIS
D2_ISRUC_TO_SLEEPEDF,C0,2026,selective_macro_f1@0.70,0.7446487541074837,PRIMARY_TARGET_FREE_DIAGNOSIS
D2_ISRUC_TO_SLEEPEDF,C0,2026,actual_coverage@0.70,0.7000220734309469,PRIMARY_TARGET_FREE_DIAGNOSIS
D2_ISRUC_TO_SLEEPEDF,C0,2026,risk@0.50,0.08490288404944085,PRIMARY_TARGET_FREE_DIAGNOSIS
D2_ISRUC_TO_SLEEPEDF,C0,2026,selective_macro_f1@0.50,0.7340112719053694,PRIMARY_TARGET_FREE_DIAGNOSIS
D2_ISRUC_TO_SLEEPEDF,C0,2026,actual_coverage@0.50,0.5000367890515782,PRIMARY_TARGET_FREE_DIAGNOSIS
D2_ISRUC_TO_SLEEPEDF,C0,2026,recall_Wake,0.8364935421819181,PRIMARY_TARGET_FREE_DIAGNOSIS
D2_ISRUC_TO_SLEEPEDF,C0,2026,recall_N1,0.4688622754491018,PRIMARY_TARGET_FREE_DIAGNOSIS
D2_ISRUC_TO_SLEEPEDF,C0,2026,recall_N2,0.752526561285307,PRIMARY_TARGET_FREE_DIAGNOSIS
D2_ISRUC_TO_SLEEPEDF,C0,2026,recall_N3,0.9111440207330618,PRIMARY_TARGET_FREE_DIAGNOSIS
D2_ISRUC_TO_SLEEPEDF,C0,2026,recall_REM,0.6155632984901278,PRIMARY_TARGET_FREE_DIAGNOSIS
D2_ISRUC_TO_SLEEPEDF,C0,2026,APS_nominal_coverage_0.10,0.9,PRIMARY_TARGET_FREE_DIAGNOSIS
D2_ISRUC_TO_SLEEPEDF,C0,2026,APS_empirical_coverage_0.10,0.9588698403355161,PRIMARY_TARGET_FREE_DIAGNOSIS
D2_ISRUC_TO_SLEEPEDF,C0,2026,APS_coverage_gap_0.10,-0.05886984033551612,PRIMARY_TARGET_FREE_DIAGNOSIS
D2_ISRUC_TO_SLEEPEDF,C0,2026,APS_mean_set_size_0.10,2.587447575601501,PRIMARY_TARGET_FREE_DIAGNOSIS
D2_ISRUC_TO_SLEEPEDF,C0,2026,APS_median_set_size_0.10,3.0,PRIMARY_TARGET_FREE_DIAGNOSIS
D2_ISRUC_TO_SLEEPEDF,C0,2026,APS_singleton_fraction_0.10,0.2816569788830844,PRIMARY_TARGET_FREE_DIAGNOSIS
D2_ISRUC_TO_SLEEPEDF,C0,2026,APS_empty_fraction_0.10,0.0,PRIMARY_TARGET_FREE_DIAGNOSIS
D2_ISRUC_TO_SLEEPEDF,C0,2026,APS_nominal_coverage_0.05,0.95,PRIMARY_TARGET_FREE_DIAGNOSIS
D2_ISRUC_TO_SLEEPEDF,C0,2026,APS_empirical_coverage_0.05,0.9771907880214848,PRIMARY_TARGET_FREE_DIAGNOSIS
D2_ISRUC_TO_SLEEPEDF,C0,2026,APS_coverage_gap_0.05,-0.02719078802148489,PRIMARY_TARGET_FREE_DIAGNOSIS
D2_ISRUC_TO_SLEEPEDF,C0,2026,APS_mean_set_size_0.05,2.9534250607019352,PRIMARY_TARGET_FREE_DIAGNOSIS
D2_ISRUC_TO_SLEEPEDF,C0,2026,APS_median_set_size_0.05,3.0,PRIMARY_TARGET_FREE_DIAGNOSIS
D2_ISRUC_TO_SLEEPEDF,C0,2026,APS_singleton_fraction_0.05,0.2121256714001913,PRIMARY_TARGET_FREE_DIAGNOSIS
D2_ISRUC_TO_SLEEPEDF,C0,2026,APS_empty_fraction_0.05,0.0,PRIMARY_TARGET_FREE_DIAGNOSIS
D2_ISRUC_TO_SLEEPEDF,C0,MULTI_SEED_MEAN,macro-F1,0.73072363068128,PRIMARY_TARGET_FREE_DIAGNOSIS
D2_ISRUC_TO_SLEEPEDF,C0,MULTI_SEED_MEAN,NLL,0.6355828923983516,PRIMARY_TARGET_FREE_DIAGNOSIS
D2_ISRUC_TO_SLEEPEDF,C0,MULTI_SEED_MEAN,Brier,0.3386434619217485,PRIMARY_TARGET_FREE_DIAGNOSIS
D2_ISRUC_TO_SLEEPEDF,C0,MULTI_SEED_MEAN,error_AUROC,0.8043380220575171,PRIMARY_TARGET_FREE_DIAGNOSIS
D2_ISRUC_TO_SLEEPEDF,C0,MULTI_SEED_MEAN,error_AUPRC,0.5183170657843182,PRIMARY_TARGET_FREE_DIAGNOSIS
D2_ISRUC_TO_SLEEPEDF,C0,MULTI_SEED_MEAN,AURC,0.0886485880922413,PRIMARY_TARGET_FREE_DIAGNOSIS
D2_ISRUC_TO_SLEEPEDF,C1,17,macro-F1,0.6526893946081941,PRIMARY_TARGET_FREE_DIAGNOSIS
D2_ISRUC_TO_SLEEPEDF,C1,17,balanced_accuracy,0.6555243922771137,PRIMARY_TARGET_FREE_DIAGNOSIS
D2_ISRUC_TO_SLEEPEDF,C1,17,NLL,0.7794531653965291,PRIMARY_TARGET_FREE_DIAGNOSIS
D2_ISRUC_TO_SLEEPEDF,C1,17,Brier,0.4191492409635575,PRIMARY_TARGET_FREE_DIAGNOSIS
D2_ISRUC_TO_SLEEPEDF,C1,17,ECE,0.027788194515437403,PRIMARY_TARGET_FREE_DIAGNOSIS
D2_ISRUC_TO_SLEEPEDF,C1,17,adaptive_ECE,0.028156472370963505,PRIMARY_TARGET_FREE_DIAGNOSIS
D2_ISRUC_TO_SLEEPEDF,C1,17,classwise_ECE,0.038791648242889824,PRIMARY_TARGET_FREE_DIAGNOSIS
D2_ISRUC_TO_SLEEPEDF,C1,17,error_AUROC,0.7789414351478612,PRIMARY_TARGET_FREE_DIAGNOSIS
D2_ISRUC_TO_SLEEPEDF,C1,17,error_AUPRC,0.573234848322681,PRIMARY_TARGET_FREE_DIAGNOSIS
D2_ISRUC_TO_SLEEPEDF,C1,17,AURC,0.13716040839468538,PRIMARY_TARGET_FREE_DIAGNOSIS
D2_ISRUC_TO_SLEEPEDF,C1,17,risk@0.95,0.2947645600991326,PRIMARY_TARGET_FREE_DIAGNOSIS
D2_ISRUC_TO_SLEEPEDF,C1,17,selective_macro_f1@0.95,0.6690001151892375,PRIMARY_TARGET_FREE_DIAGNOSIS
D2_ISRUC_TO_SLEEPEDF,C1,17,actual_coverage@0.95,0.950040467956736,PRIMARY_TARGET_FREE_DIAGNOSIS
D2_ISRUC_TO_SLEEPEDF,C1,17,risk@0.90,0.27853172007848265,PRIMARY_TARGET_FREE_DIAGNOSIS
D2_ISRUC_TO_SLEEPEDF,C1,17,selective_macro_f1@0.90,0.6786134757287368,PRIMARY_TARGET_FREE_DIAGNOSIS
D2_ISRUC_TO_SLEEPEDF,C1,17,actual_coverage@0.90,0.9000073578103156,PRIMARY_TARGET_FREE_DIAGNOSIS
D2_ISRUC_TO_SLEEPEDF,C1,17,risk@0.80,0.2458383150924308,PRIMARY_TARGET_FREE_DIAGNOSIS
D2_ISRUC_TO_SLEEPEDF,C1,17,selective_macro_f1@0.80,0.6936375173151403,PRIMARY_TARGET_FREE_DIAGNOSIS
D2_ISRUC_TO_SLEEPEDF,C1,17,actual_coverage@0.80,0.8000147156206313,PRIMARY_TARGET_FREE_DIAGNOSIS
D2_ISRUC_TO_SLEEPEDF,C1,17,risk@0.70,0.21273912129493378,PRIMARY_TARGET_FREE_DIAGNOSIS
D2_ISRUC_TO_SLEEPEDF,C1,17,selective_macro_f1@0.70,0.6924150353095213,PRIMARY_TARGET_FREE_DIAGNOSIS
D2_ISRUC_TO_SLEEPEDF,C1,17,actual_coverage@0.70,0.7000220734309469,PRIMARY_TARGET_FREE_DIAGNOSIS
D2_ISRUC_TO_SLEEPEDF,C1,17,risk@0.50,0.12934078869923485,PRIMARY_TARGET_FREE_DIAGNOSIS
D2_ISRUC_TO_SLEEPEDF,C1,17,selective_macro_f1@0.50,0.6973265146432944,PRIMARY_TARGET_FREE_DIAGNOSIS
D2_ISRUC_TO_SLEEPEDF,C1,17,actual_coverage@0.50,0.5000367890515782,PRIMARY_TARGET_FREE_DIAGNOSIS
D2_ISRUC_TO_SLEEPEDF,C1,17,recall_Wake,0.7702665567463589,PRIMARY_TARGET_FREE_DIAGNOSIS
D2_ISRUC_TO_SLEEPEDF,C1,17,recall_N1,0.40059880239520956,PRIMARY_TARGET_FREE_DIAGNOSIS
D2_ISRUC_TO_SLEEPEDF,C1,17,recall_N2,0.6864472661311221,PRIMARY_TARGET_FREE_DIAGNOSIS
D2_ISRUC_TO_SLEEPEDF,C1,17,recall_N3,0.7571269900037023,PRIMARY_TARGET_FREE_DIAGNOSIS
D2_ISRUC_TO_SLEEPEDF,C1,17,recall_REM,0.6631823461091754,PRIMARY_TARGET_FREE_DIAGNOSIS
D2_ISRUC_TO_SLEEPEDF,C1,17,APS_nominal_coverage_0.10,0.9,PRIMARY_TARGET_FREE_DIAGNOSIS
D2_ISRUC_TO_SLEEPEDF,C1,17,APS_empirical_coverage_0.10,0.9913913619306894,PRIMARY_TARGET_FREE_DIAGNOSIS
D2_ISRUC_TO_SLEEPEDF,C1,17,APS_coverage_gap_0.10,-0.09139136193068942,PRIMARY_TARGET_FREE_DIAGNOSIS
D2_ISRUC_TO_SLEEPEDF,C1,17,APS_mean_set_size_0.10,3.295121771760724,PRIMARY_TARGET_FREE_DIAGNOSIS
D2_ISRUC_TO_SLEEPEDF,C1,17,APS_median_set_size_0.10,4.0,PRIMARY_TARGET_FREE_DIAGNOSIS
D2_ISRUC_TO_SLEEPEDF,C1,17,APS_singleton_fraction_0.10,0.12125671400191303,PRIMARY_TARGET_FREE_DIAGNOSIS
D2_ISRUC_TO_SLEEPEDF,C1,17,APS_empty_fraction_0.10,0.0,PRIMARY_TARGET_FREE_DIAGNOSIS
D2_ISRUC_TO_SLEEPEDF,C1,17,APS_nominal_coverage_0.05,0.95,PRIMARY_TARGET_FREE_DIAGNOSIS
D2_ISRUC_TO_SLEEPEDF,C1,17,APS_empirical_coverage_0.05,0.9933779707159149,PRIMARY_TARGET_FREE_DIAGNOSIS
D2_ISRUC_TO_SLEEPEDF,C1,17,APS_coverage_gap_0.05,-0.04337797071591498,PRIMARY_TARGET_FREE_DIAGNOSIS
D2_ISRUC_TO_SLEEPEDF,C1,17,APS_mean_set_size_0.05,3.6220292840850563,PRIMARY_TARGET_FREE_DIAGNOSIS
D2_ISRUC_TO_SLEEPEDF,C1,17,APS_median_set_size_0.05,4.0,PRIMARY_TARGET_FREE_DIAGNOSIS
D2_ISRUC_TO_SLEEPEDF,C1,17,APS_singleton_fraction_0.05,0.06842763593554559,PRIMARY_TARGET_FREE_DIAGNOSIS
D2_ISRUC_TO_SLEEPEDF,C1,17,APS_empty_fraction_0.05,0.0,PRIMARY_TARGET_FREE_DIAGNOSIS
D2_ISRUC_TO_SLEEPEDF,C1,42,macro-F1,0.6618890626840921,PRIMARY_TARGET_FREE_DIAGNOSIS
D2_ISRUC_TO_SLEEPEDF,C1,42,balanced_accuracy,0.6609109925079515,PRIMARY_TARGET_FREE_DIAGNOSIS
D2_ISRUC_TO_SLEEPEDF,C1,42,NLL,0.7818223254901951,PRIMARY_TARGET_FREE_DIAGNOSIS
D2_ISRUC_TO_SLEEPEDF,C1,42,Brier,0.4087385724851294,PRIMARY_TARGET_FREE_DIAGNOSIS
D2_ISRUC_TO_SLEEPEDF,C1,42,ECE,0.03111380372189249,PRIMARY_TARGET_FREE_DIAGNOSIS
D2_ISRUC_TO_SLEEPEDF,C1,42,adaptive_ECE,0.030062894144423882,PRIMARY_TARGET_FREE_DIAGNOSIS
D2_ISRUC_TO_SLEEPEDF,C1,42,classwise_ECE,0.0369755834226959,PRIMARY_TARGET_FREE_DIAGNOSIS
D2_ISRUC_TO_SLEEPEDF,C1,42,error_AUROC,0.7831920534455361,PRIMARY_TARGET_FREE_DIAGNOSIS
D2_ISRUC_TO_SLEEPEDF,C1,42,error_AUPRC,0.5507270839862994,PRIMARY_TARGET_FREE_DIAGNOSIS
D2_ISRUC_TO_SLEEPEDF,C1,42,AURC,0.125576733912002,PRIMARY_TARGET_FREE_DIAGNOSIS
D2_ISRUC_TO_SLEEPEDF,C1,42,risk@0.95,0.2826827757125155,PRIMARY_TARGET_FREE_DIAGNOSIS
D2_ISRUC_TO_SLEEPEDF,C1,42,selective_macro_f1@0.95,0.6761478263952008,PRIMARY_TARGET_FREE_DIAGNOSIS
D2_ISRUC_TO_SLEEPEDF,C1,42,actual_coverage@0.95,0.950040467956736,PRIMARY_TARGET_FREE_DIAGNOSIS
D2_ISRUC_TO_SLEEPEDF,C1,42,risk@0.90,0.26757684761281886,PRIMARY_TARGET_FREE_DIAGNOSIS
D2_ISRUC_TO_SLEEPEDF,C1,42,selective_macro_f1@0.90,0.6857416583607779,PRIMARY_TARGET_FREE_DIAGNOSIS
D2_ISRUC_TO_SLEEPEDF,C1,42,actual_coverage@0.90,0.9000073578103156,PRIMARY_TARGET_FREE_DIAGNOSIS
D2_ISRUC_TO_SLEEPEDF,C1,42,risk@0.80,0.2344339188816334,PRIMARY_TARGET_FREE_DIAGNOSIS
D2_ISRUC_TO_SLEEPEDF,C1,42,selective_macro_f1@0.80,0.7011706056056006,PRIMARY_TARGET_FREE_DIAGNOSIS
D2_ISRUC_TO_SLEEPEDF,C1,42,actual_coverage@0.80,0.8000147156206313,PRIMARY_TARGET_FREE_DIAGNOSIS
D2_ISRUC_TO_SLEEPEDF,C1,42,risk@0.70,0.19918015556022703,PRIMARY_TARGET_FREE_DIAGNOSIS
D2_ISRUC_TO_SLEEPEDF,C1,42,selective_macro_f1@0.70,0.7164412682477451,PRIMARY_TARGET_FREE_DIAGNOSIS
D2_ISRUC_TO_SLEEPEDF,C1,42,actual_coverage@0.70,0.7000220734309469,PRIMARY_TARGET_FREE_DIAGNOSIS
D2_ISRUC_TO_SLEEPEDF,C1,42,risk@0.50,0.11124190700412007,PRIMARY_TARGET_FREE_DIAGNOSIS
D2_ISRUC_TO_SLEEPEDF,C1,42,selective_macro_f1@0.50,0.7428155274808751,PRIMARY_TARGET_FREE_DIAGNOSIS
D2_ISRUC_TO_SLEEPEDF,C1,42,actual_coverage@0.50,0.5000367890515782,PRIMARY_TARGET_FREE_DIAGNOSIS
D2_ISRUC_TO_SLEEPEDF,C1,42,recall_Wake,0.7265732344050564,PRIMARY_TARGET_FREE_DIAGNOSIS
D2_ISRUC_TO_SLEEPEDF,C1,42,recall_N1,0.3976047904191617,PRIMARY_TARGET_FREE_DIAGNOSIS
D2_ISRUC_TO_SLEEPEDF,C1,42,recall_N2,0.7693703031873542,PRIMARY_TARGET_FREE_DIAGNOSIS
D2_ISRUC_TO_SLEEPEDF,C1,42,recall_N3,0.8082191780821918,PRIMARY_TARGET_FREE_DIAGNOSIS
D2_ISRUC_TO_SLEEPEDF,C1,42,recall_REM,0.6027874564459931,PRIMARY_TARGET_FREE_DIAGNOSIS
D2_ISRUC_TO_SLEEPEDF,C1,42,APS_nominal_coverage_0.10,0.9,PRIMARY_TARGET_FREE_DIAGNOSIS
D2_ISRUC_TO_SLEEPEDF,C1,42,APS_empirical_coverage_0.10,0.9874181443602384,PRIMARY_TARGET_FREE_DIAGNOSIS
D2_ISRUC_TO_SLEEPEDF,C1,42,APS_coverage_gap_0.10,-0.08741814436023843,PRIMARY_TARGET_FREE_DIAGNOSIS
D2_ISRUC_TO_SLEEPEDF,C1,42,APS_mean_set_size_0.10,3.3682584062982857,PRIMARY_TARGET_FREE_DIAGNOSIS
D2_ISRUC_TO_SLEEPEDF,C1,42,APS_median_set_size_0.10,4.0,PRIMARY_TARGET_FREE_DIAGNOSIS
D2_ISRUC_TO_SLEEPEDF,C1,42,APS_singleton_fraction_0.10,0.1063939371642999,PRIMARY_TARGET_FREE_DIAGNOSIS
D2_ISRUC_TO_SLEEPEDF,C1,42,APS_empty_fraction_0.10,0.0,PRIMARY_TARGET_FREE_DIAGNOSIS
D2_ISRUC_TO_SLEEPEDF,C1,42,APS_nominal_coverage_0.05,0.95,PRIMARY_TARGET_FREE_DIAGNOSIS
D2_ISRUC_TO_SLEEPEDF,C1,42,APS_empirical_coverage_0.05,0.9924950334780369,PRIMARY_TARGET_FREE_DIAGNOSIS
D2_ISRUC_TO_SLEEPEDF,C1,42,APS_coverage_gap_0.05,-0.04249503347803696,PRIMARY_TARGET_FREE_DIAGNOSIS
D2_ISRUC_TO_SLEEPEDF,C1,42,APS_mean_set_size_0.05,3.7577808844088,PRIMARY_TARGET_FREE_DIAGNOSIS
D2_ISRUC_TO_SLEEPEDF,C1,42,APS_median_set_size_0.05,4.0,PRIMARY_TARGET_FREE_DIAGNOSIS
D2_ISRUC_TO_SLEEPEDF,C1,42,APS_singleton_fraction_0.05,0.047752188948568905,PRIMARY_TARGET_FREE_DIAGNOSIS
D2_ISRUC_TO_SLEEPEDF,C1,42,APS_empty_fraction_0.05,0.0,PRIMARY_TARGET_FREE_DIAGNOSIS
D2_ISRUC_TO_SLEEPEDF,C1,2026,macro-F1,0.6242825699936416,PRIMARY_TARGET_FREE_DIAGNOSIS
D2_ISRUC_TO_SLEEPEDF,C1,2026,balanced_accuracy,0.6237636906105856,PRIMARY_TARGET_FREE_DIAGNOSIS
D2_ISRUC_TO_SLEEPEDF,C1,2026,NLL,0.8273078114154376,PRIMARY_TARGET_FREE_DIAGNOSIS
D2_ISRUC_TO_SLEEPEDF,C1,2026,Brier,0.42870053486502996,PRIMARY_TARGET_FREE_DIAGNOSIS
D2_ISRUC_TO_SLEEPEDF,C1,2026,ECE,0.021510602528911224,PRIMARY_TARGET_FREE_DIAGNOSIS
D2_ISRUC_TO_SLEEPEDF,C1,2026,adaptive_ECE,0.02309140632923422,PRIMARY_TARGET_FREE_DIAGNOSIS
D2_ISRUC_TO_SLEEPEDF,C1,2026,classwise_ECE,0.028563822373526466,PRIMARY_TARGET_FREE_DIAGNOSIS
D2_ISRUC_TO_SLEEPEDF,C1,2026,error_AUROC,0.7820720585068336,PRIMARY_TARGET_FREE_DIAGNOSIS
D2_ISRUC_TO_SLEEPEDF,C1,2026,error_AUPRC,0.5805566902637974,PRIMARY_TARGET_FREE_DIAGNOSIS
D2_ISRUC_TO_SLEEPEDF,C1,2026,AURC,0.14050872296226893,PRIMARY_TARGET_FREE_DIAGNOSIS
D2_ISRUC_TO_SLEEPEDF,C1,2026,risk@0.95,0.30467781908302355,PRIMARY_TARGET_FREE_DIAGNOSIS
D2_ISRUC_TO_SLEEPEDF,C1,2026,selective_macro_f1@0.95,0.633519223199375,PRIMARY_TARGET_FREE_DIAGNOSIS
D2_ISRUC_TO_SLEEPEDF,C1,2026,actual_coverage@0.95,0.950040467956736,PRIMARY_TARGET_FREE_DIAGNOSIS
D2_ISRUC_TO_SLEEPEDF,C1,2026,risk@0.90,0.28507194244604317,PRIMARY_TARGET_FREE_DIAGNOSIS
D2_ISRUC_TO_SLEEPEDF,C1,2026,selective_macro_f1@0.90,0.641185519538562,PRIMARY_TARGET_FREE_DIAGNOSIS
D2_ISRUC_TO_SLEEPEDF,C1,2026,actual_coverage@0.90,0.9000073578103156,PRIMARY_TARGET_FREE_DIAGNOSIS
D2_ISRUC_TO_SLEEPEDF,C1,2026,risk@0.80,0.25292007725558724,PRIMARY_TARGET_FREE_DIAGNOSIS
D2_ISRUC_TO_SLEEPEDF,C1,2026,selective_macro_f1@0.80,0.6297555971353086,PRIMARY_TARGET_FREE_DIAGNOSIS
D2_ISRUC_TO_SLEEPEDF,C1,2026,actual_coverage@0.80,0.8000147156206313,PRIMARY_TARGET_FREE_DIAGNOSIS
D2_ISRUC_TO_SLEEPEDF,C1,2026,risk@0.70,0.21820475089342023,PRIMARY_TARGET_FREE_DIAGNOSIS
D2_ISRUC_TO_SLEEPEDF,C1,2026,selective_macro_f1@0.70,0.6271968639348511,PRIMARY_TARGET_FREE_DIAGNOSIS
D2_ISRUC_TO_SLEEPEDF,C1,2026,actual_coverage@0.70,0.7000220734309469,PRIMARY_TARGET_FREE_DIAGNOSIS
D2_ISRUC_TO_SLEEPEDF,C1,2026,risk@0.50,0.13640376692171866,PRIMARY_TARGET_FREE_DIAGNOSIS
D2_ISRUC_TO_SLEEPEDF,C1,2026,selective_macro_f1@0.50,0.6721203945060081,PRIMARY_TARGET_FREE_DIAGNOSIS
D2_ISRUC_TO_SLEEPEDF,C1,2026,actual_coverage@0.50,0.5000367890515782,PRIMARY_TARGET_FREE_DIAGNOSIS
D2_ISRUC_TO_SLEEPEDF,C1,2026,recall_Wake,0.7430612805715856,PRIMARY_TARGET_FREE_DIAGNOSIS
D2_ISRUC_TO_SLEEPEDF,C1,2026,recall_N1,0.3029940119760479,PRIMARY_TARGET_FREE_DIAGNOSIS
D2_ISRUC_TO_SLEEPEDF,C1,2026,recall_N2,0.740347240217673,PRIMARY_TARGET_FREE_DIAGNOSIS
D2_ISRUC_TO_SLEEPEDF,C1,2026,recall_N3,0.8463532025175861,PRIMARY_TARGET_FREE_DIAGNOSIS
D2_ISRUC_TO_SLEEPEDF,C1,2026,recall_REM,0.48606271777003485,PRIMARY_TARGET_FREE_DIAGNOSIS
D2_ISRUC_TO_SLEEPEDF,C1,2026,APS_nominal_coverage_0.10,0.9,PRIMARY_TARGET_FREE_DIAGNOSIS
D2_ISRUC_TO_SLEEPEDF,C1,2026,APS_empirical_coverage_0.10,0.9770436318151718,PRIMARY_TARGET_FREE_DIAGNOSIS
D2_ISRUC_TO_SLEEPEDF,C1,2026,APS_coverage_gap_0.10,-0.07704363181517182,PRIMARY_TARGET_FREE_DIAGNOSIS
D2_ISRUC_TO_SLEEPEDF,C1,2026,APS_mean_set_size_0.10,3.075417555735413,PRIMARY_TARGET_FREE_DIAGNOSIS
D2_ISRUC_TO_SLEEPEDF,C1,2026,APS_median_set_size_0.10,4.0,PRIMARY_TARGET_FREE_DIAGNOSIS
D2_ISRUC_TO_SLEEPEDF,C1,2026,APS_singleton_fraction_0.10,0.1872562725332941,PRIMARY_TARGET_FREE_DIAGNOSIS
D2_ISRUC_TO_SLEEPEDF,C1,2026,APS_empty_fraction_0.10,0.0,PRIMARY_TARGET_FREE_DIAGNOSIS
D2_ISRUC_TO_SLEEPEDF,C1,2026,APS_nominal_coverage_0.05,0.95,PRIMARY_TARGET_FREE_DIAGNOSIS
D2_ISRUC_TO_SLEEPEDF,C1,2026,APS_empirical_coverage_0.05,0.9886689721138989,PRIMARY_TARGET_FREE_DIAGNOSIS
D2_ISRUC_TO_SLEEPEDF,C1,2026,APS_coverage_gap_0.05,-0.03866897211389897,PRIMARY_TARGET_FREE_DIAGNOSIS
D2_ISRUC_TO_SLEEPEDF,C1,2026,APS_mean_set_size_0.05,3.399455522036642,PRIMARY_TARGET_FREE_DIAGNOSIS
D2_ISRUC_TO_SLEEPEDF,C1,2026,APS_median_set_size_0.05,4.0,PRIMARY_TARGET_FREE_DIAGNOSIS
D2_ISRUC_TO_SLEEPEDF,C1,2026,APS_singleton_fraction_0.05,0.12442057243764255,PRIMARY_TARGET_FREE_DIAGNOSIS
D2_ISRUC_TO_SLEEPEDF,C1,2026,APS_empty_fraction_0.05,0.0,PRIMARY_TARGET_FREE_DIAGNOSIS
D2_ISRUC_TO_SLEEPEDF,C1,MULTI_SEED_MEAN,macro-F1,0.6462870090953093,PRIMARY_TARGET_FREE_DIAGNOSIS
D2_ISRUC_TO_SLEEPEDF,C1,MULTI_SEED_MEAN,NLL,0.7961944341007207,PRIMARY_TARGET_FREE_DIAGNOSIS
D2_ISRUC_TO_SLEEPEDF,C1,MULTI_SEED_MEAN,Brier,0.41886278277123895,PRIMARY_TARGET_FREE_DIAGNOSIS
D2_ISRUC_TO_SLEEPEDF,C1,MULTI_SEED_MEAN,error_AUROC,0.7814018490334104,PRIMARY_TARGET_FREE_DIAGNOSIS
D2_ISRUC_TO_SLEEPEDF,C1,MULTI_SEED_MEAN,error_AUPRC,0.568172874190926,PRIMARY_TARGET_FREE_DIAGNOSIS
D2_ISRUC_TO_SLEEPEDF,C1,MULTI_SEED_MEAN,AURC,0.13441528842298545,PRIMARY_TARGET_FREE_DIAGNOSIS
D2_ISRUC_TO_SLEEPEDF,C2,17,macro-F1,0.48755038633956804,PRIMARY_TARGET_FREE_DIAGNOSIS
D2_ISRUC_TO_SLEEPEDF,C2,17,balanced_accuracy,0.5017827519346347,PRIMARY_TARGET_FREE_DIAGNOSIS
D2_ISRUC_TO_SLEEPEDF,C2,17,NLL,1.208615153021397,PRIMARY_TARGET_FREE_DIAGNOSIS
D2_ISRUC_TO_SLEEPEDF,C2,17,Brier,0.6179391682847065,PRIMARY_TARGET_FREE_DIAGNOSIS
D2_ISRUC_TO_SLEEPEDF,C2,17,ECE,0.08132708432876012,PRIMARY_TARGET_FREE_DIAGNOSIS
D2_ISRUC_TO_SLEEPEDF,C2,17,adaptive_ECE,0.08132708432876014,PRIMARY_TARGET_FREE_DIAGNOSIS
D2_ISRUC_TO_SLEEPEDF,C2,17,classwise_ECE,0.06331098818456074,PRIMARY_TARGET_FREE_DIAGNOSIS
D2_ISRUC_TO_SLEEPEDF,C2,17,error_AUROC,0.6868010303907642,PRIMARY_TARGET_FREE_DIAGNOSIS
D2_ISRUC_TO_SLEEPEDF,C2,17,error_AUPRC,0.6152341684451075,PRIMARY_TARGET_FREE_DIAGNOSIS
D2_ISRUC_TO_SLEEPEDF,C2,17,AURC,0.30798964416907426,PRIMARY_TARGET_FREE_DIAGNOSIS
D2_ISRUC_TO_SLEEPEDF,C2,17,risk@0.95,0.4679368029739777,PRIMARY_TARGET_FREE_DIAGNOSIS
D2_ISRUC_TO_SLEEPEDF,C2,17,selective_macro_f1@0.95,0.4941782725146785,PRIMARY_TARGET_FREE_DIAGNOSIS
D2_ISRUC_TO_SLEEPEDF,C2,17,actual_coverage@0.95,0.950040467956736,PRIMARY_TARGET_FREE_DIAGNOSIS
D2_ISRUC_TO_SLEEPEDF,C2,17,risk@0.90,0.45699803793328975,PRIMARY_TARGET_FREE_DIAGNOSIS
D2_ISRUC_TO_SLEEPEDF,C2,17,selective_macro_f1@0.90,0.502101661338697,PRIMARY_TARGET_FREE_DIAGNOSIS
D2_ISRUC_TO_SLEEPEDF,C2,17,actual_coverage@0.90,0.9000073578103156,PRIMARY_TARGET_FREE_DIAGNOSIS
D2_ISRUC_TO_SLEEPEDF,C2,17,risk@0.80,0.43557435850271314,PRIMARY_TARGET_FREE_DIAGNOSIS
D2_ISRUC_TO_SLEEPEDF,C2,17,selective_macro_f1@0.80,0.5183690025374073,PRIMARY_TARGET_FREE_DIAGNOSIS
D2_ISRUC_TO_SLEEPEDF,C2,17,actual_coverage@0.80,0.8000147156206313,PRIMARY_TARGET_FREE_DIAGNOSIS
D2_ISRUC_TO_SLEEPEDF,C2,17,risk@0.70,0.41139373554761405,PRIMARY_TARGET_FREE_DIAGNOSIS
D2_ISRUC_TO_SLEEPEDF,C2,17,selective_macro_f1@0.70,0.5361881403544988,PRIMARY_TARGET_FREE_DIAGNOSIS
D2_ISRUC_TO_SLEEPEDF,C2,17,actual_coverage@0.70,0.7000220734309469,PRIMARY_TARGET_FREE_DIAGNOSIS
D2_ISRUC_TO_SLEEPEDF,C2,17,risk@0.50,0.35123602118893466,PRIMARY_TARGET_FREE_DIAGNOSIS
D2_ISRUC_TO_SLEEPEDF,C2,17,selective_macro_f1@0.50,0.5643399228483199,PRIMARY_TARGET_FREE_DIAGNOSIS
D2_ISRUC_TO_SLEEPEDF,C2,17,actual_coverage@0.50,0.5000367890515782,PRIMARY_TARGET_FREE_DIAGNOSIS
D2_ISRUC_TO_SLEEPEDF,C2,17,recall_Wake,0.2462214894201704,PRIMARY_TARGET_FREE_DIAGNOSIS
D2_ISRUC_TO_SLEEPEDF,C2,17,recall_N1,0.2508982035928144,PRIMARY_TARGET_FREE_DIAGNOSIS
D2_ISRUC_TO_SLEEPEDF,C2,17,recall_N2,0.7211712878984193,PRIMARY_TARGET_FREE_DIAGNOSIS
D2_ISRUC_TO_SLEEPEDF,C2,17,recall_N3,0.7993335801554979,PRIMARY_TARGET_FREE_DIAGNOSIS
D2_ISRUC_TO_SLEEPEDF,C2,17,recall_REM,0.4912891986062718,PRIMARY_TARGET_FREE_DIAGNOSIS
D2_ISRUC_TO_SLEEPEDF,C2,17,APS_nominal_coverage_0.10,0.9,PRIMARY_TARGET_FREE_DIAGNOSIS
D2_ISRUC_TO_SLEEPEDF,C2,17,APS_empirical_coverage_0.10,0.9665955411669487,PRIMARY_TARGET_FREE_DIAGNOSIS
D2_ISRUC_TO_SLEEPEDF,C2,17,APS_coverage_gap_0.10,-0.06659554116694866,PRIMARY_TARGET_FREE_DIAGNOSIS
D2_ISRUC_TO_SLEEPEDF,C2,17,APS_mean_set_size_0.10,3.7371054374218233,PRIMARY_TARGET_FREE_DIAGNOSIS
D2_ISRUC_TO_SLEEPEDF,C2,17,APS_median_set_size_0.10,4.0,PRIMARY_TARGET_FREE_DIAGNOSIS
D2_ISRUC_TO_SLEEPEDF,C2,17,APS_singleton_fraction_0.10,0.027665366786844236,PRIMARY_TARGET_FREE_DIAGNOSIS
D2_ISRUC_TO_SLEEPEDF,C2,17,APS_empty_fraction_0.10,0.0,PRIMARY_TARGET_FREE_DIAGNOSIS
D2_ISRUC_TO_SLEEPEDF,C2,17,APS_nominal_coverage_0.05,0.95,PRIMARY_TARGET_FREE_DIAGNOSIS
D2_ISRUC_TO_SLEEPEDF,C2,17,APS_empirical_coverage_0.05,0.9699065558089912,PRIMARY_TARGET_FREE_DIAGNOSIS
D2_ISRUC_TO_SLEEPEDF,C2,17,APS_coverage_gap_0.05,-0.019906555808991255,PRIMARY_TARGET_FREE_DIAGNOSIS
D2_ISRUC_TO_SLEEPEDF,C2,17,APS_mean_set_size_0.05,3.866676477080421,PRIMARY_TARGET_FREE_DIAGNOSIS
D2_ISRUC_TO_SLEEPEDF,C2,17,APS_median_set_size_0.05,4.0,PRIMARY_TARGET_FREE_DIAGNOSIS
D2_ISRUC_TO_SLEEPEDF,C2,17,APS_singleton_fraction_0.05,0.00956515341034508,PRIMARY_TARGET_FREE_DIAGNOSIS
D2_ISRUC_TO_SLEEPEDF,C2,17,APS_empty_fraction_0.05,0.0,PRIMARY_TARGET_FREE_DIAGNOSIS
D2_ISRUC_TO_SLEEPEDF,C2,42,macro-F1,0.49551764956070665,PRIMARY_TARGET_FREE_DIAGNOSIS
D2_ISRUC_TO_SLEEPEDF,C2,42,balanced_accuracy,0.5180415314604092,PRIMARY_TARGET_FREE_DIAGNOSIS
D2_ISRUC_TO_SLEEPEDF,C2,42,NLL,1.1675561855965317,PRIMARY_TARGET_FREE_DIAGNOSIS
D2_ISRUC_TO_SLEEPEDF,C2,42,Brier,0.6159132671626679,PRIMARY_TARGET_FREE_DIAGNOSIS
D2_ISRUC_TO_SLEEPEDF,C2,42,ECE,0.062067070111462216,PRIMARY_TARGET_FREE_DIAGNOSIS
D2_ISRUC_TO_SLEEPEDF,C2,42,adaptive_ECE,0.062016152245846334,PRIMARY_TARGET_FREE_DIAGNOSIS
D2_ISRUC_TO_SLEEPEDF,C2,42,classwise_ECE,0.06757034367993492,PRIMARY_TARGET_FREE_DIAGNOSIS
D2_ISRUC_TO_SLEEPEDF,C2,42,error_AUROC,0.6899549849628649,PRIMARY_TARGET_FREE_DIAGNOSIS
D2_ISRUC_TO_SLEEPEDF,C2,42,error_AUPRC,0.6360912691010949,PRIMARY_TARGET_FREE_DIAGNOSIS
D2_ISRUC_TO_SLEEPEDF,C2,42,AURC,0.3242879991236799,PRIMARY_TARGET_FREE_DIAGNOSIS
D2_ISRUC_TO_SLEEPEDF,C2,42,risk@0.95,0.48877013630731103,PRIMARY_TARGET_FREE_DIAGNOSIS
D2_ISRUC_TO_SLEEPEDF,C2,42,selective_macro_f1@0.95,0.5033649399358417,PRIMARY_TARGET_FREE_DIAGNOSIS
D2_ISRUC_TO_SLEEPEDF,C2,42,actual_coverage@0.95,0.950040467956736,PRIMARY_TARGET_FREE_DIAGNOSIS
D2_ISRUC_TO_SLEEPEDF,C2,42,risk@0.90,0.4773544800523218,PRIMARY_TARGET_FREE_DIAGNOSIS
D2_ISRUC_TO_SLEEPEDF,C2,42,selective_macro_f1@0.90,0.5133136756407597,PRIMARY_TARGET_FREE_DIAGNOSIS
D2_ISRUC_TO_SLEEPEDF,C2,42,actual_coverage@0.90,0.9000073578103156,PRIMARY_TARGET_FREE_DIAGNOSIS
D2_ISRUC_TO_SLEEPEDF,C2,42,risk@0.80,0.4528648946932769,PRIMARY_TARGET_FREE_DIAGNOSIS
D2_ISRUC_TO_SLEEPEDF,C2,42,selective_macro_f1@0.80,0.5330308330111108,PRIMARY_TARGET_FREE_DIAGNOSIS
D2_ISRUC_TO_SLEEPEDF,C2,42,actual_coverage@0.80,0.8000147156206313,PRIMARY_TARGET_FREE_DIAGNOSIS
D2_ISRUC_TO_SLEEPEDF,C2,42,risk@0.70,0.42432205171326465,PRIMARY_TARGET_FREE_DIAGNOSIS
D2_ISRUC_TO_SLEEPEDF,C2,42,selective_macro_f1@0.70,0.5546769245538448,PRIMARY_TARGET_FREE_DIAGNOSIS
D2_ISRUC_TO_SLEEPEDF,C2,42,actual_coverage@0.70,0.7000220734309469,PRIMARY_TARGET_FREE_DIAGNOSIS
D2_ISRUC_TO_SLEEPEDF,C2,42,risk@0.50,0.3652148322542672,PRIMARY_TARGET_FREE_DIAGNOSIS
D2_ISRUC_TO_SLEEPEDF,C2,42,selective_macro_f1@0.50,0.5897140322067408,PRIMARY_TARGET_FREE_DIAGNOSIS
D2_ISRUC_TO_SLEEPEDF,C2,42,actual_coverage@0.50,0.5000367890515782,PRIMARY_TARGET_FREE_DIAGNOSIS
D2_ISRUC_TO_SLEEPEDF,C2,42,recall_Wake,0.25748832096729873,PRIMARY_TARGET_FREE_DIAGNOSIS
D2_ISRUC_TO_SLEEPEDF,C2,42,recall_N1,0.4808383233532934,PRIMARY_TARGET_FREE_DIAGNOSIS
D2_ISRUC_TO_SLEEPEDF,C2,42,recall_N2,0.5866804871728427,PRIMARY_TARGET_FREE_DIAGNOSIS
D2_ISRUC_TO_SLEEPEDF,C2,42,recall_N3,0.6693817104776009,PRIMARY_TARGET_FREE_DIAGNOSIS
D2_ISRUC_TO_SLEEPEDF,C2,42,recall_REM,0.5958188153310104,PRIMARY_TARGET_FREE_DIAGNOSIS
D2_ISRUC_TO_SLEEPEDF,C2,42,APS_nominal_coverage_0.10,0.9,PRIMARY_TARGET_FREE_DIAGNOSIS
D2_ISRUC_TO_SLEEPEDF,C2,42,APS_empirical_coverage_0.10,0.9734383047605033,PRIMARY_TARGET_FREE_DIAGNOSIS
D2_ISRUC_TO_SLEEPEDF,C2,42,APS_coverage_gap_0.10,-0.07343830476050328,PRIMARY_TARGET_FREE_DIAGNOSIS
D2_ISRUC_TO_SLEEPEDF,C2,42,APS_mean_set_size_0.10,3.7798543153557502,PRIMARY_TARGET_FREE_DIAGNOSIS
D2_ISRUC_TO_SLEEPEDF,C2,42,APS_median_set_size_0.10,4.0,PRIMARY_TARGET_FREE_DIAGNOSIS
D2_ISRUC_TO_SLEEPEDF,C2,42,APS_singleton_fraction_0.10,0.025384445588992714,PRIMARY_TARGET_FREE_DIAGNOSIS
D2_ISRUC_TO_SLEEPEDF,C2,42,APS_empty_fraction_0.10,0.0,PRIMARY_TARGET_FREE_DIAGNOSIS
D2_ISRUC_TO_SLEEPEDF,C2,42,APS_nominal_coverage_0.05,0.95,PRIMARY_TARGET_FREE_DIAGNOSIS
D2_ISRUC_TO_SLEEPEDF,C2,42,APS_empirical_coverage_0.05,0.9782208814656758,PRIMARY_TARGET_FREE_DIAGNOSIS
D2_ISRUC_TO_SLEEPEDF,C2,42,APS_coverage_gap_0.05,-0.028220881465675807,PRIMARY_TARGET_FREE_DIAGNOSIS
D2_ISRUC_TO_SLEEPEDF,C2,42,APS_mean_set_size_0.05,3.8973585460966818,PRIMARY_TARGET_FREE_DIAGNOSIS
D2_ISRUC_TO_SLEEPEDF,C2,42,APS_median_set_size_0.05,4.0,PRIMARY_TARGET_FREE_DIAGNOSIS
D2_ISRUC_TO_SLEEPEDF,C2,42,APS_singleton_fraction_0.05,0.007578544625119564,PRIMARY_TARGET_FREE_DIAGNOSIS
D2_ISRUC_TO_SLEEPEDF,C2,42,APS_empty_fraction_0.05,0.0,PRIMARY_TARGET_FREE_DIAGNOSIS
D2_ISRUC_TO_SLEEPEDF,C2,2026,macro-F1,0.4712739876701571,PRIMARY_TARGET_FREE_DIAGNOSIS
D2_ISRUC_TO_SLEEPEDF,C2,2026,balanced_accuracy,0.49034968069854534,PRIMARY_TARGET_FREE_DIAGNOSIS
D2_ISRUC_TO_SLEEPEDF,C2,2026,NLL,1.1877672033633102,PRIMARY_TARGET_FREE_DIAGNOSIS
D2_ISRUC_TO_SLEEPEDF,C2,2026,Brier,0.6199251944952345,PRIMARY_TARGET_FREE_DIAGNOSIS
D2_ISRUC_TO_SLEEPEDF,C2,2026,ECE,0.032154022445165645,PRIMARY_TARGET_FREE_DIAGNOSIS
D2_ISRUC_TO_SLEEPEDF,C2,2026,adaptive_ECE,0.031150066067883946,PRIMARY_TARGET_FREE_DIAGNOSIS
D2_ISRUC_TO_SLEEPEDF,C2,2026,classwise_ECE,0.05635680454786316,PRIMARY_TARGET_FREE_DIAGNOSIS
D2_ISRUC_TO_SLEEPEDF,C2,2026,error_AUROC,0.6559844197543272,PRIMARY_TARGET_FREE_DIAGNOSIS
D2_ISRUC_TO_SLEEPEDF,C2,2026,error_AUPRC,0.5989698978060252,PRIMARY_TARGET_FREE_DIAGNOSIS
D2_ISRUC_TO_SLEEPEDF,C2,2026,AURC,0.3568540887699379,PRIMARY_TARGET_FREE_DIAGNOSIS
D2_ISRUC_TO_SLEEPEDF,C2,2026,risk@0.95,0.48667905824039653,PRIMARY_TARGET_FREE_DIAGNOSIS
D2_ISRUC_TO_SLEEPEDF,C2,2026,selective_macro_f1@0.95,0.47562595764795984,PRIMARY_TARGET_FREE_DIAGNOSIS
D2_ISRUC_TO_SLEEPEDF,C2,2026,actual_coverage@0.95,0.950040467956736,PRIMARY_TARGET_FREE_DIAGNOSIS
D2_ISRUC_TO_SLEEPEDF,C2,2026,risk@0.90,0.480297580117724,PRIMARY_TARGET_FREE_DIAGNOSIS
D2_ISRUC_TO_SLEEPEDF,C2,2026,selective_macro_f1@0.90,0.47938735415727124,PRIMARY_TARGET_FREE_DIAGNOSIS
D2_ISRUC_TO_SLEEPEDF,C2,2026,actual_coverage@0.90,0.9000073578103156,PRIMARY_TARGET_FREE_DIAGNOSIS
D2_ISRUC_TO_SLEEPEDF,C2,2026,risk@0.80,0.45948680217051413,PRIMARY_TARGET_FREE_DIAGNOSIS
D2_ISRUC_TO_SLEEPEDF,C2,2026,selective_macro_f1@0.80,0.491042102323685,PRIMARY_TARGET_FREE_DIAGNOSIS
D2_ISRUC_TO_SLEEPEDF,C2,2026,actual_coverage@0.80,0.8000147156206313,PRIMARY_TARGET_FREE_DIAGNOSIS
D2_ISRUC_TO_SLEEPEDF,C2,2026,risk@0.70,0.4376708009249527,PRIMARY_TARGET_FREE_DIAGNOSIS
D2_ISRUC_TO_SLEEPEDF,C2,2026,selective_macro_f1@0.70,0.49513898942261214,PRIMARY_TARGET_FREE_DIAGNOSIS
D2_ISRUC_TO_SLEEPEDF,C2,2026,actual_coverage@0.70,0.7000220734309469,PRIMARY_TARGET_FREE_DIAGNOSIS
D2_ISRUC_TO_SLEEPEDF,C2,2026,risk@0.50,0.3747792819305474,PRIMARY_TARGET_FREE_DIAGNOSIS
D2_ISRUC_TO_SLEEPEDF,C2,2026,selective_macro_f1@0.50,0.4784840221599193,PRIMARY_TARGET_FREE_DIAGNOSIS
D2_ISRUC_TO_SLEEPEDF,C2,2026,actual_coverage@0.50,0.5000367890515782,PRIMARY_TARGET_FREE_DIAGNOSIS
D2_ISRUC_TO_SLEEPEDF,C2,2026,recall_Wake,0.2822203902170926,PRIMARY_TARGET_FREE_DIAGNOSIS
D2_ISRUC_TO_SLEEPEDF,C2,2026,recall_N1,0.18083832335329342,PRIMARY_TARGET_FREE_DIAGNOSIS
D2_ISRUC_TO_SLEEPEDF,C2,2026,recall_N2,0.6284011401917595,PRIMARY_TARGET_FREE_DIAGNOSIS
D2_ISRUC_TO_SLEEPEDF,C2,2026,recall_N3,0.81673454276194,PRIMARY_TARGET_FREE_DIAGNOSIS
D2_ISRUC_TO_SLEEPEDF,C2,2026,recall_REM,0.5435540069686411,PRIMARY_TARGET_FREE_DIAGNOSIS
D2_ISRUC_TO_SLEEPEDF,C2,2026,APS_nominal_coverage_0.10,0.9,PRIMARY_TARGET_FREE_DIAGNOSIS
D2_ISRUC_TO_SLEEPEDF,C2,2026,APS_empirical_coverage_0.10,0.9695386652932088,PRIMARY_TARGET_FREE_DIAGNOSIS
D2_ISRUC_TO_SLEEPEDF,C2,2026,APS_coverage_gap_0.10,-0.06953866529320873,PRIMARY_TARGET_FREE_DIAGNOSIS
D2_ISRUC_TO_SLEEPEDF,C2,2026,APS_mean_set_size_0.10,3.9110440732837906,PRIMARY_TARGET_FREE_DIAGNOSIS
D2_ISRUC_TO_SLEEPEDF,C2,2026,APS_median_set_size_0.10,4.0,PRIMARY_TARGET_FREE_DIAGNOSIS
D2_ISRUC_TO_SLEEPEDF,C2,2026,APS_singleton_fraction_0.10,0.007946435140902068,PRIMARY_TARGET_FREE_DIAGNOSIS
D2_ISRUC_TO_SLEEPEDF,C2,2026,APS_empty_fraction_0.10,0.0,PRIMARY_TARGET_FREE_DIAGNOSIS
D2_ISRUC_TO_SLEEPEDF,C2,2026,APS_nominal_coverage_0.05,0.95,PRIMARY_TARGET_FREE_DIAGNOSIS
D2_ISRUC_TO_SLEEPEDF,C2,2026,APS_empirical_coverage_0.05,0.9714516959752778,PRIMARY_TARGET_FREE_DIAGNOSIS
D2_ISRUC_TO_SLEEPEDF,C2,2026,APS_coverage_gap_0.05,-0.02145169597527785,PRIMARY_TARGET_FREE_DIAGNOSIS
D2_ISRUC_TO_SLEEPEDF,C2,2026,APS_mean_set_size_0.05,3.978073725259363,PRIMARY_TARGET_FREE_DIAGNOSIS
D2_ISRUC_TO_SLEEPEDF,C2,2026,APS_median_set_size_0.05,4.0,PRIMARY_TARGET_FREE_DIAGNOSIS
D2_ISRUC_TO_SLEEPEDF,C2,2026,APS_singleton_fraction_0.05,0.0009565153410345082,PRIMARY_TARGET_FREE_DIAGNOSIS
D2_ISRUC_TO_SLEEPEDF,C2,2026,APS_empty_fraction_0.05,0.0,PRIMARY_TARGET_FREE_DIAGNOSIS
D2_ISRUC_TO_SLEEPEDF,C2,MULTI_SEED_MEAN,macro-F1,0.4847806745234773,PRIMARY_TARGET_FREE_DIAGNOSIS
D2_ISRUC_TO_SLEEPEDF,C2,MULTI_SEED_MEAN,NLL,1.1879795139937463,PRIMARY_TARGET_FREE_DIAGNOSIS
D2_ISRUC_TO_SLEEPEDF,C2,MULTI_SEED_MEAN,Brier,0.6179258766475363,PRIMARY_TARGET_FREE_DIAGNOSIS
D2_ISRUC_TO_SLEEPEDF,C2,MULTI_SEED_MEAN,error_AUROC,0.6775801450359854,PRIMARY_TARGET_FREE_DIAGNOSIS
D2_ISRUC_TO_SLEEPEDF,C2,MULTI_SEED_MEAN,error_AUPRC,0.6167651117840759,PRIMARY_TARGET_FREE_DIAGNOSIS
D2_ISRUC_TO_SLEEPEDF,C2,MULTI_SEED_MEAN,AURC,0.32971057735423065,PRIMARY_TARGET_FREE_DIAGNOSIS
D2_ISRUC_TO_SLEEPEDF,C3,17,macro-F1,0.5103225500753161,PRIMARY_TARGET_FREE_DIAGNOSIS
D2_ISRUC_TO_SLEEPEDF,C3,17,balanced_accuracy,0.6345074866988731,PRIMARY_TARGET_FREE_DIAGNOSIS
D2_ISRUC_TO_SLEEPEDF,C3,17,NLL,1.0175229168681361,PRIMARY_TARGET_FREE_DIAGNOSIS
D2_ISRUC_TO_SLEEPEDF,C3,17,Brier,0.42626041953960303,PRIMARY_TARGET_FREE_DIAGNOSIS
D2_ISRUC_TO_SLEEPEDF,C3,17,ECE,0.1308667113432716,PRIMARY_TARGET_FREE_DIAGNOSIS
D2_ISRUC_TO_SLEEPEDF,C3,17,adaptive_ECE,0.13086671134327166,PRIMARY_TARGET_FREE_DIAGNOSIS
D2_ISRUC_TO_SLEEPEDF,C3,17,classwise_ECE,0.0814374321005607,PRIMARY_TARGET_FREE_DIAGNOSIS
D2_ISRUC_TO_SLEEPEDF,C3,17,error_AUROC,0.7689939859413343,PRIMARY_TARGET_FREE_DIAGNOSIS
D2_ISRUC_TO_SLEEPEDF,C3,17,error_AUPRC,0.5292556979761552,PRIMARY_TARGET_FREE_DIAGNOSIS
D2_ISRUC_TO_SLEEPEDF,C3,17,AURC,0.13063684872946674,PRIMARY_TARGET_FREE_DIAGNOSIS
D2_ISRUC_TO_SLEEPEDF,C3,17,risk@0.95,0.26498618767011745,PRIMARY_TARGET_FREE_DIAGNOSIS
D2_ISRUC_TO_SLEEPEDF,C3,17,selective_macro_f1@0.95,0.5252888625119769,PRIMARY_TARGET_FREE_DIAGNOSIS
D2_ISRUC_TO_SLEEPEDF,C3,17,actual_coverage@0.95,0.9500001204932512,PRIMARY_TARGET_FREE_DIAGNOSIS
D2_ISRUC_TO_SLEEPEDF,C3,17,risk@0.90,0.2474180980814802,PRIMARY_TARGET_FREE_DIAGNOSIS
D2_ISRUC_TO_SLEEPEDF,C3,17,selective_macro_f1@0.90,0.5369459414382981,PRIMARY_TARGET_FREE_DIAGNOSIS
D2_ISRUC_TO_SLEEPEDF,C3,17,actual_coverage@0.90,0.9000002409865023,PRIMARY_TARGET_FREE_DIAGNOSIS
D2_ISRUC_TO_SLEEPEDF,C3,17,risk@0.80,0.2136735659052502,PRIMARY_TARGET_FREE_DIAGNOSIS
D2_ISRUC_TO_SLEEPEDF,C3,17,selective_macro_f1@0.80,0.5478741063575518,PRIMARY_TARGET_FREE_DIAGNOSIS
D2_ISRUC_TO_SLEEPEDF,C3,17,actual_coverage@0.80,0.8000004819730047,PRIMARY_TARGET_FREE_DIAGNOSIS
D2_ISRUC_TO_SLEEPEDF,C3,17,risk@0.70,0.17733145593566355,PRIMARY_TARGET_FREE_DIAGNOSIS
D2_ISRUC_TO_SLEEPEDF,C3,17,selective_macro_f1@0.70,0.5494839237326653,PRIMARY_TARGET_FREE_DIAGNOSIS
D2_ISRUC_TO_SLEEPEDF,C3,17,actual_coverage@0.70,0.700000722959507,PRIMARY_TARGET_FREE_DIAGNOSIS
D2_ISRUC_TO_SLEEPEDF,C3,17,risk@0.50,0.1147526761486594,PRIMARY_TARGET_FREE_DIAGNOSIS
D2_ISRUC_TO_SLEEPEDF,C3,17,selective_macro_f1@0.50,0.532094511007638,PRIMARY_TARGET_FREE_DIAGNOSIS
D2_ISRUC_TO_SLEEPEDF,C3,17,actual_coverage@0.50,0.5000012049325118,PRIMARY_TARGET_FREE_DIAGNOSIS
D2_ISRUC_TO_SLEEPEDF,C3,17,recall_Wake,0.7961342942126524,PRIMARY_TARGET_FREE_DIAGNOSIS
D2_ISRUC_TO_SLEEPEDF,C3,17,recall_N1,0.296487315305269,PRIMARY_TARGET_FREE_DIAGNOSIS
D2_ISRUC_TO_SLEEPEDF,C3,17,recall_N2,0.5130185731643812,PRIMARY_TARGET_FREE_DIAGNOSIS
D2_ISRUC_TO_SLEEPEDF,C3,17,recall_N3,0.9555947541989417,PRIMARY_TARGET_FREE_DIAGNOSIS
D2_ISRUC_TO_SLEEPEDF,C3,17,recall_REM,0.6113024966131217,PRIMARY_TARGET_FREE_DIAGNOSIS
D2_ISRUC_TO_SLEEPEDF,C3,17,APS_nominal_coverage_0.10,0.9,PRIMARY_TARGET_FREE_DIAGNOSIS
D2_ISRUC_TO_SLEEPEDF,C3,17,APS_empirical_coverage_0.10,0.902041396661373,PRIMARY_TARGET_FREE_DIAGNOSIS
D2_ISRUC_TO_SLEEPEDF,C3,17,APS_coverage_gap_0.10,-0.0020413966613729295,PRIMARY_TARGET_FREE_DIAGNOSIS
D2_ISRUC_TO_SLEEPEDF,C3,17,APS_mean_set_size_0.10,2.44170416014999,PRIMARY_TARGET_FREE_DIAGNOSIS
D2_ISRUC_TO_SLEEPEDF,C3,17,APS_median_set_size_0.10,3.0,PRIMARY_TARGET_FREE_DIAGNOSIS
D2_ISRUC_TO_SLEEPEDF,C3,17,APS_singleton_fraction_0.10,0.3369449177151588,PRIMARY_TARGET_FREE_DIAGNOSIS
D2_ISRUC_TO_SLEEPEDF,C3,17,APS_empty_fraction_0.10,0.0,PRIMARY_TARGET_FREE_DIAGNOSIS
D2_ISRUC_TO_SLEEPEDF,C3,17,APS_nominal_coverage_0.05,0.95,PRIMARY_TARGET_FREE_DIAGNOSIS
D2_ISRUC_TO_SLEEPEDF,C3,17,APS_empirical_coverage_0.05,0.9334949549475734,PRIMARY_TARGET_FREE_DIAGNOSIS
D2_ISRUC_TO_SLEEPEDF,C3,17,APS_coverage_gap_0.05,0.01650504505242656,PRIMARY_TARGET_FREE_DIAGNOSIS
D2_ISRUC_TO_SLEEPEDF,C3,17,APS_mean_set_size_0.05,2.877672841544145,PRIMARY_TARGET_FREE_DIAGNOSIS
D2_ISRUC_TO_SLEEPEDF,C3,17,APS_median_set_size_0.05,3.0,PRIMARY_TARGET_FREE_DIAGNOSIS
D2_ISRUC_TO_SLEEPEDF,C3,17,APS_singleton_fraction_0.05,0.22716351657143682,PRIMARY_TARGET_FREE_DIAGNOSIS
D2_ISRUC_TO_SLEEPEDF,C3,17,APS_empty_fraction_0.05,0.0,PRIMARY_TARGET_FREE_DIAGNOSIS
D2_ISRUC_TO_SLEEPEDF,C3,42,macro-F1,0.49192991964238153,PRIMARY_TARGET_FREE_DIAGNOSIS
D2_ISRUC_TO_SLEEPEDF,C3,42,balanced_accuracy,0.6213670956756531,PRIMARY_TARGET_FREE_DIAGNOSIS
D2_ISRUC_TO_SLEEPEDF,C3,42,NLL,1.1879831315303933,PRIMARY_TARGET_FREE_DIAGNOSIS
D2_ISRUC_TO_SLEEPEDF,C3,42,Brier,0.4725295270536692,PRIMARY_TARGET_FREE_DIAGNOSIS
D2_ISRUC_TO_SLEEPEDF,C3,42,ECE,0.1498973181533611,PRIMARY_TARGET_FREE_DIAGNOSIS
D2_ISRUC_TO_SLEEPEDF,C3,42,adaptive_ECE,0.1498973181533611,PRIMARY_TARGET_FREE_DIAGNOSIS
D2_ISRUC_TO_SLEEPEDF,C3,42,classwise_ECE,0.09442780607847276,PRIMARY_TARGET_FREE_DIAGNOSIS
D2_ISRUC_TO_SLEEPEDF,C3,42,error_AUROC,0.7571428013622392,PRIMARY_TARGET_FREE_DIAGNOSIS
D2_ISRUC_TO_SLEEPEDF,C3,42,error_AUPRC,0.5530464293720012,PRIMARY_TARGET_FREE_DIAGNOSIS
D2_ISRUC_TO_SLEEPEDF,C3,42,AURC,0.15642099437996343,PRIMARY_TARGET_FREE_DIAGNOSIS
D2_ISRUC_TO_SLEEPEDF,C3,42,risk@0.95,0.2946934778913937,PRIMARY_TARGET_FREE_DIAGNOSIS
D2_ISRUC_TO_SLEEPEDF,C3,42,selective_macro_f1@0.95,0.507153047222485,PRIMARY_TARGET_FREE_DIAGNOSIS
D2_ISRUC_TO_SLEEPEDF,C3,42,actual_coverage@0.95,0.9500001204932512,PRIMARY_TARGET_FREE_DIAGNOSIS
D2_ISRUC_TO_SLEEPEDF,C3,42,risk@0.90,0.2771477916270601,PRIMARY_TARGET_FREE_DIAGNOSIS
D2_ISRUC_TO_SLEEPEDF,C3,42,selective_macro_f1@0.90,0.5195108455609929,PRIMARY_TARGET_FREE_DIAGNOSIS
D2_ISRUC_TO_SLEEPEDF,C3,42,actual_coverage@0.90,0.9000002409865023,PRIMARY_TARGET_FREE_DIAGNOSIS
D2_ISRUC_TO_SLEEPEDF,C3,42,risk@0.80,0.2433118755064479,PRIMARY_TARGET_FREE_DIAGNOSIS
D2_ISRUC_TO_SLEEPEDF,C3,42,selective_macro_f1@0.80,0.5333109951475411,PRIMARY_TARGET_FREE_DIAGNOSIS
D2_ISRUC_TO_SLEEPEDF,C3,42,actual_coverage@0.80,0.8000004819730047,PRIMARY_TARGET_FREE_DIAGNOSIS
D2_ISRUC_TO_SLEEPEDF,C3,42,risk@0.70,0.20778179039015673,PRIMARY_TARGET_FREE_DIAGNOSIS
D2_ISRUC_TO_SLEEPEDF,C3,42,selective_macro_f1@0.70,0.5363974739867239,PRIMARY_TARGET_FREE_DIAGNOSIS
D2_ISRUC_TO_SLEEPEDF,C3,42,actual_coverage@0.70,0.700000722959507,PRIMARY_TARGET_FREE_DIAGNOSIS
D2_ISRUC_TO_SLEEPEDF,C3,42,risk@0.50,0.1433962627903278,PRIMARY_TARGET_FREE_DIAGNOSIS
D2_ISRUC_TO_SLEEPEDF,C3,42,selective_macro_f1@0.50,0.5407051697300426,PRIMARY_TARGET_FREE_DIAGNOSIS
D2_ISRUC_TO_SLEEPEDF,C3,42,actual_coverage@0.50,0.5000012049325118,PRIMARY_TARGET_FREE_DIAGNOSIS
D2_ISRUC_TO_SLEEPEDF,C3,42,recall_Wake,0.7523622005864774,PRIMARY_TARGET_FREE_DIAGNOSIS
D2_ISRUC_TO_SLEEPEDF,C3,42,recall_N1,0.2872874268190689,PRIMARY_TARGET_FREE_DIAGNOSIS
D2_ISRUC_TO_SLEEPEDF,C3,42,recall_N2,0.5306949025053521,PRIMARY_TARGET_FREE_DIAGNOSIS
D2_ISRUC_TO_SLEEPEDF,C3,42,recall_N3,0.9619602730270727,PRIMARY_TARGET_FREE_DIAGNOSIS
D2_ISRUC_TO_SLEEPEDF,C3,42,recall_REM,0.5745306754402941,PRIMARY_TARGET_FREE_DIAGNOSIS
D2_ISRUC_TO_SLEEPEDF,C3,42,APS_nominal_coverage_0.10,0.9,PRIMARY_TARGET_FREE_DIAGNOSIS
D2_ISRUC_TO_SLEEPEDF,C3,42,APS_empirical_coverage_0.10,0.8946575702294914,PRIMARY_TARGET_FREE_DIAGNOSIS
D2_ISRUC_TO_SLEEPEDF,C3,42,APS_coverage_gap_0.10,0.005342429770508583,PRIMARY_TARGET_FREE_DIAGNOSIS
D2_ISRUC_TO_SLEEPEDF,C3,42,APS_mean_set_size_0.10,2.534493603013295,PRIMARY_TARGET_FREE_DIAGNOSIS
D2_ISRUC_TO_SLEEPEDF,C3,42,APS_median_set_size_0.10,3.0,PRIMARY_TARGET_FREE_DIAGNOSIS
D2_ISRUC_TO_SLEEPEDF,C3,42,APS_singleton_fraction_0.10,0.29150450283279633,PRIMARY_TARGET_FREE_DIAGNOSIS
D2_ISRUC_TO_SLEEPEDF,C3,42,APS_empty_fraction_0.10,0.0,PRIMARY_TARGET_FREE_DIAGNOSIS
D2_ISRUC_TO_SLEEPEDF,C3,42,APS_nominal_coverage_0.05,0.95,PRIMARY_TARGET_FREE_DIAGNOSIS
D2_ISRUC_TO_SLEEPEDF,C3,42,APS_empirical_coverage_0.05,0.9337142526647082,PRIMARY_TARGET_FREE_DIAGNOSIS
D2_ISRUC_TO_SLEEPEDF,C3,42,APS_coverage_gap_0.05,0.016285747335291756,PRIMARY_TARGET_FREE_DIAGNOSIS
D2_ISRUC_TO_SLEEPEDF,C3,42,APS_mean_set_size_0.05,3.0271639985444416,PRIMARY_TARGET_FREE_DIAGNOSIS
D2_ISRUC_TO_SLEEPEDF,C3,42,APS_median_set_size_0.05,3.0,PRIMARY_TARGET_FREE_DIAGNOSIS
D2_ISRUC_TO_SLEEPEDF,C3,42,APS_singleton_fraction_0.05,0.17366210318560057,PRIMARY_TARGET_FREE_DIAGNOSIS
D2_ISRUC_TO_SLEEPEDF,C3,42,APS_empty_fraction_0.05,0.0,PRIMARY_TARGET_FREE_DIAGNOSIS
D2_ISRUC_TO_SLEEPEDF,C3,2026,macro-F1,0.44837799180109494,PRIMARY_TARGET_FREE_DIAGNOSIS
D2_ISRUC_TO_SLEEPEDF,C3,2026,balanced_accuracy,0.5820617131959664,PRIMARY_TARGET_FREE_DIAGNOSIS
D2_ISRUC_TO_SLEEPEDF,C3,2026,NLL,1.121367554906355,PRIMARY_TARGET_FREE_DIAGNOSIS
D2_ISRUC_TO_SLEEPEDF,C3,2026,Brier,0.5080212944567717,PRIMARY_TARGET_FREE_DIAGNOSIS
D2_ISRUC_TO_SLEEPEDF,C3,2026,ECE,0.12767844362625985,PRIMARY_TARGET_FREE_DIAGNOSIS
D2_ISRUC_TO_SLEEPEDF,C3,2026,adaptive_ECE,0.12767583036461963,PRIMARY_TARGET_FREE_DIAGNOSIS
D2_ISRUC_TO_SLEEPEDF,C3,2026,classwise_ECE,0.1012918714207299,PRIMARY_TARGET_FREE_DIAGNOSIS
D2_ISRUC_TO_SLEEPEDF,C3,2026,error_AUROC,0.7109020507962417,PRIMARY_TARGET_FREE_DIAGNOSIS
D2_ISRUC_TO_SLEEPEDF,C3,2026,error_AUPRC,0.5412740553500068,PRIMARY_TARGET_FREE_DIAGNOSIS
D2_ISRUC_TO_SLEEPEDF,C3,2026,AURC,0.2032206195278927,PRIMARY_TARGET_FREE_DIAGNOSIS
D2_ISRUC_TO_SLEEPEDF,C3,2026,risk@0.95,0.33084398535816933,PRIMARY_TARGET_FREE_DIAGNOSIS
D2_ISRUC_TO_SLEEPEDF,C3,2026,selective_macro_f1@0.95,0.46143274401774115,PRIMARY_TARGET_FREE_DIAGNOSIS
D2_ISRUC_TO_SLEEPEDF,C3,2026,actual_coverage@0.95,0.9500001204932512,PRIMARY_TARGET_FREE_DIAGNOSIS
D2_ISRUC_TO_SLEEPEDF,C3,2026,risk@0.90,0.315445891850642,PRIMARY_TARGET_FREE_DIAGNOSIS
D2_ISRUC_TO_SLEEPEDF,C3,2026,selective_macro_f1@0.90,0.4710649965269452,PRIMARY_TARGET_FREE_DIAGNOSIS
D2_ISRUC_TO_SLEEPEDF,C3,2026,actual_coverage@0.90,0.9000002409865023,PRIMARY_TARGET_FREE_DIAGNOSIS
D2_ISRUC_TO_SLEEPEDF,C3,2026,risk@0.80,0.2850868605201088,PRIMARY_TARGET_FREE_DIAGNOSIS
D2_ISRUC_TO_SLEEPEDF,C3,2026,selective_macro_f1@0.80,0.4745184593310664,PRIMARY_TARGET_FREE_DIAGNOSIS
D2_ISRUC_TO_SLEEPEDF,C3,2026,actual_coverage@0.80,0.8000004819730047,PRIMARY_TARGET_FREE_DIAGNOSIS
D2_ISRUC_TO_SLEEPEDF,C3,2026,risk@0.70,0.25976252526052335,PRIMARY_TARGET_FREE_DIAGNOSIS
D2_ISRUC_TO_SLEEPEDF,C3,2026,selective_macro_f1@0.70,0.46832346516430023,PRIMARY_TARGET_FREE_DIAGNOSIS
D2_ISRUC_TO_SLEEPEDF,C3,2026,actual_coverage@0.70,0.700000722959507,PRIMARY_TARGET_FREE_DIAGNOSIS
D2_ISRUC_TO_SLEEPEDF,C3,2026,risk@0.50,0.20718041652006688,PRIMARY_TARGET_FREE_DIAGNOSIS
D2_ISRUC_TO_SLEEPEDF,C3,2026,selective_macro_f1@0.50,0.4665497249554754,PRIMARY_TARGET_FREE_DIAGNOSIS
D2_ISRUC_TO_SLEEPEDF,C3,2026,actual_coverage@0.50,0.5000012049325118,PRIMARY_TARGET_FREE_DIAGNOSIS
D2_ISRUC_TO_SLEEPEDF,C3,2026,recall_Wake,0.7284651739637673,PRIMARY_TARGET_FREE_DIAGNOSIS
D2_ISRUC_TO_SLEEPEDF,C3,2026,recall_N1,0.2007713037821764,PRIMARY_TARGET_FREE_DIAGNOSIS
D2_ISRUC_TO_SLEEPEDF,C3,2026,recall_N2,0.4623907886362321,PRIMARY_TARGET_FREE_DIAGNOSIS
D2_ISRUC_TO_SLEEPEDF,C3,2026,recall_N3,0.9747680036812639,PRIMARY_TARGET_FREE_DIAGNOSIS
D2_ISRUC_TO_SLEEPEDF,C3,2026,recall_REM,0.5439132959163925,PRIMARY_TARGET_FREE_DIAGNOSIS
D2_ISRUC_TO_SLEEPEDF,C3,2026,APS_nominal_coverage_0.10,0.9,PRIMARY_TARGET_FREE_DIAGNOSIS
D2_ISRUC_TO_SLEEPEDF,C3,2026,APS_empirical_coverage_0.10,0.8767667322953241,PRIMARY_TARGET_FREE_DIAGNOSIS
D2_ISRUC_TO_SLEEPEDF,C3,2026,APS_coverage_gap_0.10,0.02323326770467593,PRIMARY_TARGET_FREE_DIAGNOSIS
D2_ISRUC_TO_SLEEPEDF,C3,2026,APS_mean_set_size_0.10,2.603774812572748,PRIMARY_TARGET_FREE_DIAGNOSIS
D2_ISRUC_TO_SLEEPEDF,C3,2026,APS_median_set_size_0.10,3.0,PRIMARY_TARGET_FREE_DIAGNOSIS
D2_ISRUC_TO_SLEEPEDF,C3,2026,APS_singleton_fraction_0.10,0.2732545950101335,PRIMARY_TARGET_FREE_DIAGNOSIS
D2_ISRUC_TO_SLEEPEDF,C3,2026,APS_empty_fraction_0.10,0.0,PRIMARY_TARGET_FREE_DIAGNOSIS
D2_ISRUC_TO_SLEEPEDF,C3,2026,APS_nominal_coverage_0.05,0.95,PRIMARY_TARGET_FREE_DIAGNOSIS
D2_ISRUC_TO_SLEEPEDF,C3,2026,APS_empirical_coverage_0.05,0.910789206696533,PRIMARY_TARGET_FREE_DIAGNOSIS
D2_ISRUC_TO_SLEEPEDF,C3,2026,APS_coverage_gap_0.05,0.039210793303466995,PRIMARY_TARGET_FREE_DIAGNOSIS
D2_ISRUC_TO_SLEEPEDF,C3,2026,APS_mean_set_size_0.05,2.959094951091789,PRIMARY_TARGET_FREE_DIAGNOSIS
D2_ISRUC_TO_SLEEPEDF,C3,2026,APS_median_set_size_0.05,3.0,PRIMARY_TARGET_FREE_DIAGNOSIS
D2_ISRUC_TO_SLEEPEDF,C3,2026,APS_singleton_fraction_0.05,0.1759153269825357,PRIMARY_TARGET_FREE_DIAGNOSIS
D2_ISRUC_TO_SLEEPEDF,C3,2026,APS_empty_fraction_0.05,0.0,PRIMARY_TARGET_FREE_DIAGNOSIS
D2_ISRUC_TO_SLEEPEDF,C3,MULTI_SEED_MEAN,macro-F1,0.4835434871729308,PRIMARY_TARGET_FREE_DIAGNOSIS
D2_ISRUC_TO_SLEEPEDF,C3,MULTI_SEED_MEAN,NLL,1.1089578677682947,PRIMARY_TARGET_FREE_DIAGNOSIS
D2_ISRUC_TO_SLEEPEDF,C3,MULTI_SEED_MEAN,Brier,0.46893708035001463,PRIMARY_TARGET_FREE_DIAGNOSIS
D2_ISRUC_TO_SLEEPEDF,C3,MULTI_SEED_MEAN,error_AUROC,0.7456796126999384,PRIMARY_TARGET_FREE_DIAGNOSIS
D2_ISRUC_TO_SLEEPEDF,C3,MULTI_SEED_MEAN,error_AUPRC,0.5411920608993878,PRIMARY_TARGET_FREE_DIAGNOSIS
D2_ISRUC_TO_SLEEPEDF,C3,MULTI_SEED_MEAN,AURC,0.16342615421244097,PRIMARY_TARGET_FREE_DIAGNOSIS
D2_ISRUC_TO_SLEEPEDF,C4,17,macro-F1,0.4379229828094882,PRIMARY_TARGET_FREE_DIAGNOSIS
D2_ISRUC_TO_SLEEPEDF,C4,17,balanced_accuracy,0.5641375397468767,PRIMARY_TARGET_FREE_DIAGNOSIS
D2_ISRUC_TO_SLEEPEDF,C4,17,NLL,1.3027543912211512,PRIMARY_TARGET_FREE_DIAGNOSIS
D2_ISRUC_TO_SLEEPEDF,C4,17,Brier,0.572931574659,PRIMARY_TARGET_FREE_DIAGNOSIS
D2_ISRUC_TO_SLEEPEDF,C4,17,ECE,0.12272499389290825,PRIMARY_TARGET_FREE_DIAGNOSIS
D2_ISRUC_TO_SLEEPEDF,C4,17,adaptive_ECE,0.12272437854484734,PRIMARY_TARGET_FREE_DIAGNOSIS
D2_ISRUC_TO_SLEEPEDF,C4,17,classwise_ECE,0.13017845175079804,PRIMARY_TARGET_FREE_DIAGNOSIS
D2_ISRUC_TO_SLEEPEDF,C4,17,error_AUROC,0.7402046054009411,PRIMARY_TARGET_FREE_DIAGNOSIS
D2_ISRUC_TO_SLEEPEDF,C4,17,error_AUPRC,0.6352026089640952,PRIMARY_TARGET_FREE_DIAGNOSIS
D2_ISRUC_TO_SLEEPEDF,C4,17,AURC,0.23936909670153173,PRIMARY_TARGET_FREE_DIAGNOSIS
D2_ISRUC_TO_SLEEPEDF,C4,17,risk@0.95,0.3933787064353535,PRIMARY_TARGET_FREE_DIAGNOSIS
D2_ISRUC_TO_SLEEPEDF,C4,17,selective_macro_f1@0.95,0.44756185103857593,PRIMARY_TARGET_FREE_DIAGNOSIS
D2_ISRUC_TO_SLEEPEDF,C4,17,actual_coverage@0.95,0.9500001204932512,PRIMARY_TARGET_FREE_DIAGNOSIS
D2_ISRUC_TO_SLEEPEDF,C4,17,risk@0.90,0.37653327621062216,PRIMARY_TARGET_FREE_DIAGNOSIS
D2_ISRUC_TO_SLEEPEDF,C4,17,selective_macro_f1@0.90,0.4565569797650905,PRIMARY_TARGET_FREE_DIAGNOSIS
D2_ISRUC_TO_SLEEPEDF,C4,17,actual_coverage@0.90,0.9000002409865023,PRIMARY_TARGET_FREE_DIAGNOSIS
D2_ISRUC_TO_SLEEPEDF,C4,17,risk@0.80,0.34350496582512224,PRIMARY_TARGET_FREE_DIAGNOSIS
D2_ISRUC_TO_SLEEPEDF,C4,17,selective_macro_f1@0.80,0.4737895596330601,PRIMARY_TARGET_FREE_DIAGNOSIS
D2_ISRUC_TO_SLEEPEDF,C4,17,actual_coverage@0.80,0.8000004819730047,PRIMARY_TARGET_FREE_DIAGNOSIS
D2_ISRUC_TO_SLEEPEDF,C4,17,risk@0.70,0.31088948026150454,PRIMARY_TARGET_FREE_DIAGNOSIS
D2_ISRUC_TO_SLEEPEDF,C4,17,selective_macro_f1@0.70,0.4848938502909461,PRIMARY_TARGET_FREE_DIAGNOSIS
D2_ISRUC_TO_SLEEPEDF,C4,17,actual_coverage@0.70,0.700000722959507,PRIMARY_TARGET_FREE_DIAGNOSIS
D2_ISRUC_TO_SLEEPEDF,C4,17,risk@0.50,0.23349607915905554,PRIMARY_TARGET_FREE_DIAGNOSIS
D2_ISRUC_TO_SLEEPEDF,C4,17,selective_macro_f1@0.50,0.5087106205869144,PRIMARY_TARGET_FREE_DIAGNOSIS
D2_ISRUC_TO_SLEEPEDF,C4,17,actual_coverage@0.50,0.5000012049325118,PRIMARY_TARGET_FREE_DIAGNOSIS
D2_ISRUC_TO_SLEEPEDF,C4,17,recall_Wake,0.6154509114222952,PRIMARY_TARGET_FREE_DIAGNOSIS
D2_ISRUC_TO_SLEEPEDF,C4,17,recall_N1,0.2126661090976675,PRIMARY_TARGET_FREE_DIAGNOSIS
D2_ISRUC_TO_SLEEPEDF,C4,17,recall_N2,0.5744662385002604,PRIMARY_TARGET_FREE_DIAGNOSIS
D2_ISRUC_TO_SLEEPEDF,C4,17,recall_N3,0.9599662550809112,PRIMARY_TARGET_FREE_DIAGNOSIS
D2_ISRUC_TO_SLEEPEDF,C4,17,recall_REM,0.45813818463324946,PRIMARY_TARGET_FREE_DIAGNOSIS
D2_ISRUC_TO_SLEEPEDF,C4,17,APS_nominal_coverage_0.10,0.9,PRIMARY_TARGET_FREE_DIAGNOSIS
D2_ISRUC_TO_SLEEPEDF,C4,17,APS_empirical_coverage_0.10,0.9218866351295664,PRIMARY_TARGET_FREE_DIAGNOSIS
D2_ISRUC_TO_SLEEPEDF,C4,17,APS_coverage_gap_0.10,-0.021886635129566345,PRIMARY_TARGET_FREE_DIAGNOSIS
D2_ISRUC_TO_SLEEPEDF,C4,17,APS_mean_set_size_0.10,3.4864649930957365,PRIMARY_TARGET_FREE_DIAGNOSIS
D2_ISRUC_TO_SLEEPEDF,C4,17,APS_median_set_size_0.10,4.0,PRIMARY_TARGET_FREE_DIAGNOSIS
D2_ISRUC_TO_SLEEPEDF,C4,17,APS_singleton_fraction_0.10,0.0675918941780071,PRIMARY_TARGET_FREE_DIAGNOSIS
D2_ISRUC_TO_SLEEPEDF,C4,17,APS_empty_fraction_0.10,0.0,PRIMARY_TARGET_FREE_DIAGNOSIS
D2_ISRUC_TO_SLEEPEDF,C4,17,APS_nominal_coverage_0.05,0.95,PRIMARY_TARGET_FREE_DIAGNOSIS
D2_ISRUC_TO_SLEEPEDF,C4,17,APS_empirical_coverage_0.05,0.9378929586153879,PRIMARY_TARGET_FREE_DIAGNOSIS
D2_ISRUC_TO_SLEEPEDF,C4,17,APS_coverage_gap_0.05,0.01210704138461205,PRIMARY_TARGET_FREE_DIAGNOSIS
D2_ISRUC_TO_SLEEPEDF,C4,17,APS_mean_set_size_0.05,3.7684577586809365,PRIMARY_TARGET_FREE_DIAGNOSIS
D2_ISRUC_TO_SLEEPEDF,C4,17,APS_median_set_size_0.05,4.0,PRIMARY_TARGET_FREE_DIAGNOSIS
D2_ISRUC_TO_SLEEPEDF,C4,17,APS_singleton_fraction_0.05,0.03766137058663344,PRIMARY_TARGET_FREE_DIAGNOSIS
D2_ISRUC_TO_SLEEPEDF,C4,17,APS_empty_fraction_0.05,0.0,PRIMARY_TARGET_FREE_DIAGNOSIS
D2_ISRUC_TO_SLEEPEDF,C4,42,macro-F1,0.3803138644031402,PRIMARY_TARGET_FREE_DIAGNOSIS
D2_ISRUC_TO_SLEEPEDF,C4,42,balanced_accuracy,0.5120036914739409,PRIMARY_TARGET_FREE_DIAGNOSIS
D2_ISRUC_TO_SLEEPEDF,C4,42,NLL,1.7131707955155833,PRIMARY_TARGET_FREE_DIAGNOSIS
D2_ISRUC_TO_SLEEPEDF,C4,42,Brier,0.6871796332237878,PRIMARY_TARGET_FREE_DIAGNOSIS
D2_ISRUC_TO_SLEEPEDF,C4,42,ECE,0.18653310250508331,PRIMARY_TARGET_FREE_DIAGNOSIS
D2_ISRUC_TO_SLEEPEDF,C4,42,adaptive_ECE,0.1865017905270837,PRIMARY_TARGET_FREE_DIAGNOSIS
D2_ISRUC_TO_SLEEPEDF,C4,42,classwise_ECE,0.1605926388697616,PRIMARY_TARGET_FREE_DIAGNOSIS
D2_ISRUC_TO_SLEEPEDF,C4,42,error_AUROC,0.6855727663140492,PRIMARY_TARGET_FREE_DIAGNOSIS
D2_ISRUC_TO_SLEEPEDF,C4,42,error_AUPRC,0.6424490190607348,PRIMARY_TARGET_FREE_DIAGNOSIS
D2_ISRUC_TO_SLEEPEDF,C4,42,AURC,0.34608361624630424,PRIMARY_TARGET_FREE_DIAGNOSIS
D2_ISRUC_TO_SLEEPEDF,C4,42,risk@0.95,0.46448747250851696,PRIMARY_TARGET_FREE_DIAGNOSIS
D2_ISRUC_TO_SLEEPEDF,C4,42,selective_macro_f1@0.95,0.38880164199531386,PRIMARY_TARGET_FREE_DIAGNOSIS
D2_ISRUC_TO_SLEEPEDF,C4,42,actual_coverage@0.95,0.9500001204932512,PRIMARY_TARGET_FREE_DIAGNOSIS
D2_ISRUC_TO_SLEEPEDF,C4,42,risk@0.90,0.45208787972099124,PRIMARY_TARGET_FREE_DIAGNOSIS
D2_ISRUC_TO_SLEEPEDF,C4,42,selective_macro_f1@0.90,0.39649415739576943,PRIMARY_TARGET_FREE_DIAGNOSIS
D2_ISRUC_TO_SLEEPEDF,C4,42,actual_coverage@0.90,0.9000002409865023,PRIMARY_TARGET_FREE_DIAGNOSIS
D2_ISRUC_TO_SLEEPEDF,C4,42,risk@0.80,0.4291364555124123,PRIMARY_TARGET_FREE_DIAGNOSIS
D2_ISRUC_TO_SLEEPEDF,C4,42,selective_macro_f1@0.80,0.41034147403362614,PRIMARY_TARGET_FREE_DIAGNOSIS
D2_ISRUC_TO_SLEEPEDF,C4,42,actual_coverage@0.80,0.8000004819730047,PRIMARY_TARGET_FREE_DIAGNOSIS
D2_ISRUC_TO_SLEEPEDF,C4,42,risk@0.70,0.40251245382531253,PRIMARY_TARGET_FREE_DIAGNOSIS
D2_ISRUC_TO_SLEEPEDF,C4,42,selective_macro_f1@0.70,0.42378267221990373,PRIMARY_TARGET_FREE_DIAGNOSIS
D2_ISRUC_TO_SLEEPEDF,C4,42,actual_coverage@0.70,0.700000722959507,PRIMARY_TARGET_FREE_DIAGNOSIS
D2_ISRUC_TO_SLEEPEDF,C4,42,risk@0.50,0.3297603154023742,PRIMARY_TARGET_FREE_DIAGNOSIS
D2_ISRUC_TO_SLEEPEDF,C4,42,selective_macro_f1@0.50,0.4549586082847707,PRIMARY_TARGET_FREE_DIAGNOSIS
D2_ISRUC_TO_SLEEPEDF,C4,42,actual_coverage@0.50,0.5000012049325118,PRIMARY_TARGET_FREE_DIAGNOSIS
D2_ISRUC_TO_SLEEPEDF,C4,42,recall_Wake,0.5437633350033108,PRIMARY_TARGET_FREE_DIAGNOSIS
D2_ISRUC_TO_SLEEPEDF,C4,42,recall_N1,0.1769352290679305,PRIMARY_TARGET_FREE_DIAGNOSIS
D2_ISRUC_TO_SLEEPEDF,C4,42,recall_N2,0.5138864780420066,PRIMARY_TARGET_FREE_DIAGNOSIS
D2_ISRUC_TO_SLEEPEDF,C4,42,recall_N3,0.9770687936191426,PRIMARY_TARGET_FREE_DIAGNOSIS
D2_ISRUC_TO_SLEEPEDF,C4,42,recall_REM,0.34836462163731374,PRIMARY_TARGET_FREE_DIAGNOSIS
D2_ISRUC_TO_SLEEPEDF,C4,42,APS_nominal_coverage_0.10,0.9,PRIMARY_TARGET_FREE_DIAGNOSIS
D2_ISRUC_TO_SLEEPEDF,C4,42,APS_empirical_coverage_0.10,0.8826877706579654,PRIMARY_TARGET_FREE_DIAGNOSIS
D2_ISRUC_TO_SLEEPEDF,C4,42,APS_coverage_gap_0.10,0.01731222934203458,PRIMARY_TARGET_FREE_DIAGNOSIS
D2_ISRUC_TO_SLEEPEDF,C4,42,APS_mean_set_size_0.10,3.4698899414643787,PRIMARY_TARGET_FREE_DIAGNOSIS
D2_ISRUC_TO_SLEEPEDF,C4,42,APS_median_set_size_0.10,4.0,PRIMARY_TARGET_FREE_DIAGNOSIS
D2_ISRUC_TO_SLEEPEDF,C4,42,APS_singleton_fraction_0.10,0.07201399649605626,PRIMARY_TARGET_FREE_DIAGNOSIS
D2_ISRUC_TO_SLEEPEDF,C4,42,APS_empty_fraction_0.10,0.0,PRIMARY_TARGET_FREE_DIAGNOSIS
D2_ISRUC_TO_SLEEPEDF,C4,42,APS_nominal_coverage_0.05,0.95,PRIMARY_TARGET_FREE_DIAGNOSIS
D2_ISRUC_TO_SLEEPEDF,C4,42,APS_empirical_coverage_0.05,0.9185224635568162,PRIMARY_TARGET_FREE_DIAGNOSIS
D2_ISRUC_TO_SLEEPEDF,C4,42,APS_coverage_gap_0.05,0.03147753644318374,PRIMARY_TARGET_FREE_DIAGNOSIS
D2_ISRUC_TO_SLEEPEDF,C4,42,APS_mean_set_size_0.05,3.788613869737156,PRIMARY_TARGET_FREE_DIAGNOSIS
D2_ISRUC_TO_SLEEPEDF,C4,42,APS_median_set_size_0.05,4.0,PRIMARY_TARGET_FREE_DIAGNOSIS
D2_ISRUC_TO_SLEEPEDF,C4,42,APS_singleton_fraction_0.05,0.03966396842112873,PRIMARY_TARGET_FREE_DIAGNOSIS
D2_ISRUC_TO_SLEEPEDF,C4,42,APS_empty_fraction_0.05,0.0,PRIMARY_TARGET_FREE_DIAGNOSIS
D2_ISRUC_TO_SLEEPEDF,C4,2026,macro-F1,0.3287069319532113,PRIMARY_TARGET_FREE_DIAGNOSIS
D2_ISRUC_TO_SLEEPEDF,C4,2026,balanced_accuracy,0.4644486852890751,PRIMARY_TARGET_FREE_DIAGNOSIS
D2_ISRUC_TO_SLEEPEDF,C4,2026,NLL,1.8063830579290223,PRIMARY_TARGET_FREE_DIAGNOSIS
D2_ISRUC_TO_SLEEPEDF,C4,2026,Brier,0.7532809519617164,PRIMARY_TARGET_FREE_DIAGNOSIS
D2_ISRUC_TO_SLEEPEDF,C4,2026,ECE,0.20901091332081714,PRIMARY_TARGET_FREE_DIAGNOSIS
D2_ISRUC_TO_SLEEPEDF,C4,2026,adaptive_ECE,0.20901091332081712,PRIMARY_TARGET_FREE_DIAGNOSIS
D2_ISRUC_TO_SLEEPEDF,C4,2026,classwise_ECE,0.17177376157138152,PRIMARY_TARGET_FREE_DIAGNOSIS
D2_ISRUC_TO_SLEEPEDF,C4,2026,error_AUROC,0.7048728782222387,PRIMARY_TARGET_FREE_DIAGNOSIS
D2_ISRUC_TO_SLEEPEDF,C4,2026,error_AUPRC,0.7167779373032175,PRIMARY_TARGET_FREE_DIAGNOSIS
D2_ISRUC_TO_SLEEPEDF,C4,2026,AURC,0.38540121129935656,PRIMARY_TARGET_FREE_DIAGNOSIS
D2_ISRUC_TO_SLEEPEDF,C4,2026,risk@0.95,0.5337241542009016,PRIMARY_TARGET_FREE_DIAGNOSIS
D2_ISRUC_TO_SLEEPEDF,C4,2026,selective_macro_f1@0.95,0.33437147380390886,PRIMARY_TARGET_FREE_DIAGNOSIS
D2_ISRUC_TO_SLEEPEDF,C4,2026,actual_coverage@0.95,0.9500001204932512,PRIMARY_TARGET_FREE_DIAGNOSIS
D2_ISRUC_TO_SLEEPEDF,C4,2026,risk@0.90,0.5194221680746522,PRIMARY_TARGET_FREE_DIAGNOSIS
D2_ISRUC_TO_SLEEPEDF,C4,2026,selective_macro_f1@0.90,0.3398898642824707,PRIMARY_TARGET_FREE_DIAGNOSIS
D2_ISRUC_TO_SLEEPEDF,C4,2026,actual_coverage@0.90,0.9000002409865023,PRIMARY_TARGET_FREE_DIAGNOSIS
D2_ISRUC_TO_SLEEPEDF,C4,2026,risk@0.80,0.4899373134238438,PRIMARY_TARGET_FREE_DIAGNOSIS
D2_ISRUC_TO_SLEEPEDF,C4,2026,selective_macro_f1@0.80,0.34960547251921004,PRIMARY_TARGET_FREE_DIAGNOSIS
D2_ISRUC_TO_SLEEPEDF,C4,2026,actual_coverage@0.80,0.8000004819730047,PRIMARY_TARGET_FREE_DIAGNOSIS
D2_ISRUC_TO_SLEEPEDF,C4,2026,risk@0.70,0.46208769834029323,PRIMARY_TARGET_FREE_DIAGNOSIS
D2_ISRUC_TO_SLEEPEDF,C4,2026,selective_macro_f1@0.70,0.35983237932827616,PRIMARY_TARGET_FREE_DIAGNOSIS
D2_ISRUC_TO_SLEEPEDF,C4,2026,actual_coverage@0.70,0.700000722959507,PRIMARY_TARGET_FREE_DIAGNOSIS
D2_ISRUC_TO_SLEEPEDF,C4,2026,risk@0.50,0.3935878465980017,PRIMARY_TARGET_FREE_DIAGNOSIS
D2_ISRUC_TO_SLEEPEDF,C4,2026,selective_macro_f1@0.50,0.39201061446881164,PRIMARY_TARGET_FREE_DIAGNOSIS
D2_ISRUC_TO_SLEEPEDF,C4,2026,actual_coverage@0.50,0.5000012049325118,PRIMARY_TARGET_FREE_DIAGNOSIS
D2_ISRUC_TO_SLEEPEDF,C4,2026,recall_Wake,0.4597926658795584,PRIMARY_TARGET_FREE_DIAGNOSIS
D2_ISRUC_TO_SLEEPEDF,C4,2026,recall_N1,0.13428120063191154,PRIMARY_TARGET_FREE_DIAGNOSIS
D2_ISRUC_TO_SLEEPEDF,C4,2026,recall_N2,0.5020251113811259,PRIMARY_TARGET_FREE_DIAGNOSIS
D2_ISRUC_TO_SLEEPEDF,C4,2026,recall_N3,0.9776056446046476,PRIMARY_TARGET_FREE_DIAGNOSIS
D2_ISRUC_TO_SLEEPEDF,C4,2026,recall_REM,0.24853880394813238,PRIMARY_TARGET_FREE_DIAGNOSIS
D2_ISRUC_TO_SLEEPEDF,C4,2026,APS_nominal_coverage_0.10,0.9,PRIMARY_TARGET_FREE_DIAGNOSIS
D2_ISRUC_TO_SLEEPEDF,C4,2026,APS_empirical_coverage_0.10,0.8226990006289747,PRIMARY_TARGET_FREE_DIAGNOSIS
D2_ISRUC_TO_SLEEPEDF,C4,2026,APS_coverage_gap_0.10,0.0773009993710253,PRIMARY_TARGET_FREE_DIAGNOSIS
D2_ISRUC_TO_SLEEPEDF,C4,2026,APS_mean_set_size_0.10,3.229344444417668,PRIMARY_TARGET_FREE_DIAGNOSIS
D2_ISRUC_TO_SLEEPEDF,C4,2026,APS_median_set_size_0.10,4.0,PRIMARY_TARGET_FREE_DIAGNOSIS
D2_ISRUC_TO_SLEEPEDF,C4,2026,APS_singleton_fraction_0.10,0.13306551700039282,PRIMARY_TARGET_FREE_DIAGNOSIS
D2_ISRUC_TO_SLEEPEDF,C4,2026,APS_empty_fraction_0.10,0.0,PRIMARY_TARGET_FREE_DIAGNOSIS
D2_ISRUC_TO_SLEEPEDF,C4,2026,APS_nominal_coverage_0.05,0.95,PRIMARY_TARGET_FREE_DIAGNOSIS
D2_ISRUC_TO_SLEEPEDF,C4,2026,APS_empirical_coverage_0.05,0.8599410547015262,PRIMARY_TARGET_FREE_DIAGNOSIS
D2_ISRUC_TO_SLEEPEDF,C4,2026,APS_coverage_gap_0.05,0.0900589452984738,PRIMARY_TARGET_FREE_DIAGNOSIS
D2_ISRUC_TO_SLEEPEDF,C4,2026,APS_mean_set_size_0.05,3.5304426199088588,PRIMARY_TARGET_FREE_DIAGNOSIS
D2_ISRUC_TO_SLEEPEDF,C4,2026,APS_median_set_size_0.05,4.0,PRIMARY_TARGET_FREE_DIAGNOSIS
D2_ISRUC_TO_SLEEPEDF,C4,2026,APS_singleton_fraction_0.05,0.07745547171902901,PRIMARY_TARGET_FREE_DIAGNOSIS
D2_ISRUC_TO_SLEEPEDF,C4,2026,APS_empty_fraction_0.05,0.0,PRIMARY_TARGET_FREE_DIAGNOSIS
D2_ISRUC_TO_SLEEPEDF,C4,MULTI_SEED_MEAN,macro-F1,0.38231459305527987,PRIMARY_TARGET_FREE_DIAGNOSIS
D2_ISRUC_TO_SLEEPEDF,C4,MULTI_SEED_MEAN,NLL,1.6074360815552524,PRIMARY_TARGET_FREE_DIAGNOSIS
D2_ISRUC_TO_SLEEPEDF,C4,MULTI_SEED_MEAN,Brier,0.6711307199481681,PRIMARY_TARGET_FREE_DIAGNOSIS
D2_ISRUC_TO_SLEEPEDF,C4,MULTI_SEED_MEAN,error_AUROC,0.7102167499790765,PRIMARY_TARGET_FREE_DIAGNOSIS
D2_ISRUC_TO_SLEEPEDF,C4,MULTI_SEED_MEAN,error_AUPRC,0.6648098551093492,PRIMARY_TARGET_FREE_DIAGNOSIS
D2_ISRUC_TO_SLEEPEDF,C4,MULTI_SEED_MEAN,AURC,0.3236179747490642,PRIMARY_TARGET_FREE_DIAGNOSIS
D2_ISRUC_TO_SLEEPEDF,C5,17,macro-F1,0.36091637335820304,PRIMARY_TARGET_FREE_DIAGNOSIS
D2_ISRUC_TO_SLEEPEDF,C5,17,balanced_accuracy,0.5010322639702436,PRIMARY_TARGET_FREE_DIAGNOSIS
D2_ISRUC_TO_SLEEPEDF,C5,17,NLL,1.433897998732482,PRIMARY_TARGET_FREE_DIAGNOSIS
D2_ISRUC_TO_SLEEPEDF,C5,17,Brier,0.7568722540537588,PRIMARY_TARGET_FREE_DIAGNOSIS
D2_ISRUC_TO_SLEEPEDF,C5,17,ECE,0.23014743517090994,PRIMARY_TARGET_FREE_DIAGNOSIS
D2_ISRUC_TO_SLEEPEDF,C5,17,adaptive_ECE,0.2294414851148654,PRIMARY_TARGET_FREE_DIAGNOSIS
D2_ISRUC_TO_SLEEPEDF,C5,17,classwise_ECE,0.16113601098768615,PRIMARY_TARGET_FREE_DIAGNOSIS
D2_ISRUC_TO_SLEEPEDF,C5,17,error_AUROC,0.5468819229957896,PRIMARY_TARGET_FREE_DIAGNOSIS
D2_ISRUC_TO_SLEEPEDF,C5,17,error_AUPRC,0.5874789391718566,PRIMARY_TARGET_FREE_DIAGNOSIS
D2_ISRUC_TO_SLEEPEDF,C5,17,AURC,0.5122097117411676,PRIMARY_TARGET_FREE_DIAGNOSIS
D2_ISRUC_TO_SLEEPEDF,C5,17,risk@0.95,0.5458242117839848,PRIMARY_TARGET_FREE_DIAGNOSIS
D2_ISRUC_TO_SLEEPEDF,C5,17,selective_macro_f1@0.95,0.3652928512306016,PRIMARY_TARGET_FREE_DIAGNOSIS
D2_ISRUC_TO_SLEEPEDF,C5,17,actual_coverage@0.95,0.9500001204932512,PRIMARY_TARGET_FREE_DIAGNOSIS
D2_ISRUC_TO_SLEEPEDF,C5,17,risk@0.90,0.5412957037473392,PRIMARY_TARGET_FREE_DIAGNOSIS
D2_ISRUC_TO_SLEEPEDF,C5,17,selective_macro_f1@0.90,0.36889112962230486,PRIMARY_TARGET_FREE_DIAGNOSIS
D2_ISRUC_TO_SLEEPEDF,C5,17,actual_coverage@0.90,0.9000002409865023,PRIMARY_TARGET_FREE_DIAGNOSIS
D2_ISRUC_TO_SLEEPEDF,C5,17,risk@0.80,0.5338721386635499,PRIMARY_TARGET_FREE_DIAGNOSIS
D2_ISRUC_TO_SLEEPEDF,C5,17,selective_macro_f1@0.80,0.369469208132977,PRIMARY_TARGET_FREE_DIAGNOSIS
D2_ISRUC_TO_SLEEPEDF,C5,17,actual_coverage@0.80,0.8000004819730047,PRIMARY_TARGET_FREE_DIAGNOSIS
D2_ISRUC_TO_SLEEPEDF,C5,17,risk@0.70,0.5275774340472265,PRIMARY_TARGET_FREE_DIAGNOSIS
D2_ISRUC_TO_SLEEPEDF,C5,17,selective_macro_f1@0.70,0.34637361674448547,PRIMARY_TARGET_FREE_DIAGNOSIS
D2_ISRUC_TO_SLEEPEDF,C5,17,actual_coverage@0.70,0.700000722959507,PRIMARY_TARGET_FREE_DIAGNOSIS
D2_ISRUC_TO_SLEEPEDF,C5,17,risk@0.50,0.5151748834833069,PRIMARY_TARGET_FREE_DIAGNOSIS
D2_ISRUC_TO_SLEEPEDF,C5,17,selective_macro_f1@0.50,0.25618999420997296,PRIMARY_TARGET_FREE_DIAGNOSIS
D2_ISRUC_TO_SLEEPEDF,C5,17,actual_coverage@0.50,0.5000012049325118,PRIMARY_TARGET_FREE_DIAGNOSIS
D2_ISRUC_TO_SLEEPEDF,C5,17,recall_Wake,0.4474395041918769,PRIMARY_TARGET_FREE_DIAGNOSIS
D2_ISRUC_TO_SLEEPEDF,C5,17,recall_N1,0.33700399591116065,PRIMARY_TARGET_FREE_DIAGNOSIS
D2_ISRUC_TO_SLEEPEDF,C5,17,recall_N2,0.3894289185905225,PRIMARY_TARGET_FREE_DIAGNOSIS
D2_ISRUC_TO_SLEEPEDF,C5,17,recall_N3,0.7249022164276402,PRIMARY_TARGET_FREE_DIAGNOSIS
D2_ISRUC_TO_SLEEPEDF,C5,17,recall_REM,0.6063866847300174,PRIMARY_TARGET_FREE_DIAGNOSIS
D2_ISRUC_TO_SLEEPEDF,C5,17,APS_nominal_coverage_0.10,0.9,PRIMARY_TARGET_FREE_DIAGNOSIS
D2_ISRUC_TO_SLEEPEDF,C5,17,APS_empirical_coverage_0.10,0.8908331144372603,PRIMARY_TARGET_FREE_DIAGNOSIS
D2_ISRUC_TO_SLEEPEDF,C5,17,APS_coverage_gap_0.10,0.009166885562739702,PRIMARY_TARGET_FREE_DIAGNOSIS
D2_ISRUC_TO_SLEEPEDF,C5,17,APS_mean_set_size_0.10,3.3152055253385257,PRIMARY_TARGET_FREE_DIAGNOSIS
D2_ISRUC_TO_SLEEPEDF,C5,17,APS_median_set_size_0.10,4.0,PRIMARY_TARGET_FREE_DIAGNOSIS
D2_ISRUC_TO_SLEEPEDF,C5,17,APS_singleton_fraction_0.10,0.14399666474680753,PRIMARY_TARGET_FREE_DIAGNOSIS
D2_ISRUC_TO_SLEEPEDF,C5,17,APS_empty_fraction_0.10,0.0,PRIMARY_TARGET_FREE_DIAGNOSIS
D2_ISRUC_TO_SLEEPEDF,C5,17,APS_nominal_coverage_0.05,0.95,PRIMARY_TARGET_FREE_DIAGNOSIS
D2_ISRUC_TO_SLEEPEDF,C5,17,APS_empirical_coverage_0.05,0.9438308660331934,PRIMARY_TARGET_FREE_DIAGNOSIS
D2_ISRUC_TO_SLEEPEDF,C5,17,APS_coverage_gap_0.05,0.006169133966806517,PRIMARY_TARGET_FREE_DIAGNOSIS
D2_ISRUC_TO_SLEEPEDF,C5,17,APS_mean_set_size_0.05,3.6393588795091585,PRIMARY_TARGET_FREE_DIAGNOSIS
D2_ISRUC_TO_SLEEPEDF,C5,17,APS_median_set_size_0.05,4.0,PRIMARY_TARGET_FREE_DIAGNOSIS
D2_ISRUC_TO_SLEEPEDF,C5,17,APS_singleton_fraction_0.05,0.05043365521097164,PRIMARY_TARGET_FREE_DIAGNOSIS
D2_ISRUC_TO_SLEEPEDF,C5,17,APS_empty_fraction_0.05,0.0,PRIMARY_TARGET_FREE_DIAGNOSIS
D2_ISRUC_TO_SLEEPEDF,C5,42,macro-F1,0.364929389371306,PRIMARY_TARGET_FREE_DIAGNOSIS
D2_ISRUC_TO_SLEEPEDF,C5,42,balanced_accuracy,0.5070977658311537,PRIMARY_TARGET_FREE_DIAGNOSIS
D2_ISRUC_TO_SLEEPEDF,C5,42,NLL,1.2552748520148311,PRIMARY_TARGET_FREE_DIAGNOSIS
D2_ISRUC_TO_SLEEPEDF,C5,42,Brier,0.7053585788338774,PRIMARY_TARGET_FREE_DIAGNOSIS
D2_ISRUC_TO_SLEEPEDF,C5,42,ECE,0.20275991571843377,PRIMARY_TARGET_FREE_DIAGNOSIS
D2_ISRUC_TO_SLEEPEDF,C5,42,adaptive_ECE,0.20275991571843377,PRIMARY_TARGET_FREE_DIAGNOSIS
D2_ISRUC_TO_SLEEPEDF,C5,42,classwise_ECE,0.15726356567434085,PRIMARY_TARGET_FREE_DIAGNOSIS
D2_ISRUC_TO_SLEEPEDF,C5,42,error_AUROC,0.6121459791270324,PRIMARY_TARGET_FREE_DIAGNOSIS
D2_ISRUC_TO_SLEEPEDF,C5,42,error_AUPRC,0.6278003430313073,PRIMARY_TARGET_FREE_DIAGNOSIS
D2_ISRUC_TO_SLEEPEDF,C5,42,AURC,0.44024788405156473,PRIMARY_TARGET_FREE_DIAGNOSIS
D2_ISRUC_TO_SLEEPEDF,C5,42,risk@0.95,0.5380365436959207,PRIMARY_TARGET_FREE_DIAGNOSIS
D2_ISRUC_TO_SLEEPEDF,C5,42,selective_macro_f1@0.95,0.3702846725060824,PRIMARY_TARGET_FREE_DIAGNOSIS
D2_ISRUC_TO_SLEEPEDF,C5,42,actual_coverage@0.95,0.9500001204932512,PRIMARY_TARGET_FREE_DIAGNOSIS
D2_ISRUC_TO_SLEEPEDF,C5,42,risk@0.90,0.5302692354035854,PRIMARY_TARGET_FREE_DIAGNOSIS
D2_ISRUC_TO_SLEEPEDF,C5,42,selective_macro_f1@0.90,0.3764091518799833,PRIMARY_TARGET_FREE_DIAGNOSIS
D2_ISRUC_TO_SLEEPEDF,C5,42,actual_coverage@0.90,0.9000002409865023,PRIMARY_TARGET_FREE_DIAGNOSIS
D2_ISRUC_TO_SLEEPEDF,C5,42,risk@0.80,0.5109272251324671,PRIMARY_TARGET_FREE_DIAGNOSIS
D2_ISRUC_TO_SLEEPEDF,C5,42,selective_macro_f1@0.80,0.3890814100992986,PRIMARY_TARGET_FREE_DIAGNOSIS
D2_ISRUC_TO_SLEEPEDF,C5,42,actual_coverage@0.80,0.8000004819730047,PRIMARY_TARGET_FREE_DIAGNOSIS
D2_ISRUC_TO_SLEEPEDF,C5,42,risk@0.70,0.494978879276215,PRIMARY_TARGET_FREE_DIAGNOSIS
D2_ISRUC_TO_SLEEPEDF,C5,42,selective_macro_f1@0.70,0.38394057364135314,PRIMARY_TARGET_FREE_DIAGNOSIS
D2_ISRUC_TO_SLEEPEDF,C5,42,actual_coverage@0.70,0.700000722959507,PRIMARY_TARGET_FREE_DIAGNOSIS
D2_ISRUC_TO_SLEEPEDF,C5,42,risk@0.50,0.4665198259117702,PRIMARY_TARGET_FREE_DIAGNOSIS
D2_ISRUC_TO_SLEEPEDF,C5,42,selective_macro_f1@0.50,0.3024820061979813,PRIMARY_TARGET_FREE_DIAGNOSIS
D2_ISRUC_TO_SLEEPEDF,C5,42,actual_coverage@0.50,0.5000012049325118,PRIMARY_TARGET_FREE_DIAGNOSIS
D2_ISRUC_TO_SLEEPEDF,C5,42,recall_Wake,0.4635098254231291,PRIMARY_TARGET_FREE_DIAGNOSIS
D2_ISRUC_TO_SLEEPEDF,C5,42,recall_N1,0.46622061146733573,PRIMARY_TARGET_FREE_DIAGNOSIS
D2_ISRUC_TO_SLEEPEDF,C5,42,recall_N2,0.3220650350054967,PRIMARY_TARGET_FREE_DIAGNOSIS
D2_ISRUC_TO_SLEEPEDF,C5,42,recall_N3,0.6534243423575428,PRIMARY_TARGET_FREE_DIAGNOSIS
D2_ISRUC_TO_SLEEPEDF,C5,42,recall_REM,0.6302690149022644,PRIMARY_TARGET_FREE_DIAGNOSIS
D2_ISRUC_TO_SLEEPEDF,C5,42,APS_nominal_coverage_0.10,0.9,PRIMARY_TARGET_FREE_DIAGNOSIS
D2_ISRUC_TO_SLEEPEDF,C5,42,APS_empirical_coverage_0.10,0.914466660722333,PRIMARY_TARGET_FREE_DIAGNOSIS
D2_ISRUC_TO_SLEEPEDF,C5,42,APS_coverage_gap_0.10,-0.014466660722332936,PRIMARY_TARGET_FREE_DIAGNOSIS
D2_ISRUC_TO_SLEEPEDF,C5,42,APS_mean_set_size_0.10,3.276259696694388,PRIMARY_TARGET_FREE_DIAGNOSIS
D2_ISRUC_TO_SLEEPEDF,C5,42,APS_median_set_size_0.10,4.0,PRIMARY_TARGET_FREE_DIAGNOSIS
D2_ISRUC_TO_SLEEPEDF,C5,42,APS_singleton_fraction_0.10,0.15152026335004976,PRIMARY_TARGET_FREE_DIAGNOSIS
D2_ISRUC_TO_SLEEPEDF,C5,42,APS_empty_fraction_0.10,0.0,PRIMARY_TARGET_FREE_DIAGNOSIS
D2_ISRUC_TO_SLEEPEDF,C5,42,APS_nominal_coverage_0.05,0.95,PRIMARY_TARGET_FREE_DIAGNOSIS
D2_ISRUC_TO_SLEEPEDF,C5,42,APS_empirical_coverage_0.05,0.964095421015469,PRIMARY_TARGET_FREE_DIAGNOSIS
D2_ISRUC_TO_SLEEPEDF,C5,42,APS_coverage_gap_0.05,-0.014095421015469012,PRIMARY_TARGET_FREE_DIAGNOSIS
D2_ISRUC_TO_SLEEPEDF,C5,42,APS_mean_set_size_0.05,3.6501406156241187,PRIMARY_TARGET_FREE_DIAGNOSIS
D2_ISRUC_TO_SLEEPEDF,C5,42,APS_median_set_size_0.05,4.0,PRIMARY_TARGET_FREE_DIAGNOSIS
D2_ISRUC_TO_SLEEPEDF,C5,42,APS_singleton_fraction_0.05,0.05073488833890414,PRIMARY_TARGET_FREE_DIAGNOSIS
D2_ISRUC_TO_SLEEPEDF,C5,42,APS_empty_fraction_0.05,0.0,PRIMARY_TARGET_FREE_DIAGNOSIS
D2_ISRUC_TO_SLEEPEDF,C5,2026,macro-F1,0.3554438410432327,PRIMARY_TARGET_FREE_DIAGNOSIS
D2_ISRUC_TO_SLEEPEDF,C5,2026,balanced_accuracy,0.47369439850212247,PRIMARY_TARGET_FREE_DIAGNOSIS
D2_ISRUC_TO_SLEEPEDF,C5,2026,NLL,1.0924826823733025,PRIMARY_TARGET_FREE_DIAGNOSIS
D2_ISRUC_TO_SLEEPEDF,C5,2026,Brier,0.626874193110523,PRIMARY_TARGET_FREE_DIAGNOSIS
D2_ISRUC_TO_SLEEPEDF,C5,2026,ECE,0.10691601977490887,PRIMARY_TARGET_FREE_DIAGNOSIS
D2_ISRUC_TO_SLEEPEDF,C5,2026,adaptive_ECE,0.10697708637138574,PRIMARY_TARGET_FREE_DIAGNOSIS
D2_ISRUC_TO_SLEEPEDF,C5,2026,classwise_ECE,0.14744691934915358,PRIMARY_TARGET_FREE_DIAGNOSIS
D2_ISRUC_TO_SLEEPEDF,C5,2026,error_AUROC,0.6152167979207515,PRIMARY_TARGET_FREE_DIAGNOSIS
D2_ISRUC_TO_SLEEPEDF,C5,2026,error_AUPRC,0.598028018012459,PRIMARY_TARGET_FREE_DIAGNOSIS
D2_ISRUC_TO_SLEEPEDF,C5,2026,AURC,0.41983349301639644,PRIMARY_TARGET_FREE_DIAGNOSIS
D2_ISRUC_TO_SLEEPEDF,C5,2026,risk@0.95,0.5097269750109712,PRIMARY_TARGET_FREE_DIAGNOSIS
D2_ISRUC_TO_SLEEPEDF,C5,2026,selective_macro_f1@0.95,0.35511869986289385,PRIMARY_TARGET_FREE_DIAGNOSIS
D2_ISRUC_TO_SLEEPEDF,C5,2026,actual_coverage@0.95,0.9500001204932512,PRIMARY_TARGET_FREE_DIAGNOSIS
D2_ISRUC_TO_SLEEPEDF,C5,2026,risk@0.90,0.502828913017284,PRIMARY_TARGET_FREE_DIAGNOSIS
D2_ISRUC_TO_SLEEPEDF,C5,2026,selective_macro_f1@0.90,0.3510337099901617,PRIMARY_TARGET_FREE_DIAGNOSIS
D2_ISRUC_TO_SLEEPEDF,C5,2026,actual_coverage@0.90,0.9000002409865023,PRIMARY_TARGET_FREE_DIAGNOSIS
D2_ISRUC_TO_SLEEPEDF,C5,2026,risk@0.80,0.4828011049224476,PRIMARY_TARGET_FREE_DIAGNOSIS
D2_ISRUC_TO_SLEEPEDF,C5,2026,selective_macro_f1@0.80,0.3290020059733072,PRIMARY_TARGET_FREE_DIAGNOSIS
D2_ISRUC_TO_SLEEPEDF,C5,2026,actual_coverage@0.80,0.8000004819730047,PRIMARY_TARGET_FREE_DIAGNOSIS
D2_ISRUC_TO_SLEEPEDF,C5,2026,risk@0.70,0.46569904948136315,PRIMARY_TARGET_FREE_DIAGNOSIS
D2_ISRUC_TO_SLEEPEDF,C5,2026,selective_macro_f1@0.70,0.2561545138067436,PRIMARY_TARGET_FREE_DIAGNOSIS
D2_ISRUC_TO_SLEEPEDF,C5,2026,actual_coverage@0.70,0.700000722959507,PRIMARY_TARGET_FREE_DIAGNOSIS
D2_ISRUC_TO_SLEEPEDF,C5,2026,risk@0.50,0.42181693745451393,PRIMARY_TARGET_FREE_DIAGNOSIS
D2_ISRUC_TO_SLEEPEDF,C5,2026,selective_macro_f1@0.50,0.2690061865742909,PRIMARY_TARGET_FREE_DIAGNOSIS
D2_ISRUC_TO_SLEEPEDF,C5,2026,actual_coverage@0.50,0.5000012049325118,PRIMARY_TARGET_FREE_DIAGNOSIS
D2_ISRUC_TO_SLEEPEDF,C5,2026,recall_Wake,0.517557535393595,PRIMARY_TARGET_FREE_DIAGNOSIS
D2_ISRUC_TO_SLEEPEDF,C5,2026,recall_N1,0.3087073692036056,PRIMARY_TARGET_FREE_DIAGNOSIS
D2_ISRUC_TO_SLEEPEDF,C5,2026,recall_N2,0.33725337036394143,PRIMARY_TARGET_FREE_DIAGNOSIS
D2_ISRUC_TO_SLEEPEDF,C5,2026,recall_N3,0.5556407699976992,PRIMARY_TARGET_FREE_DIAGNOSIS
D2_ISRUC_TO_SLEEPEDF,C5,2026,recall_REM,0.6493129475517708,PRIMARY_TARGET_FREE_DIAGNOSIS
D2_ISRUC_TO_SLEEPEDF,C5,2026,APS_nominal_coverage_0.10,0.9,PRIMARY_TARGET_FREE_DIAGNOSIS
D2_ISRUC_TO_SLEEPEDF,C5,2026,APS_empirical_coverage_0.10,0.9532968158453445,PRIMARY_TARGET_FREE_DIAGNOSIS
D2_ISRUC_TO_SLEEPEDF,C5,2026,APS_coverage_gap_0.10,-0.053296815845344514,PRIMARY_TARGET_FREE_DIAGNOSIS
D2_ISRUC_TO_SLEEPEDF,C5,2026,APS_mean_set_size_0.10,3.553632751029615,PRIMARY_TARGET_FREE_DIAGNOSIS
D2_ISRUC_TO_SLEEPEDF,C5,2026,APS_median_set_size_0.10,4.0,PRIMARY_TARGET_FREE_DIAGNOSIS
D2_ISRUC_TO_SLEEPEDF,C5,2026,APS_singleton_fraction_0.10,0.059921293808333796,PRIMARY_TARGET_FREE_DIAGNOSIS
D2_ISRUC_TO_SLEEPEDF,C5,2026,APS_empty_fraction_0.10,0.0,PRIMARY_TARGET_FREE_DIAGNOSIS
D2_ISRUC_TO_SLEEPEDF,C5,2026,APS_nominal_coverage_0.05,0.95,PRIMARY_TARGET_FREE_DIAGNOSIS
D2_ISRUC_TO_SLEEPEDF,C5,2026,APS_empirical_coverage_0.05,0.9791498478170237,PRIMARY_TARGET_FREE_DIAGNOSIS
D2_ISRUC_TO_SLEEPEDF,C5,2026,APS_coverage_gap_0.05,-0.02914984781702379,PRIMARY_TARGET_FREE_DIAGNOSIS
D2_ISRUC_TO_SLEEPEDF,C5,2026,APS_mean_set_size_0.05,3.843821467559602,PRIMARY_TARGET_FREE_DIAGNOSIS
D2_ISRUC_TO_SLEEPEDF,C5,2026,APS_median_set_size_0.05,4.0,PRIMARY_TARGET_FREE_DIAGNOSIS
D2_ISRUC_TO_SLEEPEDF,C5,2026,APS_singleton_fraction_0.05,0.009121339113796235,PRIMARY_TARGET_FREE_DIAGNOSIS
D2_ISRUC_TO_SLEEPEDF,C5,2026,APS_empty_fraction_0.05,0.0,PRIMARY_TARGET_FREE_DIAGNOSIS
D2_ISRUC_TO_SLEEPEDF,C5,MULTI_SEED_MEAN,macro-F1,0.3604298679242472,PRIMARY_TARGET_FREE_DIAGNOSIS
D2_ISRUC_TO_SLEEPEDF,C5,MULTI_SEED_MEAN,NLL,1.2605518443735386,PRIMARY_TARGET_FREE_DIAGNOSIS
D2_ISRUC_TO_SLEEPEDF,C5,MULTI_SEED_MEAN,Brier,0.6963683419993864,PRIMARY_TARGET_FREE_DIAGNOSIS
D2_ISRUC_TO_SLEEPEDF,C5,MULTI_SEED_MEAN,error_AUROC,0.5914149000145245,PRIMARY_TARGET_FREE_DIAGNOSIS
D2_ISRUC_TO_SLEEPEDF,C5,MULTI_SEED_MEAN,error_AUPRC,0.6044357667385408,PRIMARY_TARGET_FREE_DIAGNOSIS
D2_ISRUC_TO_SLEEPEDF,C5,MULTI_SEED_MEAN,AURC,0.4574303629363763,PRIMARY_TARGET_FREE_DIAGNOSIS
