dataset,substudy,recording_id,subject_id,signal_label,modality_family,reference,sampling_hz,physical_dimension,signal_representation,schema_source,verified,notes
Sleep-EDF Expanded v1.0.0,NOT_VERIFIED,SC4001E0-PSG.edf,NOT_VERIFIED,EEG Fpz-Cz,EEG,encoded in label; anatomical/reference interpretation requires contract review,100,uV,SC EMG envelope documented; CAP representation NOT_VERIFIED per channel,https://physionet.org/files/sleep-edfx/1.0.0/sleep-cassette/SC4001E0-PSG.edf,TRUE,Header-only; no signal samples read.
Sleep-EDF Expanded v1.0.0,NOT_VERIFIED,SC4001E0-PSG.edf,NOT_VERIFIED,EEG Pz-Oz,EEG,encoded in label; anatomical/reference interpretation requires contract review,100,uV,SC EMG envelope documented; CAP representation NOT_VERIFIED per channel,https://physionet.org/files/sleep-edfx/1.0.0/sleep-cassette/SC4001E0-PSG.edf,TRUE,Header-only; no signal samples read.
Sleep-EDF Expanded v1.0.0,NOT_VERIFIED,SC4001E0-PSG.edf,NOT_VERIFIED,EOG horizontal,EOG,encoded in label; anatomical/reference interpretation requires contract review,100,uV,SC EMG envelope documented; CAP representation NOT_VERIFIED per channel,https://physionet.org/files/sleep-edfx/1.0.0/sleep-cassette/SC4001E0-PSG.edf,TRUE,Header-only; no signal samples read.
Sleep-EDF Expanded v1.0.0,NOT_VERIFIED,SC4001E0-PSG.edf,NOT_VERIFIED,Resp oro-nasal,OTHER,encoded in label; anatomical/reference interpretation requires contract review,1,,SC EMG envelope documented; CAP representation NOT_VERIFIED per channel,https://physionet.org/files/sleep-edfx/1.0.0/sleep-cassette/SC4001E0-PSG.edf,TRUE,Header-only; no signal samples read.
Sleep-EDF Expanded v1.0.0,NOT_VERIFIED,SC4001E0-PSG.edf,NOT_VERIFIED,EMG submental,EMG,encoded in label; anatomical/reference interpretation requires contract review,1,uV,SC EMG envelope documented; CAP representation NOT_VERIFIED per channel,https://physionet.org/files/sleep-edfx/1.0.0/sleep-cassette/SC4001E0-PSG.edf,TRUE,Header-only; no signal samples read.
Sleep-EDF Expanded v1.0.0,NOT_VERIFIED,SC4001E0-PSG.edf,NOT_VERIFIED,Temp rectal,OTHER,encoded in label; anatomical/reference interpretation requires contract review,1,DegC,SC EMG envelope documented; CAP representation NOT_VERIFIED per channel,https://physionet.org/files/sleep-edfx/1.0.0/sleep-cassette/SC4001E0-PSG.edf,TRUE,Header-only; no signal samples read.
Sleep-EDF Expanded v1.0.0,NOT_VERIFIED,SC4001E0-PSG.edf,NOT_VERIFIED,Event marker,OTHER,encoded in label; anatomical/reference interpretation requires contract review,1,,SC EMG envelope documented; CAP representation NOT_VERIFIED per channel,https://physionet.org/files/sleep-edfx/1.0.0/sleep-cassette/SC4001E0-PSG.edf,TRUE,Header-only; no signal samples read.
Sleep-EDF Expanded v1.0.0,NOT_VERIFIED,SC4002E0-PSG.edf,NOT_VERIFIED,EEG Fpz-Cz,EEG,encoded in label; anatomical/reference interpretation requires contract review,100,uV,SC EMG envelope documented; CAP representation NOT_VERIFIED per channel,https://physionet.org/files/sleep-edfx/1.0.0/sleep-cassette/SC4002E0-PSG.edf,TRUE,Header-only; no signal samples read.
Sleep-EDF Expanded v1.0.0,NOT_VERIFIED,SC4002E0-PSG.edf,NOT_VERIFIED,EEG Pz-Oz,EEG,encoded in label; anatomical/reference interpretation requires contract review,100,uV,SC EMG envelope documented; CAP representation NOT_VERIFIED per channel,https://physionet.org/files/sleep-edfx/1.0.0/sleep-cassette/SC4002E0-PSG.edf,TRUE,Header-only; no signal samples read.
Sleep-EDF Expanded v1.0.0,NOT_VERIFIED,SC4002E0-PSG.edf,NOT_VERIFIED,EOG horizontal,EOG,encoded in label; anatomical/reference interpretation requires contract review,100,uV,SC EMG envelope documented; CAP representation NOT_VERIFIED per channel,https://physionet.org/files/sleep-edfx/1.0.0/sleep-cassette/SC4002E0-PSG.edf,TRUE,Header-only; no signal samples read.
Sleep-EDF Expanded v1.0.0,NOT_VERIFIED,SC4002E0-PSG.edf,NOT_VERIFIED,Resp oro-nasal,OTHER,encoded in label; anatomical/reference interpretation requires contract review,1,,SC EMG envelope documented; CAP representation NOT_VERIFIED per channel,https://physionet.org/files/sleep-edfx/1.0.0/sleep-cassette/SC4002E0-PSG.edf,TRUE,Header-only; no signal samples read.
Sleep-EDF Expanded v1.0.0,NOT_VERIFIED,SC4002E0-PSG.edf,NOT_VERIFIED,EMG submental,EMG,encoded in label; anatomical/reference interpretation requires contract review,1,uV,SC EMG envelope documented; CAP representation NOT_VERIFIED per channel,https://physionet.org/files/sleep-edfx/1.0.0/sleep-cassette/SC4002E0-PSG.edf,TRUE,Header-only; no signal samples read.
Sleep-EDF Expanded v1.0.0,NOT_VERIFIED,SC4002E0-PSG.edf,NOT_VERIFIED,Temp rectal,OTHER,encoded in label; anatomical/reference interpretation requires contract review,1,DegC,SC EMG envelope documented; CAP representation NOT_VERIFIED per channel,https://physionet.org/files/sleep-edfx/1.0.0/sleep-cassette/SC4002E0-PSG.edf,TRUE,Header-only; no signal samples read.
Sleep-EDF Expanded v1.0.0,NOT_VERIFIED,SC4002E0-PSG.edf,NOT_VERIFIED,Event marker,OTHER,encoded in label; anatomical/reference interpretation requires contract review,1,,SC EMG envelope documented; CAP representation NOT_VERIFIED per channel,https://physionet.org/files/sleep-edfx/1.0.0/sleep-cassette/SC4002E0-PSG.edf,TRUE,Header-only; no signal samples read.
Sleep-EDF Expanded v1.0.0,NOT_VERIFIED,SC4011E0-PSG.edf,NOT_VERIFIED,EEG Fpz-Cz,EEG,encoded in label; anatomical/reference interpretation requires contract review,100,uV,SC EMG envelope documented; CAP representation NOT_VERIFIED per channel,https://physionet.org/files/sleep-edfx/1.0.0/sleep-cassette/SC4011E0-PSG.edf,TRUE,Header-only; no signal samples read.
Sleep-EDF Expanded v1.0.0,NOT_VERIFIED,SC4011E0-PSG.edf,NOT_VERIFIED,EEG Pz-Oz,EEG,encoded in label; anatomical/reference interpretation requires contract review,100,uV,SC EMG envelope documented; CAP representation NOT_VERIFIED per channel,https://physionet.org/files/sleep-edfx/1.0.0/sleep-cassette/SC4011E0-PSG.edf,TRUE,Header-only; no signal samples read.
Sleep-EDF Expanded v1.0.0,NOT_VERIFIED,SC4011E0-PSG.edf,NOT_VERIFIED,EOG horizontal,EOG,encoded in label; anatomical/reference interpretation requires contract review,100,uV,SC EMG envelope documented; CAP representation NOT_VERIFIED per channel,https://physionet.org/files/sleep-edfx/1.0.0/sleep-cassette/SC4011E0-PSG.edf,TRUE,Header-only; no signal samples read.
Sleep-EDF Expanded v1.0.0,NOT_VERIFIED,SC4011E0-PSG.edf,NOT_VERIFIED,Resp oro-nasal,OTHER,encoded in label; anatomical/reference interpretation requires contract review,1,,SC EMG envelope documented; CAP representation NOT_VERIFIED per channel,https://physionet.org/files/sleep-edfx/1.0.0/sleep-cassette/SC4011E0-PSG.edf,TRUE,Header-only; no signal samples read.
Sleep-EDF Expanded v1.0.0,NOT_VERIFIED,SC4011E0-PSG.edf,NOT_VERIFIED,EMG submental,EMG,encoded in label; anatomical/reference interpretation requires contract review,1,uV,SC EMG envelope documented; CAP representation NOT_VERIFIED per channel,https://physionet.org/files/sleep-edfx/1.0.0/sleep-cassette/SC4011E0-PSG.edf,TRUE,Header-only; no signal samples read.
Sleep-EDF Expanded v1.0.0,NOT_VERIFIED,SC4011E0-PSG.edf,NOT_VERIFIED,Temp rectal,OTHER,encoded in label; anatomical/reference interpretation requires contract review,1,DegC,SC EMG envelope documented; CAP representation NOT_VERIFIED per channel,https://physionet.org/files/sleep-edfx/1.0.0/sleep-cassette/SC4011E0-PSG.edf,TRUE,Header-only; no signal samples read.
Sleep-EDF Expanded v1.0.0,NOT_VERIFIED,SC4011E0-PSG.edf,NOT_VERIFIED,Event marker,OTHER,encoded in label; anatomical/reference interpretation requires contract review,1,,SC EMG envelope documented; CAP representation NOT_VERIFIED per channel,https://physionet.org/files/sleep-edfx/1.0.0/sleep-cassette/SC4011E0-PSG.edf,TRUE,Header-only; no signal samples read.
Sleep-EDF Expanded v1.0.0,NOT_VERIFIED,SC4012E0-PSG.edf,NOT_VERIFIED,EEG Fpz-Cz,EEG,encoded in label; anatomical/reference interpretation requires contract review,100,uV,SC EMG envelope documented; CAP representation NOT_VERIFIED per channel,https://physionet.org/files/sleep-edfx/1.0.0/sleep-cassette/SC4012E0-PSG.edf,TRUE,Header-only; no signal samples read.
Sleep-EDF Expanded v1.0.0,NOT_VERIFIED,SC4012E0-PSG.edf,NOT_VERIFIED,EEG Pz-Oz,EEG,encoded in label; anatomical/reference interpretation requires contract review,100,uV,SC EMG envelope documented; CAP representation NOT_VERIFIED per channel,https://physionet.org/files/sleep-edfx/1.0.0/sleep-cassette/SC4012E0-PSG.edf,TRUE,Header-only; no signal samples read.
Sleep-EDF Expanded v1.0.0,NOT_VERIFIED,SC4012E0-PSG.edf,NOT_VERIFIED,EOG horizontal,EOG,encoded in label; anatomical/reference interpretation requires contract review,100,uV,SC EMG envelope documented; CAP representation NOT_VERIFIED per channel,https://physionet.org/files/sleep-edfx/1.0.0/sleep-cassette/SC4012E0-PSG.edf,TRUE,Header-only; no signal samples read.
Sleep-EDF Expanded v1.0.0,NOT_VERIFIED,SC4012E0-PSG.edf,NOT_VERIFIED,Resp oro-nasal,OTHER,encoded in label; anatomical/reference interpretation requires contract review,1,,SC EMG envelope documented; CAP representation NOT_VERIFIED per channel,https://physionet.org/files/sleep-edfx/1.0.0/sleep-cassette/SC4012E0-PSG.edf,TRUE,Header-only; no signal samples read.
Sleep-EDF Expanded v1.0.0,NOT_VERIFIED,SC4012E0-PSG.edf,NOT_VERIFIED,EMG submental,EMG,encoded in label; anatomical/reference interpretation requires contract review,1,uV,SC EMG envelope documented; CAP representation NOT_VERIFIED per channel,https://physionet.org/files/sleep-edfx/1.0.0/sleep-cassette/SC4012E0-PSG.edf,TRUE,Header-only; no signal samples read.
Sleep-EDF Expanded v1.0.0,NOT_VERIFIED,SC4012E0-PSG.edf,NOT_VERIFIED,Temp rectal,OTHER,encoded in label; anatomical/reference interpretation requires contract review,1,,SC EMG envelope documented; CAP representation NOT_VERIFIED per channel,https://physionet.org/files/sleep-edfx/1.0.0/sleep-cassette/SC4012E0-PSG.edf,TRUE,Header-only; no signal samples read.
Sleep-EDF Expanded v1.0.0,NOT_VERIFIED,SC4012E0-PSG.edf,NOT_VERIFIED,Event marker,OTHER,encoded in label; anatomical/reference interpretation requires contract review,1,,SC EMG envelope documented; CAP representation NOT_VERIFIED per channel,https://physionet.org/files/sleep-edfx/1.0.0/sleep-cassette/SC4012E0-PSG.edf,TRUE,Header-only; no signal samples read.
Sleep-EDF Expanded v1.0.0,NOT_VERIFIED,SC4021E0-PSG.edf,NOT_VERIFIED,EEG Fpz-Cz,EEG,encoded in label; anatomical/reference interpretation requires contract review,100,uV,SC EMG envelope documented; CAP representation NOT_VERIFIED per channel,https://physionet.org/files/sleep-edfx/1.0.0/sleep-cassette/SC4021E0-PSG.edf,TRUE,Header-only; no signal samples read.
Sleep-EDF Expanded v1.0.0,NOT_VERIFIED,SC4021E0-PSG.edf,NOT_VERIFIED,EEG Pz-Oz,EEG,encoded in label; anatomical/reference interpretation requires contract review,100,uV,SC EMG envelope documented; CAP representation NOT_VERIFIED per channel,https://physionet.org/files/sleep-edfx/1.0.0/sleep-cassette/SC4021E0-PSG.edf,TRUE,Header-only; no signal samples read.
Sleep-EDF Expanded v1.0.0,NOT_VERIFIED,SC4021E0-PSG.edf,NOT_VERIFIED,EOG horizontal,EOG,encoded in label; anatomical/reference interpretation requires contract review,100,uV,SC EMG envelope documented; CAP representation NOT_VERIFIED per channel,https://physionet.org/files/sleep-edfx/1.0.0/sleep-cassette/SC4021E0-PSG.edf,TRUE,Header-only; no signal samples read.
Sleep-EDF Expanded v1.0.0,NOT_VERIFIED,SC4021E0-PSG.edf,NOT_VERIFIED,Resp oro-nasal,OTHER,encoded in label; anatomical/reference interpretation requires contract review,1,,SC EMG envelope documented; CAP representation NOT_VERIFIED per channel,https://physionet.org/files/sleep-edfx/1.0.0/sleep-cassette/SC4021E0-PSG.edf,TRUE,Header-only; no signal samples read.
Sleep-EDF Expanded v1.0.0,NOT_VERIFIED,SC4021E0-PSG.edf,NOT_VERIFIED,EMG submental,EMG,encoded in label; anatomical/reference interpretation requires contract review,1,uV,SC EMG envelope documented; CAP representation NOT_VERIFIED per channel,https://physionet.org/files/sleep-edfx/1.0.0/sleep-cassette/SC4021E0-PSG.edf,TRUE,Header-only; no signal samples read.
Sleep-EDF Expanded v1.0.0,NOT_VERIFIED,SC4021E0-PSG.edf,NOT_VERIFIED,Temp rectal,OTHER,encoded in label; anatomical/reference interpretation requires contract review,1,DegC,SC EMG envelope documented; CAP representation NOT_VERIFIED per channel,https://physionet.org/files/sleep-edfx/1.0.0/sleep-cassette/SC4021E0-PSG.edf,TRUE,Header-only; no signal samples read.
Sleep-EDF Expanded v1.0.0,NOT_VERIFIED,SC4021E0-PSG.edf,NOT_VERIFIED,Event marker,OTHER,encoded in label; anatomical/reference interpretation requires contract review,1,,SC EMG envelope documented; CAP representation NOT_VERIFIED per channel,https://physionet.org/files/sleep-edfx/1.0.0/sleep-cassette/SC4021E0-PSG.edf,TRUE,Header-only; no signal samples read.
Sleep-EDF Expanded v1.0.0,NOT_VERIFIED,SC4022E0-PSG.edf,NOT_VERIFIED,EEG Fpz-Cz,EEG,encoded in label; anatomical/reference interpretation requires contract review,100,uV,SC EMG envelope documented; CAP representation NOT_VERIFIED per channel,https://physionet.org/files/sleep-edfx/1.0.0/sleep-cassette/SC4022E0-PSG.edf,TRUE,Header-only; no signal samples read.
Sleep-EDF Expanded v1.0.0,NOT_VERIFIED,SC4022E0-PSG.edf,NOT_VERIFIED,EEG Pz-Oz,EEG,encoded in label; anatomical/reference interpretation requires contract review,100,uV,SC EMG envelope documented; CAP representation NOT_VERIFIED per channel,https://physionet.org/files/sleep-edfx/1.0.0/sleep-cassette/SC4022E0-PSG.edf,TRUE,Header-only; no signal samples read.
Sleep-EDF Expanded v1.0.0,NOT_VERIFIED,SC4022E0-PSG.edf,NOT_VERIFIED,EOG horizontal,EOG,encoded in label; anatomical/reference interpretation requires contract review,100,uV,SC EMG envelope documented; CAP representation NOT_VERIFIED per channel,https://physionet.org/files/sleep-edfx/1.0.0/sleep-cassette/SC4022E0-PSG.edf,TRUE,Header-only; no signal samples read.
Sleep-EDF Expanded v1.0.0,NOT_VERIFIED,SC4022E0-PSG.edf,NOT_VERIFIED,Resp oro-nasal,OTHER,encoded in label; anatomical/reference interpretation requires contract review,1,,SC EMG envelope documented; CAP representation NOT_VERIFIED per channel,https://physionet.org/files/sleep-edfx/1.0.0/sleep-cassette/SC4022E0-PSG.edf,TRUE,Header-only; no signal samples read.
Sleep-EDF Expanded v1.0.0,NOT_VERIFIED,SC4022E0-PSG.edf,NOT_VERIFIED,EMG submental,EMG,encoded in label; anatomical/reference interpretation requires contract review,1,uV,SC EMG envelope documented; CAP representation NOT_VERIFIED per channel,https://physionet.org/files/sleep-edfx/1.0.0/sleep-cassette/SC4022E0-PSG.edf,TRUE,Header-only; no signal samples read.
Sleep-EDF Expanded v1.0.0,NOT_VERIFIED,SC4022E0-PSG.edf,NOT_VERIFIED,Temp rectal,OTHER,encoded in label; anatomical/reference interpretation requires contract review,1,DegC,SC EMG envelope documented; CAP representation NOT_VERIFIED per channel,https://physionet.org/files/sleep-edfx/1.0.0/sleep-cassette/SC4022E0-PSG.edf,TRUE,Header-only; no signal samples read.
Sleep-EDF Expanded v1.0.0,NOT_VERIFIED,SC4022E0-PSG.edf,NOT_VERIFIED,Event marker,OTHER,encoded in label; anatomical/reference interpretation requires contract review,1,,SC EMG envelope documented; CAP representation NOT_VERIFIED per channel,https://physionet.org/files/sleep-edfx/1.0.0/sleep-cassette/SC4022E0-PSG.edf,TRUE,Header-only; no signal samples read.
Sleep-EDF Expanded v1.0.0,NOT_VERIFIED,SC4031E0-PSG.edf,NOT_VERIFIED,EEG Fpz-Cz,EEG,encoded in label; anatomical/reference interpretation requires contract review,100,uV,SC EMG envelope documented; CAP representation NOT_VERIFIED per channel,https://physionet.org/files/sleep-edfx/1.0.0/sleep-cassette/SC4031E0-PSG.edf,TRUE,Header-only; no signal samples read.
Sleep-EDF Expanded v1.0.0,NOT_VERIFIED,SC4031E0-PSG.edf,NOT_VERIFIED,EEG Pz-Oz,EEG,encoded in label; anatomical/reference interpretation requires contract review,100,uV,SC EMG envelope documented; CAP representation NOT_VERIFIED per channel,https://physionet.org/files/sleep-edfx/1.0.0/sleep-cassette/SC4031E0-PSG.edf,TRUE,Header-only; no signal samples read.
Sleep-EDF Expanded v1.0.0,NOT_VERIFIED,SC4031E0-PSG.edf,NOT_VERIFIED,EOG horizontal,EOG,encoded in label; anatomical/reference interpretation requires contract review,100,uV,SC EMG envelope documented; CAP representation NOT_VERIFIED per channel,https://physionet.org/files/sleep-edfx/1.0.0/sleep-cassette/SC4031E0-PSG.edf,TRUE,Header-only; no signal samples read.
Sleep-EDF Expanded v1.0.0,NOT_VERIFIED,SC4031E0-PSG.edf,NOT_VERIFIED,Resp oro-nasal,OTHER,encoded in label; anatomical/reference interpretation requires contract review,1,,SC EMG envelope documented; CAP representation NOT_VERIFIED per channel,https://physionet.org/files/sleep-edfx/1.0.0/sleep-cassette/SC4031E0-PSG.edf,TRUE,Header-only; no signal samples read.
Sleep-EDF Expanded v1.0.0,NOT_VERIFIED,SC4031E0-PSG.edf,NOT_VERIFIED,EMG submental,EMG,encoded in label; anatomical/reference interpretation requires contract review,1,uV,SC EMG envelope documented; CAP representation NOT_VERIFIED per channel,https://physionet.org/files/sleep-edfx/1.0.0/sleep-cassette/SC4031E0-PSG.edf,TRUE,Header-only; no signal samples read.
Sleep-EDF Expanded v1.0.0,NOT_VERIFIED,SC4031E0-PSG.edf,NOT_VERIFIED,Temp rectal,OTHER,encoded in label; anatomical/reference interpretation requires contract review,1,DegC,SC EMG envelope documented; CAP representation NOT_VERIFIED per channel,https://physionet.org/files/sleep-edfx/1.0.0/sleep-cassette/SC4031E0-PSG.edf,TRUE,Header-only; no signal samples read.
Sleep-EDF Expanded v1.0.0,NOT_VERIFIED,SC4031E0-PSG.edf,NOT_VERIFIED,Event marker,OTHER,encoded in label; anatomical/reference interpretation requires contract review,1,,SC EMG envelope documented; CAP representation NOT_VERIFIED per channel,https://physionet.org/files/sleep-edfx/1.0.0/sleep-cassette/SC4031E0-PSG.edf,TRUE,Header-only; no signal samples read.
Sleep-EDF Expanded v1.0.0,NOT_VERIFIED,SC4032E0-PSG.edf,NOT_VERIFIED,EEG Fpz-Cz,EEG,encoded in label; anatomical/reference interpretation requires contract review,100,uV,SC EMG envelope documented; CAP representation NOT_VERIFIED per channel,https://physionet.org/files/sleep-edfx/1.0.0/sleep-cassette/SC4032E0-PSG.edf,TRUE,Header-only; no signal samples read.
Sleep-EDF Expanded v1.0.0,NOT_VERIFIED,SC4032E0-PSG.edf,NOT_VERIFIED,EEG Pz-Oz,EEG,encoded in label; anatomical/reference interpretation requires contract review,100,uV,SC EMG envelope documented; CAP representation NOT_VERIFIED per channel,https://physionet.org/files/sleep-edfx/1.0.0/sleep-cassette/SC4032E0-PSG.edf,TRUE,Header-only; no signal samples read.
Sleep-EDF Expanded v1.0.0,NOT_VERIFIED,SC4032E0-PSG.edf,NOT_VERIFIED,EOG horizontal,EOG,encoded in label; anatomical/reference interpretation requires contract review,100,uV,SC EMG envelope documented; CAP representation NOT_VERIFIED per channel,https://physionet.org/files/sleep-edfx/1.0.0/sleep-cassette/SC4032E0-PSG.edf,TRUE,Header-only; no signal samples read.
Sleep-EDF Expanded v1.0.0,NOT_VERIFIED,SC4032E0-PSG.edf,NOT_VERIFIED,Resp oro-nasal,OTHER,encoded in label; anatomical/reference interpretation requires contract review,1,,SC EMG envelope documented; CAP representation NOT_VERIFIED per channel,https://physionet.org/files/sleep-edfx/1.0.0/sleep-cassette/SC4032E0-PSG.edf,TRUE,Header-only; no signal samples read.
Sleep-EDF Expanded v1.0.0,NOT_VERIFIED,SC4032E0-PSG.edf,NOT_VERIFIED,EMG submental,EMG,encoded in label; anatomical/reference interpretation requires contract review,1,uV,SC EMG envelope documented; CAP representation NOT_VERIFIED per channel,https://physionet.org/files/sleep-edfx/1.0.0/sleep-cassette/SC4032E0-PSG.edf,TRUE,Header-only; no signal samples read.
Sleep-EDF Expanded v1.0.0,NOT_VERIFIED,SC4032E0-PSG.edf,NOT_VERIFIED,Temp rectal,OTHER,encoded in label; anatomical/reference interpretation requires contract review,1,DegC,SC EMG envelope documented; CAP representation NOT_VERIFIED per channel,https://physionet.org/files/sleep-edfx/1.0.0/sleep-cassette/SC4032E0-PSG.edf,TRUE,Header-only; no signal samples read.
Sleep-EDF Expanded v1.0.0,NOT_VERIFIED,SC4032E0-PSG.edf,NOT_VERIFIED,Event marker,OTHER,encoded in label; anatomical/reference interpretation requires contract review,1,,SC EMG envelope documented; CAP representation NOT_VERIFIED per channel,https://physionet.org/files/sleep-edfx/1.0.0/sleep-cassette/SC4032E0-PSG.edf,TRUE,Header-only; no signal samples read.
Sleep-EDF Expanded v1.0.0,NOT_VERIFIED,SC4041E0-PSG.edf,NOT_VERIFIED,EEG Fpz-Cz,EEG,encoded in label; anatomical/reference interpretation requires contract review,100,uV,SC EMG envelope documented; CAP representation NOT_VERIFIED per channel,https://physionet.org/files/sleep-edfx/1.0.0/sleep-cassette/SC4041E0-PSG.edf,TRUE,Header-only; no signal samples read.
Sleep-EDF Expanded v1.0.0,NOT_VERIFIED,SC4041E0-PSG.edf,NOT_VERIFIED,EEG Pz-Oz,EEG,encoded in label; anatomical/reference interpretation requires contract review,100,uV,SC EMG envelope documented; CAP representation NOT_VERIFIED per channel,https://physionet.org/files/sleep-edfx/1.0.0/sleep-cassette/SC4041E0-PSG.edf,TRUE,Header-only; no signal samples read.
Sleep-EDF Expanded v1.0.0,NOT_VERIFIED,SC4041E0-PSG.edf,NOT_VERIFIED,EOG horizontal,EOG,encoded in label; anatomical/reference interpretation requires contract review,100,uV,SC EMG envelope documented; CAP representation NOT_VERIFIED per channel,https://physionet.org/files/sleep-edfx/1.0.0/sleep-cassette/SC4041E0-PSG.edf,TRUE,Header-only; no signal samples read.
Sleep-EDF Expanded v1.0.0,NOT_VERIFIED,SC4041E0-PSG.edf,NOT_VERIFIED,Resp oro-nasal,OTHER,encoded in label; anatomical/reference interpretation requires contract review,1,,SC EMG envelope documented; CAP representation NOT_VERIFIED per channel,https://physionet.org/files/sleep-edfx/1.0.0/sleep-cassette/SC4041E0-PSG.edf,TRUE,Header-only; no signal samples read.
Sleep-EDF Expanded v1.0.0,NOT_VERIFIED,SC4041E0-PSG.edf,NOT_VERIFIED,EMG submental,EMG,encoded in label; anatomical/reference interpretation requires contract review,1,uV,SC EMG envelope documented; CAP representation NOT_VERIFIED per channel,https://physionet.org/files/sleep-edfx/1.0.0/sleep-cassette/SC4041E0-PSG.edf,TRUE,Header-only; no signal samples read.
Sleep-EDF Expanded v1.0.0,NOT_VERIFIED,SC4041E0-PSG.edf,NOT_VERIFIED,Temp rectal,OTHER,encoded in label; anatomical/reference interpretation requires contract review,1,DegC,SC EMG envelope documented; CAP representation NOT_VERIFIED per channel,https://physionet.org/files/sleep-edfx/1.0.0/sleep-cassette/SC4041E0-PSG.edf,TRUE,Header-only; no signal samples read.
Sleep-EDF Expanded v1.0.0,NOT_VERIFIED,SC4041E0-PSG.edf,NOT_VERIFIED,Event marker,OTHER,encoded in label; anatomical/reference interpretation requires contract review,1,,SC EMG envelope documented; CAP representation NOT_VERIFIED per channel,https://physionet.org/files/sleep-edfx/1.0.0/sleep-cassette/SC4041E0-PSG.edf,TRUE,Header-only; no signal samples read.
Sleep-EDF Expanded v1.0.0,NOT_VERIFIED,SC4042E0-PSG.edf,NOT_VERIFIED,EEG Fpz-Cz,EEG,encoded in label; anatomical/reference interpretation requires contract review,100,uV,SC EMG envelope documented; CAP representation NOT_VERIFIED per channel,https://physionet.org/files/sleep-edfx/1.0.0/sleep-cassette/SC4042E0-PSG.edf,TRUE,Header-only; no signal samples read.
Sleep-EDF Expanded v1.0.0,NOT_VERIFIED,SC4042E0-PSG.edf,NOT_VERIFIED,EEG Pz-Oz,EEG,encoded in label; anatomical/reference interpretation requires contract review,100,uV,SC EMG envelope documented; CAP representation NOT_VERIFIED per channel,https://physionet.org/files/sleep-edfx/1.0.0/sleep-cassette/SC4042E0-PSG.edf,TRUE,Header-only; no signal samples read.
Sleep-EDF Expanded v1.0.0,NOT_VERIFIED,SC4042E0-PSG.edf,NOT_VERIFIED,EOG horizontal,EOG,encoded in label; anatomical/reference interpretation requires contract review,100,uV,SC EMG envelope documented; CAP representation NOT_VERIFIED per channel,https://physionet.org/files/sleep-edfx/1.0.0/sleep-cassette/SC4042E0-PSG.edf,TRUE,Header-only; no signal samples read.
Sleep-EDF Expanded v1.0.0,NOT_VERIFIED,SC4042E0-PSG.edf,NOT_VERIFIED,Resp oro-nasal,OTHER,encoded in label; anatomical/reference interpretation requires contract review,1,,SC EMG envelope documented; CAP representation NOT_VERIFIED per channel,https://physionet.org/files/sleep-edfx/1.0.0/sleep-cassette/SC4042E0-PSG.edf,TRUE,Header-only; no signal samples read.
Sleep-EDF Expanded v1.0.0,NOT_VERIFIED,SC4042E0-PSG.edf,NOT_VERIFIED,EMG submental,EMG,encoded in label; anatomical/reference interpretation requires contract review,1,uV,SC EMG envelope documented; CAP representation NOT_VERIFIED per channel,https://physionet.org/files/sleep-edfx/1.0.0/sleep-cassette/SC4042E0-PSG.edf,TRUE,Header-only; no signal samples read.
Sleep-EDF Expanded v1.0.0,NOT_VERIFIED,SC4042E0-PSG.edf,NOT_VERIFIED,Temp rectal,OTHER,encoded in label; anatomical/reference interpretation requires contract review,1,DegC,SC EMG envelope documented; CAP representation NOT_VERIFIED per channel,https://physionet.org/files/sleep-edfx/1.0.0/sleep-cassette/SC4042E0-PSG.edf,TRUE,Header-only; no signal samples read.
Sleep-EDF Expanded v1.0.0,NOT_VERIFIED,SC4042E0-PSG.edf,NOT_VERIFIED,Event marker,OTHER,encoded in label; anatomical/reference interpretation requires contract review,1,,SC EMG envelope documented; CAP representation NOT_VERIFIED per channel,https://physionet.org/files/sleep-edfx/1.0.0/sleep-cassette/SC4042E0-PSG.edf,TRUE,Header-only; no signal samples read.
Sleep-EDF Expanded v1.0.0,NOT_VERIFIED,SC4051E0-PSG.edf,NOT_VERIFIED,EEG Fpz-Cz,EEG,encoded in label; anatomical/reference interpretation requires contract review,100,uV,SC EMG envelope documented; CAP representation NOT_VERIFIED per channel,https://physionet.org/files/sleep-edfx/1.0.0/sleep-cassette/SC4051E0-PSG.edf,TRUE,Header-only; no signal samples read.
Sleep-EDF Expanded v1.0.0,NOT_VERIFIED,SC4051E0-PSG.edf,NOT_VERIFIED,EEG Pz-Oz,EEG,encoded in label; anatomical/reference interpretation requires contract review,100,uV,SC EMG envelope documented; CAP representation NOT_VERIFIED per channel,https://physionet.org/files/sleep-edfx/1.0.0/sleep-cassette/SC4051E0-PSG.edf,TRUE,Header-only; no signal samples read.
Sleep-EDF Expanded v1.0.0,NOT_VERIFIED,SC4051E0-PSG.edf,NOT_VERIFIED,EOG horizontal,EOG,encoded in label; anatomical/reference interpretation requires contract review,100,uV,SC EMG envelope documented; CAP representation NOT_VERIFIED per channel,https://physionet.org/files/sleep-edfx/1.0.0/sleep-cassette/SC4051E0-PSG.edf,TRUE,Header-only; no signal samples read.
Sleep-EDF Expanded v1.0.0,NOT_VERIFIED,SC4051E0-PSG.edf,NOT_VERIFIED,Resp oro-nasal,OTHER,encoded in label; anatomical/reference interpretation requires contract review,1,,SC EMG envelope documented; CAP representation NOT_VERIFIED per channel,https://physionet.org/files/sleep-edfx/1.0.0/sleep-cassette/SC4051E0-PSG.edf,TRUE,Header-only; no signal samples read.
Sleep-EDF Expanded v1.0.0,NOT_VERIFIED,SC4051E0-PSG.edf,NOT_VERIFIED,EMG submental,EMG,encoded in label; anatomical/reference interpretation requires contract review,1,uV,SC EMG envelope documented; CAP representation NOT_VERIFIED per channel,https://physionet.org/files/sleep-edfx/1.0.0/sleep-cassette/SC4051E0-PSG.edf,TRUE,Header-only; no signal samples read.
Sleep-EDF Expanded v1.0.0,NOT_VERIFIED,SC4051E0-PSG.edf,NOT_VERIFIED,Temp rectal,OTHER,encoded in label; anatomical/reference interpretation requires contract review,1,DegC,SC EMG envelope documented; CAP representation NOT_VERIFIED per channel,https://physionet.org/files/sleep-edfx/1.0.0/sleep-cassette/SC4051E0-PSG.edf,TRUE,Header-only; no signal samples read.
Sleep-EDF Expanded v1.0.0,NOT_VERIFIED,SC4051E0-PSG.edf,NOT_VERIFIED,Event marker,OTHER,encoded in label; anatomical/reference interpretation requires contract review,1,,SC EMG envelope documented; CAP representation NOT_VERIFIED per channel,https://physionet.org/files/sleep-edfx/1.0.0/sleep-cassette/SC4051E0-PSG.edf,TRUE,Header-only; no signal samples read.
Sleep-EDF Expanded v1.0.0,NOT_VERIFIED,SC4052E0-PSG.edf,NOT_VERIFIED,EEG Fpz-Cz,EEG,encoded in label; anatomical/reference interpretation requires contract review,100,uV,SC EMG envelope documented; CAP representation NOT_VERIFIED per channel,https://physionet.org/files/sleep-edfx/1.0.0/sleep-cassette/SC4052E0-PSG.edf,TRUE,Header-only; no signal samples read.
Sleep-EDF Expanded v1.0.0,NOT_VERIFIED,SC4052E0-PSG.edf,NOT_VERIFIED,EEG Pz-Oz,EEG,encoded in label; anatomical/reference interpretation requires contract review,100,uV,SC EMG envelope documented; CAP representation NOT_VERIFIED per channel,https://physionet.org/files/sleep-edfx/1.0.0/sleep-cassette/SC4052E0-PSG.edf,TRUE,Header-only; no signal samples read.
Sleep-EDF Expanded v1.0.0,NOT_VERIFIED,SC4052E0-PSG.edf,NOT_VERIFIED,EOG horizontal,EOG,encoded in label; anatomical/reference interpretation requires contract review,100,uV,SC EMG envelope documented; CAP representation NOT_VERIFIED per channel,https://physionet.org/files/sleep-edfx/1.0.0/sleep-cassette/SC4052E0-PSG.edf,TRUE,Header-only; no signal samples read.
Sleep-EDF Expanded v1.0.0,NOT_VERIFIED,SC4052E0-PSG.edf,NOT_VERIFIED,Resp oro-nasal,OTHER,encoded in label; anatomical/reference interpretation requires contract review,1,,SC EMG envelope documented; CAP representation NOT_VERIFIED per channel,https://physionet.org/files/sleep-edfx/1.0.0/sleep-cassette/SC4052E0-PSG.edf,TRUE,Header-only; no signal samples read.
Sleep-EDF Expanded v1.0.0,NOT_VERIFIED,SC4052E0-PSG.edf,NOT_VERIFIED,EMG submental,EMG,encoded in label; anatomical/reference interpretation requires contract review,1,uV,SC EMG envelope documented; CAP representation NOT_VERIFIED per channel,https://physionet.org/files/sleep-edfx/1.0.0/sleep-cassette/SC4052E0-PSG.edf,TRUE,Header-only; no signal samples read.
Sleep-EDF Expanded v1.0.0,NOT_VERIFIED,SC4052E0-PSG.edf,NOT_VERIFIED,Temp rectal,OTHER,encoded in label; anatomical/reference interpretation requires contract review,1,DegC,SC EMG envelope documented; CAP representation NOT_VERIFIED per channel,https://physionet.org/files/sleep-edfx/1.0.0/sleep-cassette/SC4052E0-PSG.edf,TRUE,Header-only; no signal samples read.
Sleep-EDF Expanded v1.0.0,NOT_VERIFIED,SC4052E0-PSG.edf,NOT_VERIFIED,Event marker,OTHER,encoded in label; anatomical/reference interpretation requires contract review,1,,SC EMG envelope documented; CAP representation NOT_VERIFIED per channel,https://physionet.org/files/sleep-edfx/1.0.0/sleep-cassette/SC4052E0-PSG.edf,TRUE,Header-only; no signal samples read.
Sleep-EDF Expanded v1.0.0,NOT_VERIFIED,SC4061E0-PSG.edf,NOT_VERIFIED,EEG Fpz-Cz,EEG,encoded in label; anatomical/reference interpretation requires contract review,100,uV,SC EMG envelope documented; CAP representation NOT_VERIFIED per channel,https://physionet.org/files/sleep-edfx/1.0.0/sleep-cassette/SC4061E0-PSG.edf,TRUE,Header-only; no signal samples read.
Sleep-EDF Expanded v1.0.0,NOT_VERIFIED,SC4061E0-PSG.edf,NOT_VERIFIED,EEG Pz-Oz,EEG,encoded in label; anatomical/reference interpretation requires contract review,100,uV,SC EMG envelope documented; CAP representation NOT_VERIFIED per channel,https://physionet.org/files/sleep-edfx/1.0.0/sleep-cassette/SC4061E0-PSG.edf,TRUE,Header-only; no signal samples read.
Sleep-EDF Expanded v1.0.0,NOT_VERIFIED,SC4061E0-PSG.edf,NOT_VERIFIED,EOG horizontal,EOG,encoded in label; anatomical/reference interpretation requires contract review,100,uV,SC EMG envelope documented; CAP representation NOT_VERIFIED per channel,https://physionet.org/files/sleep-edfx/1.0.0/sleep-cassette/SC4061E0-PSG.edf,TRUE,Header-only; no signal samples read.
Sleep-EDF Expanded v1.0.0,NOT_VERIFIED,SC4061E0-PSG.edf,NOT_VERIFIED,Resp oro-nasal,OTHER,encoded in label; anatomical/reference interpretation requires contract review,1,,SC EMG envelope documented; CAP representation NOT_VERIFIED per channel,https://physionet.org/files/sleep-edfx/1.0.0/sleep-cassette/SC4061E0-PSG.edf,TRUE,Header-only; no signal samples read.
Sleep-EDF Expanded v1.0.0,NOT_VERIFIED,SC4061E0-PSG.edf,NOT_VERIFIED,EMG submental,EMG,encoded in label; anatomical/reference interpretation requires contract review,1,uV,SC EMG envelope documented; CAP representation NOT_VERIFIED per channel,https://physionet.org/files/sleep-edfx/1.0.0/sleep-cassette/SC4061E0-PSG.edf,TRUE,Header-only; no signal samples read.
Sleep-EDF Expanded v1.0.0,NOT_VERIFIED,SC4061E0-PSG.edf,NOT_VERIFIED,Temp rectal,OTHER,encoded in label; anatomical/reference interpretation requires contract review,1,DegC,SC EMG envelope documented; CAP representation NOT_VERIFIED per channel,https://physionet.org/files/sleep-edfx/1.0.0/sleep-cassette/SC4061E0-PSG.edf,TRUE,Header-only; no signal samples read.
Sleep-EDF Expanded v1.0.0,NOT_VERIFIED,SC4061E0-PSG.edf,NOT_VERIFIED,Event marker,OTHER,encoded in label; anatomical/reference interpretation requires contract review,1,,SC EMG envelope documented; CAP representation NOT_VERIFIED per channel,https://physionet.org/files/sleep-edfx/1.0.0/sleep-cassette/SC4061E0-PSG.edf,TRUE,Header-only; no signal samples read.
Sleep-EDF Expanded v1.0.0,NOT_VERIFIED,SC4062E0-PSG.edf,NOT_VERIFIED,EEG Fpz-Cz,EEG,encoded in label; anatomical/reference interpretation requires contract review,100,uV,SC EMG envelope documented; CAP representation NOT_VERIFIED per channel,https://physionet.org/files/sleep-edfx/1.0.0/sleep-cassette/SC4062E0-PSG.edf,TRUE,Header-only; no signal samples read.
Sleep-EDF Expanded v1.0.0,NOT_VERIFIED,SC4062E0-PSG.edf,NOT_VERIFIED,EEG Pz-Oz,EEG,encoded in label; anatomical/reference interpretation requires contract review,100,uV,SC EMG envelope documented; CAP representation NOT_VERIFIED per channel,https://physionet.org/files/sleep-edfx/1.0.0/sleep-cassette/SC4062E0-PSG.edf,TRUE,Header-only; no signal samples read.
Sleep-EDF Expanded v1.0.0,NOT_VERIFIED,SC4062E0-PSG.edf,NOT_VERIFIED,EOG horizontal,EOG,encoded in label; anatomical/reference interpretation requires contract review,100,uV,SC EMG envelope documented; CAP representation NOT_VERIFIED per channel,https://physionet.org/files/sleep-edfx/1.0.0/sleep-cassette/SC4062E0-PSG.edf,TRUE,Header-only; no signal samples read.
Sleep-EDF Expanded v1.0.0,NOT_VERIFIED,SC4062E0-PSG.edf,NOT_VERIFIED,Resp oro-nasal,OTHER,encoded in label; anatomical/reference interpretation requires contract review,1,,SC EMG envelope documented; CAP representation NOT_VERIFIED per channel,https://physionet.org/files/sleep-edfx/1.0.0/sleep-cassette/SC4062E0-PSG.edf,TRUE,Header-only; no signal samples read.
Sleep-EDF Expanded v1.0.0,NOT_VERIFIED,SC4062E0-PSG.edf,NOT_VERIFIED,EMG submental,EMG,encoded in label; anatomical/reference interpretation requires contract review,1,uV,SC EMG envelope documented; CAP representation NOT_VERIFIED per channel,https://physionet.org/files/sleep-edfx/1.0.0/sleep-cassette/SC4062E0-PSG.edf,TRUE,Header-only; no signal samples read.
Sleep-EDF Expanded v1.0.0,NOT_VERIFIED,SC4062E0-PSG.edf,NOT_VERIFIED,Temp rectal,OTHER,encoded in label; anatomical/reference interpretation requires contract review,1,DegC,SC EMG envelope documented; CAP representation NOT_VERIFIED per channel,https://physionet.org/files/sleep-edfx/1.0.0/sleep-cassette/SC4062E0-PSG.edf,TRUE,Header-only; no signal samples read.
Sleep-EDF Expanded v1.0.0,NOT_VERIFIED,SC4062E0-PSG.edf,NOT_VERIFIED,Event marker,OTHER,encoded in label; anatomical/reference interpretation requires contract review,1,,SC EMG envelope documented; CAP representation NOT_VERIFIED per channel,https://physionet.org/files/sleep-edfx/1.0.0/sleep-cassette/SC4062E0-PSG.edf,TRUE,Header-only; no signal samples read.
Sleep-EDF Expanded v1.0.0,NOT_VERIFIED,SC4071E0-PSG.edf,NOT_VERIFIED,EEG Fpz-Cz,EEG,encoded in label; anatomical/reference interpretation requires contract review,100,uV,SC EMG envelope documented; CAP representation NOT_VERIFIED per channel,https://physionet.org/files/sleep-edfx/1.0.0/sleep-cassette/SC4071E0-PSG.edf,TRUE,Header-only; no signal samples read.
Sleep-EDF Expanded v1.0.0,NOT_VERIFIED,SC4071E0-PSG.edf,NOT_VERIFIED,EEG Pz-Oz,EEG,encoded in label; anatomical/reference interpretation requires contract review,100,uV,SC EMG envelope documented; CAP representation NOT_VERIFIED per channel,https://physionet.org/files/sleep-edfx/1.0.0/sleep-cassette/SC4071E0-PSG.edf,TRUE,Header-only; no signal samples read.
Sleep-EDF Expanded v1.0.0,NOT_VERIFIED,SC4071E0-PSG.edf,NOT_VERIFIED,EOG horizontal,EOG,encoded in label; anatomical/reference interpretation requires contract review,100,uV,SC EMG envelope documented; CAP representation NOT_VERIFIED per channel,https://physionet.org/files/sleep-edfx/1.0.0/sleep-cassette/SC4071E0-PSG.edf,TRUE,Header-only; no signal samples read.
Sleep-EDF Expanded v1.0.0,NOT_VERIFIED,SC4071E0-PSG.edf,NOT_VERIFIED,Resp oro-nasal,OTHER,encoded in label; anatomical/reference interpretation requires contract review,1,,SC EMG envelope documented; CAP representation NOT_VERIFIED per channel,https://physionet.org/files/sleep-edfx/1.0.0/sleep-cassette/SC4071E0-PSG.edf,TRUE,Header-only; no signal samples read.
Sleep-EDF Expanded v1.0.0,NOT_VERIFIED,SC4071E0-PSG.edf,NOT_VERIFIED,EMG submental,EMG,encoded in label; anatomical/reference interpretation requires contract review,1,uV,SC EMG envelope documented; CAP representation NOT_VERIFIED per channel,https://physionet.org/files/sleep-edfx/1.0.0/sleep-cassette/SC4071E0-PSG.edf,TRUE,Header-only; no signal samples read.
Sleep-EDF Expanded v1.0.0,NOT_VERIFIED,SC4071E0-PSG.edf,NOT_VERIFIED,Temp rectal,OTHER,encoded in label; anatomical/reference interpretation requires contract review,1,DegC,SC EMG envelope documented; CAP representation NOT_VERIFIED per channel,https://physionet.org/files/sleep-edfx/1.0.0/sleep-cassette/SC4071E0-PSG.edf,TRUE,Header-only; no signal samples read.
Sleep-EDF Expanded v1.0.0,NOT_VERIFIED,SC4071E0-PSG.edf,NOT_VERIFIED,Event marker,OTHER,encoded in label; anatomical/reference interpretation requires contract review,1,,SC EMG envelope documented; CAP representation NOT_VERIFIED per channel,https://physionet.org/files/sleep-edfx/1.0.0/sleep-cassette/SC4071E0-PSG.edf,TRUE,Header-only; no signal samples read.
Sleep-EDF Expanded v1.0.0,NOT_VERIFIED,SC4072E0-PSG.edf,NOT_VERIFIED,EEG Fpz-Cz,EEG,encoded in label; anatomical/reference interpretation requires contract review,100,uV,SC EMG envelope documented; CAP representation NOT_VERIFIED per channel,https://physionet.org/files/sleep-edfx/1.0.0/sleep-cassette/SC4072E0-PSG.edf,TRUE,Header-only; no signal samples read.
Sleep-EDF Expanded v1.0.0,NOT_VERIFIED,SC4072E0-PSG.edf,NOT_VERIFIED,EEG Pz-Oz,EEG,encoded in label; anatomical/reference interpretation requires contract review,100,uV,SC EMG envelope documented; CAP representation NOT_VERIFIED per channel,https://physionet.org/files/sleep-edfx/1.0.0/sleep-cassette/SC4072E0-PSG.edf,TRUE,Header-only; no signal samples read.
Sleep-EDF Expanded v1.0.0,NOT_VERIFIED,SC4072E0-PSG.edf,NOT_VERIFIED,EOG horizontal,EOG,encoded in label; anatomical/reference interpretation requires contract review,100,uV,SC EMG envelope documented; CAP representation NOT_VERIFIED per channel,https://physionet.org/files/sleep-edfx/1.0.0/sleep-cassette/SC4072E0-PSG.edf,TRUE,Header-only; no signal samples read.
Sleep-EDF Expanded v1.0.0,NOT_VERIFIED,SC4072E0-PSG.edf,NOT_VERIFIED,Resp oro-nasal,OTHER,encoded in label; anatomical/reference interpretation requires contract review,1,,SC EMG envelope documented; CAP representation NOT_VERIFIED per channel,https://physionet.org/files/sleep-edfx/1.0.0/sleep-cassette/SC4072E0-PSG.edf,TRUE,Header-only; no signal samples read.
Sleep-EDF Expanded v1.0.0,NOT_VERIFIED,SC4072E0-PSG.edf,NOT_VERIFIED,EMG submental,EMG,encoded in label; anatomical/reference interpretation requires contract review,1,uV,SC EMG envelope documented; CAP representation NOT_VERIFIED per channel,https://physionet.org/files/sleep-edfx/1.0.0/sleep-cassette/SC4072E0-PSG.edf,TRUE,Header-only; no signal samples read.
Sleep-EDF Expanded v1.0.0,NOT_VERIFIED,SC4072E0-PSG.edf,NOT_VERIFIED,Temp rectal,OTHER,encoded in label; anatomical/reference interpretation requires contract review,1,DegC,SC EMG envelope documented; CAP representation NOT_VERIFIED per channel,https://physionet.org/files/sleep-edfx/1.0.0/sleep-cassette/SC4072E0-PSG.edf,TRUE,Header-only; no signal samples read.
Sleep-EDF Expanded v1.0.0,NOT_VERIFIED,SC4072E0-PSG.edf,NOT_VERIFIED,Event marker,OTHER,encoded in label; anatomical/reference interpretation requires contract review,1,,SC EMG envelope documented; CAP representation NOT_VERIFIED per channel,https://physionet.org/files/sleep-edfx/1.0.0/sleep-cassette/SC4072E0-PSG.edf,TRUE,Header-only; no signal samples read.
Sleep-EDF Expanded v1.0.0,NOT_VERIFIED,SC4081E0-PSG.edf,NOT_VERIFIED,EEG Fpz-Cz,EEG,encoded in label; anatomical/reference interpretation requires contract review,100,uV,SC EMG envelope documented; CAP representation NOT_VERIFIED per channel,https://physionet.org/files/sleep-edfx/1.0.0/sleep-cassette/SC4081E0-PSG.edf,TRUE,Header-only; no signal samples read.
Sleep-EDF Expanded v1.0.0,NOT_VERIFIED,SC4081E0-PSG.edf,NOT_VERIFIED,EEG Pz-Oz,EEG,encoded in label; anatomical/reference interpretation requires contract review,100,uV,SC EMG envelope documented; CAP representation NOT_VERIFIED per channel,https://physionet.org/files/sleep-edfx/1.0.0/sleep-cassette/SC4081E0-PSG.edf,TRUE,Header-only; no signal samples read.
Sleep-EDF Expanded v1.0.0,NOT_VERIFIED,SC4081E0-PSG.edf,NOT_VERIFIED,EOG horizontal,EOG,encoded in label; anatomical/reference interpretation requires contract review,100,uV,SC EMG envelope documented; CAP representation NOT_VERIFIED per channel,https://physionet.org/files/sleep-edfx/1.0.0/sleep-cassette/SC4081E0-PSG.edf,TRUE,Header-only; no signal samples read.
Sleep-EDF Expanded v1.0.0,NOT_VERIFIED,SC4081E0-PSG.edf,NOT_VERIFIED,Resp oro-nasal,OTHER,encoded in label; anatomical/reference interpretation requires contract review,1,,SC EMG envelope documented; CAP representation NOT_VERIFIED per channel,https://physionet.org/files/sleep-edfx/1.0.0/sleep-cassette/SC4081E0-PSG.edf,TRUE,Header-only; no signal samples read.
Sleep-EDF Expanded v1.0.0,NOT_VERIFIED,SC4081E0-PSG.edf,NOT_VERIFIED,EMG submental,EMG,encoded in label; anatomical/reference interpretation requires contract review,1,uV,SC EMG envelope documented; CAP representation NOT_VERIFIED per channel,https://physionet.org/files/sleep-edfx/1.0.0/sleep-cassette/SC4081E0-PSG.edf,TRUE,Header-only; no signal samples read.
Sleep-EDF Expanded v1.0.0,NOT_VERIFIED,SC4081E0-PSG.edf,NOT_VERIFIED,Temp rectal,OTHER,encoded in label; anatomical/reference interpretation requires contract review,1,DegC,SC EMG envelope documented; CAP representation NOT_VERIFIED per channel,https://physionet.org/files/sleep-edfx/1.0.0/sleep-cassette/SC4081E0-PSG.edf,TRUE,Header-only; no signal samples read.
Sleep-EDF Expanded v1.0.0,NOT_VERIFIED,SC4081E0-PSG.edf,NOT_VERIFIED,Event marker,OTHER,encoded in label; anatomical/reference interpretation requires contract review,1,,SC EMG envelope documented; CAP representation NOT_VERIFIED per channel,https://physionet.org/files/sleep-edfx/1.0.0/sleep-cassette/SC4081E0-PSG.edf,TRUE,Header-only; no signal samples read.
Sleep-EDF Expanded v1.0.0,NOT_VERIFIED,SC4082E0-PSG.edf,NOT_VERIFIED,EEG Fpz-Cz,EEG,encoded in label; anatomical/reference interpretation requires contract review,100,uV,SC EMG envelope documented; CAP representation NOT_VERIFIED per channel,https://physionet.org/files/sleep-edfx/1.0.0/sleep-cassette/SC4082E0-PSG.edf,TRUE,Header-only; no signal samples read.
Sleep-EDF Expanded v1.0.0,NOT_VERIFIED,SC4082E0-PSG.edf,NOT_VERIFIED,EEG Pz-Oz,EEG,encoded in label; anatomical/reference interpretation requires contract review,100,uV,SC EMG envelope documented; CAP representation NOT_VERIFIED per channel,https://physionet.org/files/sleep-edfx/1.0.0/sleep-cassette/SC4082E0-PSG.edf,TRUE,Header-only; no signal samples read.
Sleep-EDF Expanded v1.0.0,NOT_VERIFIED,SC4082E0-PSG.edf,NOT_VERIFIED,EOG horizontal,EOG,encoded in label; anatomical/reference interpretation requires contract review,100,uV,SC EMG envelope documented; CAP representation NOT_VERIFIED per channel,https://physionet.org/files/sleep-edfx/1.0.0/sleep-cassette/SC4082E0-PSG.edf,TRUE,Header-only; no signal samples read.
Sleep-EDF Expanded v1.0.0,NOT_VERIFIED,SC4082E0-PSG.edf,NOT_VERIFIED,Resp oro-nasal,OTHER,encoded in label; anatomical/reference interpretation requires contract review,1,,SC EMG envelope documented; CAP representation NOT_VERIFIED per channel,https://physionet.org/files/sleep-edfx/1.0.0/sleep-cassette/SC4082E0-PSG.edf,TRUE,Header-only; no signal samples read.
Sleep-EDF Expanded v1.0.0,NOT_VERIFIED,SC4082E0-PSG.edf,NOT_VERIFIED,EMG submental,EMG,encoded in label; anatomical/reference interpretation requires contract review,1,uV,SC EMG envelope documented; CAP representation NOT_VERIFIED per channel,https://physionet.org/files/sleep-edfx/1.0.0/sleep-cassette/SC4082E0-PSG.edf,TRUE,Header-only; no signal samples read.
Sleep-EDF Expanded v1.0.0,NOT_VERIFIED,SC4082E0-PSG.edf,NOT_VERIFIED,Temp rectal,OTHER,encoded in label; anatomical/reference interpretation requires contract review,1,DegC,SC EMG envelope documented; CAP representation NOT_VERIFIED per channel,https://physionet.org/files/sleep-edfx/1.0.0/sleep-cassette/SC4082E0-PSG.edf,TRUE,Header-only; no signal samples read.
Sleep-EDF Expanded v1.0.0,NOT_VERIFIED,SC4082E0-PSG.edf,NOT_VERIFIED,Event marker,OTHER,encoded in label; anatomical/reference interpretation requires contract review,1,,SC EMG envelope documented; CAP representation NOT_VERIFIED per channel,https://physionet.org/files/sleep-edfx/1.0.0/sleep-cassette/SC4082E0-PSG.edf,TRUE,Header-only; no signal samples read.
Sleep-EDF Expanded v1.0.0,NOT_VERIFIED,SC4091E0-PSG.edf,NOT_VERIFIED,EEG Fpz-Cz,EEG,encoded in label; anatomical/reference interpretation requires contract review,100,uV,SC EMG envelope documented; CAP representation NOT_VERIFIED per channel,https://physionet.org/files/sleep-edfx/1.0.0/sleep-cassette/SC4091E0-PSG.edf,TRUE,Header-only; no signal samples read.
Sleep-EDF Expanded v1.0.0,NOT_VERIFIED,SC4091E0-PSG.edf,NOT_VERIFIED,EEG Pz-Oz,EEG,encoded in label; anatomical/reference interpretation requires contract review,100,uV,SC EMG envelope documented; CAP representation NOT_VERIFIED per channel,https://physionet.org/files/sleep-edfx/1.0.0/sleep-cassette/SC4091E0-PSG.edf,TRUE,Header-only; no signal samples read.
Sleep-EDF Expanded v1.0.0,NOT_VERIFIED,SC4091E0-PSG.edf,NOT_VERIFIED,EOG horizontal,EOG,encoded in label; anatomical/reference interpretation requires contract review,100,uV,SC EMG envelope documented; CAP representation NOT_VERIFIED per channel,https://physionet.org/files/sleep-edfx/1.0.0/sleep-cassette/SC4091E0-PSG.edf,TRUE,Header-only; no signal samples read.
Sleep-EDF Expanded v1.0.0,NOT_VERIFIED,SC4091E0-PSG.edf,NOT_VERIFIED,Resp oro-nasal,OTHER,encoded in label; anatomical/reference interpretation requires contract review,1,,SC EMG envelope documented; CAP representation NOT_VERIFIED per channel,https://physionet.org/files/sleep-edfx/1.0.0/sleep-cassette/SC4091E0-PSG.edf,TRUE,Header-only; no signal samples read.
Sleep-EDF Expanded v1.0.0,NOT_VERIFIED,SC4091E0-PSG.edf,NOT_VERIFIED,EMG submental,EMG,encoded in label; anatomical/reference interpretation requires contract review,1,uV,SC EMG envelope documented; CAP representation NOT_VERIFIED per channel,https://physionet.org/files/sleep-edfx/1.0.0/sleep-cassette/SC4091E0-PSG.edf,TRUE,Header-only; no signal samples read.
Sleep-EDF Expanded v1.0.0,NOT_VERIFIED,SC4091E0-PSG.edf,NOT_VERIFIED,Temp rectal,OTHER,encoded in label; anatomical/reference interpretation requires contract review,1,DegC,SC EMG envelope documented; CAP representation NOT_VERIFIED per channel,https://physionet.org/files/sleep-edfx/1.0.0/sleep-cassette/SC4091E0-PSG.edf,TRUE,Header-only; no signal samples read.
Sleep-EDF Expanded v1.0.0,NOT_VERIFIED,SC4091E0-PSG.edf,NOT_VERIFIED,Event marker,OTHER,encoded in label; anatomical/reference interpretation requires contract review,1,,SC EMG envelope documented; CAP representation NOT_VERIFIED per channel,https://physionet.org/files/sleep-edfx/1.0.0/sleep-cassette/SC4091E0-PSG.edf,TRUE,Header-only; no signal samples read.
Sleep-EDF Expanded v1.0.0,NOT_VERIFIED,SC4092E0-PSG.edf,NOT_VERIFIED,EEG Fpz-Cz,EEG,encoded in label; anatomical/reference interpretation requires contract review,100,uV,SC EMG envelope documented; CAP representation NOT_VERIFIED per channel,https://physionet.org/files/sleep-edfx/1.0.0/sleep-cassette/SC4092E0-PSG.edf,TRUE,Header-only; no signal samples read.
Sleep-EDF Expanded v1.0.0,NOT_VERIFIED,SC4092E0-PSG.edf,NOT_VERIFIED,EEG Pz-Oz,EEG,encoded in label; anatomical/reference interpretation requires contract review,100,uV,SC EMG envelope documented; CAP representation NOT_VERIFIED per channel,https://physionet.org/files/sleep-edfx/1.0.0/sleep-cassette/SC4092E0-PSG.edf,TRUE,Header-only; no signal samples read.
Sleep-EDF Expanded v1.0.0,NOT_VERIFIED,SC4092E0-PSG.edf,NOT_VERIFIED,EOG horizontal,EOG,encoded in label; anatomical/reference interpretation requires contract review,100,uV,SC EMG envelope documented; CAP representation NOT_VERIFIED per channel,https://physionet.org/files/sleep-edfx/1.0.0/sleep-cassette/SC4092E0-PSG.edf,TRUE,Header-only; no signal samples read.
Sleep-EDF Expanded v1.0.0,NOT_VERIFIED,SC4092E0-PSG.edf,NOT_VERIFIED,Resp oro-nasal,OTHER,encoded in label; anatomical/reference interpretation requires contract review,1,,SC EMG envelope documented; CAP representation NOT_VERIFIED per channel,https://physionet.org/files/sleep-edfx/1.0.0/sleep-cassette/SC4092E0-PSG.edf,TRUE,Header-only; no signal samples read.
Sleep-EDF Expanded v1.0.0,NOT_VERIFIED,SC4092E0-PSG.edf,NOT_VERIFIED,EMG submental,EMG,encoded in label; anatomical/reference interpretation requires contract review,1,uV,SC EMG envelope documented; CAP representation NOT_VERIFIED per channel,https://physionet.org/files/sleep-edfx/1.0.0/sleep-cassette/SC4092E0-PSG.edf,TRUE,Header-only; no signal samples read.
Sleep-EDF Expanded v1.0.0,NOT_VERIFIED,SC4092E0-PSG.edf,NOT_VERIFIED,Temp rectal,OTHER,encoded in label; anatomical/reference interpretation requires contract review,1,DegC,SC EMG envelope documented; CAP representation NOT_VERIFIED per channel,https://physionet.org/files/sleep-edfx/1.0.0/sleep-cassette/SC4092E0-PSG.edf,TRUE,Header-only; no signal samples read.
Sleep-EDF Expanded v1.0.0,NOT_VERIFIED,SC4092E0-PSG.edf,NOT_VERIFIED,Event marker,OTHER,encoded in label; anatomical/reference interpretation requires contract review,1,,SC EMG envelope documented; CAP representation NOT_VERIFIED per channel,https://physionet.org/files/sleep-edfx/1.0.0/sleep-cassette/SC4092E0-PSG.edf,TRUE,Header-only; no signal samples read.
Sleep-EDF Expanded v1.0.0,NOT_VERIFIED,SC4101E0-PSG.edf,NOT_VERIFIED,EEG Fpz-Cz,EEG,encoded in label; anatomical/reference interpretation requires contract review,100,uV,SC EMG envelope documented; CAP representation NOT_VERIFIED per channel,https://physionet.org/files/sleep-edfx/1.0.0/sleep-cassette/SC4101E0-PSG.edf,TRUE,Header-only; no signal samples read.
Sleep-EDF Expanded v1.0.0,NOT_VERIFIED,SC4101E0-PSG.edf,NOT_VERIFIED,EEG Pz-Oz,EEG,encoded in label; anatomical/reference interpretation requires contract review,100,uV,SC EMG envelope documented; CAP representation NOT_VERIFIED per channel,https://physionet.org/files/sleep-edfx/1.0.0/sleep-cassette/SC4101E0-PSG.edf,TRUE,Header-only; no signal samples read.
Sleep-EDF Expanded v1.0.0,NOT_VERIFIED,SC4101E0-PSG.edf,NOT_VERIFIED,EOG horizontal,EOG,encoded in label; anatomical/reference interpretation requires contract review,100,uV,SC EMG envelope documented; CAP representation NOT_VERIFIED per channel,https://physionet.org/files/sleep-edfx/1.0.0/sleep-cassette/SC4101E0-PSG.edf,TRUE,Header-only; no signal samples read.
Sleep-EDF Expanded v1.0.0,NOT_VERIFIED,SC4101E0-PSG.edf,NOT_VERIFIED,Resp oro-nasal,OTHER,encoded in label; anatomical/reference interpretation requires contract review,1,,SC EMG envelope documented; CAP representation NOT_VERIFIED per channel,https://physionet.org/files/sleep-edfx/1.0.0/sleep-cassette/SC4101E0-PSG.edf,TRUE,Header-only; no signal samples read.
Sleep-EDF Expanded v1.0.0,NOT_VERIFIED,SC4101E0-PSG.edf,NOT_VERIFIED,EMG submental,EMG,encoded in label; anatomical/reference interpretation requires contract review,1,uV,SC EMG envelope documented; CAP representation NOT_VERIFIED per channel,https://physionet.org/files/sleep-edfx/1.0.0/sleep-cassette/SC4101E0-PSG.edf,TRUE,Header-only; no signal samples read.
Sleep-EDF Expanded v1.0.0,NOT_VERIFIED,SC4101E0-PSG.edf,NOT_VERIFIED,Temp rectal,OTHER,encoded in label; anatomical/reference interpretation requires contract review,1,,SC EMG envelope documented; CAP representation NOT_VERIFIED per channel,https://physionet.org/files/sleep-edfx/1.0.0/sleep-cassette/SC4101E0-PSG.edf,TRUE,Header-only; no signal samples read.
Sleep-EDF Expanded v1.0.0,NOT_VERIFIED,SC4101E0-PSG.edf,NOT_VERIFIED,Event marker,OTHER,encoded in label; anatomical/reference interpretation requires contract review,1,,SC EMG envelope documented; CAP representation NOT_VERIFIED per channel,https://physionet.org/files/sleep-edfx/1.0.0/sleep-cassette/SC4101E0-PSG.edf,TRUE,Header-only; no signal samples read.
Sleep-EDF Expanded v1.0.0,NOT_VERIFIED,SC4102E0-PSG.edf,NOT_VERIFIED,EEG Fpz-Cz,EEG,encoded in label; anatomical/reference interpretation requires contract review,100,uV,SC EMG envelope documented; CAP representation NOT_VERIFIED per channel,https://physionet.org/files/sleep-edfx/1.0.0/sleep-cassette/SC4102E0-PSG.edf,TRUE,Header-only; no signal samples read.
Sleep-EDF Expanded v1.0.0,NOT_VERIFIED,SC4102E0-PSG.edf,NOT_VERIFIED,EEG Pz-Oz,EEG,encoded in label; anatomical/reference interpretation requires contract review,100,uV,SC EMG envelope documented; CAP representation NOT_VERIFIED per channel,https://physionet.org/files/sleep-edfx/1.0.0/sleep-cassette/SC4102E0-PSG.edf,TRUE,Header-only; no signal samples read.
Sleep-EDF Expanded v1.0.0,NOT_VERIFIED,SC4102E0-PSG.edf,NOT_VERIFIED,EOG horizontal,EOG,encoded in label; anatomical/reference interpretation requires contract review,100,uV,SC EMG envelope documented; CAP representation NOT_VERIFIED per channel,https://physionet.org/files/sleep-edfx/1.0.0/sleep-cassette/SC4102E0-PSG.edf,TRUE,Header-only; no signal samples read.
Sleep-EDF Expanded v1.0.0,NOT_VERIFIED,SC4102E0-PSG.edf,NOT_VERIFIED,Resp oro-nasal,OTHER,encoded in label; anatomical/reference interpretation requires contract review,1,,SC EMG envelope documented; CAP representation NOT_VERIFIED per channel,https://physionet.org/files/sleep-edfx/1.0.0/sleep-cassette/SC4102E0-PSG.edf,TRUE,Header-only; no signal samples read.
Sleep-EDF Expanded v1.0.0,NOT_VERIFIED,SC4102E0-PSG.edf,NOT_VERIFIED,EMG submental,EMG,encoded in label; anatomical/reference interpretation requires contract review,1,uV,SC EMG envelope documented; CAP representation NOT_VERIFIED per channel,https://physionet.org/files/sleep-edfx/1.0.0/sleep-cassette/SC4102E0-PSG.edf,TRUE,Header-only; no signal samples read.
Sleep-EDF Expanded v1.0.0,NOT_VERIFIED,SC4102E0-PSG.edf,NOT_VERIFIED,Temp rectal,OTHER,encoded in label; anatomical/reference interpretation requires contract review,1,,SC EMG envelope documented; CAP representation NOT_VERIFIED per channel,https://physionet.org/files/sleep-edfx/1.0.0/sleep-cassette/SC4102E0-PSG.edf,TRUE,Header-only; no signal samples read.
Sleep-EDF Expanded v1.0.0,NOT_VERIFIED,SC4102E0-PSG.edf,NOT_VERIFIED,Event marker,OTHER,encoded in label; anatomical/reference interpretation requires contract review,1,,SC EMG envelope documented; CAP representation NOT_VERIFIED per channel,https://physionet.org/files/sleep-edfx/1.0.0/sleep-cassette/SC4102E0-PSG.edf,TRUE,Header-only; no signal samples read.
Sleep-EDF Expanded v1.0.0,NOT_VERIFIED,SC4111E0-PSG.edf,NOT_VERIFIED,EEG Fpz-Cz,EEG,encoded in label; anatomical/reference interpretation requires contract review,100,uV,SC EMG envelope documented; CAP representation NOT_VERIFIED per channel,https://physionet.org/files/sleep-edfx/1.0.0/sleep-cassette/SC4111E0-PSG.edf,TRUE,Header-only; no signal samples read.
Sleep-EDF Expanded v1.0.0,NOT_VERIFIED,SC4111E0-PSG.edf,NOT_VERIFIED,EEG Pz-Oz,EEG,encoded in label; anatomical/reference interpretation requires contract review,100,uV,SC EMG envelope documented; CAP representation NOT_VERIFIED per channel,https://physionet.org/files/sleep-edfx/1.0.0/sleep-cassette/SC4111E0-PSG.edf,TRUE,Header-only; no signal samples read.
Sleep-EDF Expanded v1.0.0,NOT_VERIFIED,SC4111E0-PSG.edf,NOT_VERIFIED,EOG horizontal,EOG,encoded in label; anatomical/reference interpretation requires contract review,100,uV,SC EMG envelope documented; CAP representation NOT_VERIFIED per channel,https://physionet.org/files/sleep-edfx/1.0.0/sleep-cassette/SC4111E0-PSG.edf,TRUE,Header-only; no signal samples read.
Sleep-EDF Expanded v1.0.0,NOT_VERIFIED,SC4111E0-PSG.edf,NOT_VERIFIED,Resp oro-nasal,OTHER,encoded in label; anatomical/reference interpretation requires contract review,1,,SC EMG envelope documented; CAP representation NOT_VERIFIED per channel,https://physionet.org/files/sleep-edfx/1.0.0/sleep-cassette/SC4111E0-PSG.edf,TRUE,Header-only; no signal samples read.
Sleep-EDF Expanded v1.0.0,NOT_VERIFIED,SC4111E0-PSG.edf,NOT_VERIFIED,EMG submental,EMG,encoded in label; anatomical/reference interpretation requires contract review,1,uV,SC EMG envelope documented; CAP representation NOT_VERIFIED per channel,https://physionet.org/files/sleep-edfx/1.0.0/sleep-cassette/SC4111E0-PSG.edf,TRUE,Header-only; no signal samples read.
Sleep-EDF Expanded v1.0.0,NOT_VERIFIED,SC4111E0-PSG.edf,NOT_VERIFIED,Temp rectal,OTHER,encoded in label; anatomical/reference interpretation requires contract review,1,,SC EMG envelope documented; CAP representation NOT_VERIFIED per channel,https://physionet.org/files/sleep-edfx/1.0.0/sleep-cassette/SC4111E0-PSG.edf,TRUE,Header-only; no signal samples read.
Sleep-EDF Expanded v1.0.0,NOT_VERIFIED,SC4111E0-PSG.edf,NOT_VERIFIED,Event marker,OTHER,encoded in label; anatomical/reference interpretation requires contract review,1,,SC EMG envelope documented; CAP representation NOT_VERIFIED per channel,https://physionet.org/files/sleep-edfx/1.0.0/sleep-cassette/SC4111E0-PSG.edf,TRUE,Header-only; no signal samples read.
Sleep-EDF Expanded v1.0.0,NOT_VERIFIED,SC4112E0-PSG.edf,NOT_VERIFIED,EEG Fpz-Cz,EEG,encoded in label; anatomical/reference interpretation requires contract review,100,uV,SC EMG envelope documented; CAP representation NOT_VERIFIED per channel,https://physionet.org/files/sleep-edfx/1.0.0/sleep-cassette/SC4112E0-PSG.edf,TRUE,Header-only; no signal samples read.
Sleep-EDF Expanded v1.0.0,NOT_VERIFIED,SC4112E0-PSG.edf,NOT_VERIFIED,EEG Pz-Oz,EEG,encoded in label; anatomical/reference interpretation requires contract review,100,uV,SC EMG envelope documented; CAP representation NOT_VERIFIED per channel,https://physionet.org/files/sleep-edfx/1.0.0/sleep-cassette/SC4112E0-PSG.edf,TRUE,Header-only; no signal samples read.
Sleep-EDF Expanded v1.0.0,NOT_VERIFIED,SC4112E0-PSG.edf,NOT_VERIFIED,EOG horizontal,EOG,encoded in label; anatomical/reference interpretation requires contract review,100,uV,SC EMG envelope documented; CAP representation NOT_VERIFIED per channel,https://physionet.org/files/sleep-edfx/1.0.0/sleep-cassette/SC4112E0-PSG.edf,TRUE,Header-only; no signal samples read.
Sleep-EDF Expanded v1.0.0,NOT_VERIFIED,SC4112E0-PSG.edf,NOT_VERIFIED,Resp oro-nasal,OTHER,encoded in label; anatomical/reference interpretation requires contract review,1,,SC EMG envelope documented; CAP representation NOT_VERIFIED per channel,https://physionet.org/files/sleep-edfx/1.0.0/sleep-cassette/SC4112E0-PSG.edf,TRUE,Header-only; no signal samples read.
Sleep-EDF Expanded v1.0.0,NOT_VERIFIED,SC4112E0-PSG.edf,NOT_VERIFIED,EMG submental,EMG,encoded in label; anatomical/reference interpretation requires contract review,1,uV,SC EMG envelope documented; CAP representation NOT_VERIFIED per channel,https://physionet.org/files/sleep-edfx/1.0.0/sleep-cassette/SC4112E0-PSG.edf,TRUE,Header-only; no signal samples read.
Sleep-EDF Expanded v1.0.0,NOT_VERIFIED,SC4112E0-PSG.edf,NOT_VERIFIED,Temp rectal,OTHER,encoded in label; anatomical/reference interpretation requires contract review,1,,SC EMG envelope documented; CAP representation NOT_VERIFIED per channel,https://physionet.org/files/sleep-edfx/1.0.0/sleep-cassette/SC4112E0-PSG.edf,TRUE,Header-only; no signal samples read.
Sleep-EDF Expanded v1.0.0,NOT_VERIFIED,SC4112E0-PSG.edf,NOT_VERIFIED,Event marker,OTHER,encoded in label; anatomical/reference interpretation requires contract review,1,,SC EMG envelope documented; CAP representation NOT_VERIFIED per channel,https://physionet.org/files/sleep-edfx/1.0.0/sleep-cassette/SC4112E0-PSG.edf,TRUE,Header-only; no signal samples read.
Sleep-EDF Expanded v1.0.0,NOT_VERIFIED,SC4121E0-PSG.edf,NOT_VERIFIED,EEG Fpz-Cz,EEG,encoded in label; anatomical/reference interpretation requires contract review,100,uV,SC EMG envelope documented; CAP representation NOT_VERIFIED per channel,https://physionet.org/files/sleep-edfx/1.0.0/sleep-cassette/SC4121E0-PSG.edf,TRUE,Header-only; no signal samples read.
Sleep-EDF Expanded v1.0.0,NOT_VERIFIED,SC4121E0-PSG.edf,NOT_VERIFIED,EEG Pz-Oz,EEG,encoded in label; anatomical/reference interpretation requires contract review,100,uV,SC EMG envelope documented; CAP representation NOT_VERIFIED per channel,https://physionet.org/files/sleep-edfx/1.0.0/sleep-cassette/SC4121E0-PSG.edf,TRUE,Header-only; no signal samples read.
Sleep-EDF Expanded v1.0.0,NOT_VERIFIED,SC4121E0-PSG.edf,NOT_VERIFIED,EOG horizontal,EOG,encoded in label; anatomical/reference interpretation requires contract review,100,uV,SC EMG envelope documented; CAP representation NOT_VERIFIED per channel,https://physionet.org/files/sleep-edfx/1.0.0/sleep-cassette/SC4121E0-PSG.edf,TRUE,Header-only; no signal samples read.
Sleep-EDF Expanded v1.0.0,NOT_VERIFIED,SC4121E0-PSG.edf,NOT_VERIFIED,Resp oro-nasal,OTHER,encoded in label; anatomical/reference interpretation requires contract review,1,,SC EMG envelope documented; CAP representation NOT_VERIFIED per channel,https://physionet.org/files/sleep-edfx/1.0.0/sleep-cassette/SC4121E0-PSG.edf,TRUE,Header-only; no signal samples read.
Sleep-EDF Expanded v1.0.0,NOT_VERIFIED,SC4121E0-PSG.edf,NOT_VERIFIED,EMG submental,EMG,encoded in label; anatomical/reference interpretation requires contract review,1,uV,SC EMG envelope documented; CAP representation NOT_VERIFIED per channel,https://physionet.org/files/sleep-edfx/1.0.0/sleep-cassette/SC4121E0-PSG.edf,TRUE,Header-only; no signal samples read.
Sleep-EDF Expanded v1.0.0,NOT_VERIFIED,SC4121E0-PSG.edf,NOT_VERIFIED,Temp rectal,OTHER,encoded in label; anatomical/reference interpretation requires contract review,1,,SC EMG envelope documented; CAP representation NOT_VERIFIED per channel,https://physionet.org/files/sleep-edfx/1.0.0/sleep-cassette/SC4121E0-PSG.edf,TRUE,Header-only; no signal samples read.
Sleep-EDF Expanded v1.0.0,NOT_VERIFIED,SC4121E0-PSG.edf,NOT_VERIFIED,Event marker,OTHER,encoded in label; anatomical/reference interpretation requires contract review,1,,SC EMG envelope documented; CAP representation NOT_VERIFIED per channel,https://physionet.org/files/sleep-edfx/1.0.0/sleep-cassette/SC4121E0-PSG.edf,TRUE,Header-only; no signal samples read.
Sleep-EDF Expanded v1.0.0,NOT_VERIFIED,SC4122E0-PSG.edf,NOT_VERIFIED,EEG Fpz-Cz,EEG,encoded in label; anatomical/reference interpretation requires contract review,100,uV,SC EMG envelope documented; CAP representation NOT_VERIFIED per channel,https://physionet.org/files/sleep-edfx/1.0.0/sleep-cassette/SC4122E0-PSG.edf,TRUE,Header-only; no signal samples read.
Sleep-EDF Expanded v1.0.0,NOT_VERIFIED,SC4122E0-PSG.edf,NOT_VERIFIED,EEG Pz-Oz,EEG,encoded in label; anatomical/reference interpretation requires contract review,100,uV,SC EMG envelope documented; CAP representation NOT_VERIFIED per channel,https://physionet.org/files/sleep-edfx/1.0.0/sleep-cassette/SC4122E0-PSG.edf,TRUE,Header-only; no signal samples read.
Sleep-EDF Expanded v1.0.0,NOT_VERIFIED,SC4122E0-PSG.edf,NOT_VERIFIED,EOG horizontal,EOG,encoded in label; anatomical/reference interpretation requires contract review,100,uV,SC EMG envelope documented; CAP representation NOT_VERIFIED per channel,https://physionet.org/files/sleep-edfx/1.0.0/sleep-cassette/SC4122E0-PSG.edf,TRUE,Header-only; no signal samples read.
Sleep-EDF Expanded v1.0.0,NOT_VERIFIED,SC4122E0-PSG.edf,NOT_VERIFIED,Resp oro-nasal,OTHER,encoded in label; anatomical/reference interpretation requires contract review,1,,SC EMG envelope documented; CAP representation NOT_VERIFIED per channel,https://physionet.org/files/sleep-edfx/1.0.0/sleep-cassette/SC4122E0-PSG.edf,TRUE,Header-only; no signal samples read.
Sleep-EDF Expanded v1.0.0,NOT_VERIFIED,SC4122E0-PSG.edf,NOT_VERIFIED,EMG submental,EMG,encoded in label; anatomical/reference interpretation requires contract review,1,uV,SC EMG envelope documented; CAP representation NOT_VERIFIED per channel,https://physionet.org/files/sleep-edfx/1.0.0/sleep-cassette/SC4122E0-PSG.edf,TRUE,Header-only; no signal samples read.
Sleep-EDF Expanded v1.0.0,NOT_VERIFIED,SC4122E0-PSG.edf,NOT_VERIFIED,Temp rectal,OTHER,encoded in label; anatomical/reference interpretation requires contract review,1,,SC EMG envelope documented; CAP representation NOT_VERIFIED per channel,https://physionet.org/files/sleep-edfx/1.0.0/sleep-cassette/SC4122E0-PSG.edf,TRUE,Header-only; no signal samples read.
Sleep-EDF Expanded v1.0.0,NOT_VERIFIED,SC4122E0-PSG.edf,NOT_VERIFIED,Event marker,OTHER,encoded in label; anatomical/reference interpretation requires contract review,1,,SC EMG envelope documented; CAP representation NOT_VERIFIED per channel,https://physionet.org/files/sleep-edfx/1.0.0/sleep-cassette/SC4122E0-PSG.edf,TRUE,Header-only; no signal samples read.
Sleep-EDF Expanded v1.0.0,NOT_VERIFIED,SC4131E0-PSG.edf,NOT_VERIFIED,EEG Fpz-Cz,EEG,encoded in label; anatomical/reference interpretation requires contract review,100,uV,SC EMG envelope documented; CAP representation NOT_VERIFIED per channel,https://physionet.org/files/sleep-edfx/1.0.0/sleep-cassette/SC4131E0-PSG.edf,TRUE,Header-only; no signal samples read.
Sleep-EDF Expanded v1.0.0,NOT_VERIFIED,SC4131E0-PSG.edf,NOT_VERIFIED,EEG Pz-Oz,EEG,encoded in label; anatomical/reference interpretation requires contract review,100,uV,SC EMG envelope documented; CAP representation NOT_VERIFIED per channel,https://physionet.org/files/sleep-edfx/1.0.0/sleep-cassette/SC4131E0-PSG.edf,TRUE,Header-only; no signal samples read.
Sleep-EDF Expanded v1.0.0,NOT_VERIFIED,SC4131E0-PSG.edf,NOT_VERIFIED,EOG horizontal,EOG,encoded in label; anatomical/reference interpretation requires contract review,100,uV,SC EMG envelope documented; CAP representation NOT_VERIFIED per channel,https://physionet.org/files/sleep-edfx/1.0.0/sleep-cassette/SC4131E0-PSG.edf,TRUE,Header-only; no signal samples read.
Sleep-EDF Expanded v1.0.0,NOT_VERIFIED,SC4131E0-PSG.edf,NOT_VERIFIED,Resp oro-nasal,OTHER,encoded in label; anatomical/reference interpretation requires contract review,1,,SC EMG envelope documented; CAP representation NOT_VERIFIED per channel,https://physionet.org/files/sleep-edfx/1.0.0/sleep-cassette/SC4131E0-PSG.edf,TRUE,Header-only; no signal samples read.
Sleep-EDF Expanded v1.0.0,NOT_VERIFIED,SC4131E0-PSG.edf,NOT_VERIFIED,EMG submental,EMG,encoded in label; anatomical/reference interpretation requires contract review,1,uV,SC EMG envelope documented; CAP representation NOT_VERIFIED per channel,https://physionet.org/files/sleep-edfx/1.0.0/sleep-cassette/SC4131E0-PSG.edf,TRUE,Header-only; no signal samples read.
Sleep-EDF Expanded v1.0.0,NOT_VERIFIED,SC4131E0-PSG.edf,NOT_VERIFIED,Temp rectal,OTHER,encoded in label; anatomical/reference interpretation requires contract review,1,,SC EMG envelope documented; CAP representation NOT_VERIFIED per channel,https://physionet.org/files/sleep-edfx/1.0.0/sleep-cassette/SC4131E0-PSG.edf,TRUE,Header-only; no signal samples read.
Sleep-EDF Expanded v1.0.0,NOT_VERIFIED,SC4131E0-PSG.edf,NOT_VERIFIED,Event marker,OTHER,encoded in label; anatomical/reference interpretation requires contract review,1,,SC EMG envelope documented; CAP representation NOT_VERIFIED per channel,https://physionet.org/files/sleep-edfx/1.0.0/sleep-cassette/SC4131E0-PSG.edf,TRUE,Header-only; no signal samples read.
Sleep-EDF Expanded v1.0.0,NOT_VERIFIED,SC4141E0-PSG.edf,NOT_VERIFIED,EEG Fpz-Cz,EEG,encoded in label; anatomical/reference interpretation requires contract review,100,uV,SC EMG envelope documented; CAP representation NOT_VERIFIED per channel,https://physionet.org/files/sleep-edfx/1.0.0/sleep-cassette/SC4141E0-PSG.edf,TRUE,Header-only; no signal samples read.
Sleep-EDF Expanded v1.0.0,NOT_VERIFIED,SC4141E0-PSG.edf,NOT_VERIFIED,EEG Pz-Oz,EEG,encoded in label; anatomical/reference interpretation requires contract review,100,uV,SC EMG envelope documented; CAP representation NOT_VERIFIED per channel,https://physionet.org/files/sleep-edfx/1.0.0/sleep-cassette/SC4141E0-PSG.edf,TRUE,Header-only; no signal samples read.
Sleep-EDF Expanded v1.0.0,NOT_VERIFIED,SC4141E0-PSG.edf,NOT_VERIFIED,EOG horizontal,EOG,encoded in label; anatomical/reference interpretation requires contract review,100,uV,SC EMG envelope documented; CAP representation NOT_VERIFIED per channel,https://physionet.org/files/sleep-edfx/1.0.0/sleep-cassette/SC4141E0-PSG.edf,TRUE,Header-only; no signal samples read.
Sleep-EDF Expanded v1.0.0,NOT_VERIFIED,SC4141E0-PSG.edf,NOT_VERIFIED,Resp oro-nasal,OTHER,encoded in label; anatomical/reference interpretation requires contract review,1,,SC EMG envelope documented; CAP representation NOT_VERIFIED per channel,https://physionet.org/files/sleep-edfx/1.0.0/sleep-cassette/SC4141E0-PSG.edf,TRUE,Header-only; no signal samples read.
Sleep-EDF Expanded v1.0.0,NOT_VERIFIED,SC4141E0-PSG.edf,NOT_VERIFIED,EMG submental,EMG,encoded in label; anatomical/reference interpretation requires contract review,1,uV,SC EMG envelope documented; CAP representation NOT_VERIFIED per channel,https://physionet.org/files/sleep-edfx/1.0.0/sleep-cassette/SC4141E0-PSG.edf,TRUE,Header-only; no signal samples read.
Sleep-EDF Expanded v1.0.0,NOT_VERIFIED,SC4141E0-PSG.edf,NOT_VERIFIED,Temp rectal,OTHER,encoded in label; anatomical/reference interpretation requires contract review,1,DegC,SC EMG envelope documented; CAP representation NOT_VERIFIED per channel,https://physionet.org/files/sleep-edfx/1.0.0/sleep-cassette/SC4141E0-PSG.edf,TRUE,Header-only; no signal samples read.
Sleep-EDF Expanded v1.0.0,NOT_VERIFIED,SC4141E0-PSG.edf,NOT_VERIFIED,Event marker,OTHER,encoded in label; anatomical/reference interpretation requires contract review,1,,SC EMG envelope documented; CAP representation NOT_VERIFIED per channel,https://physionet.org/files/sleep-edfx/1.0.0/sleep-cassette/SC4141E0-PSG.edf,TRUE,Header-only; no signal samples read.
Sleep-EDF Expanded v1.0.0,NOT_VERIFIED,SC4142E0-PSG.edf,NOT_VERIFIED,EEG Fpz-Cz,EEG,encoded in label; anatomical/reference interpretation requires contract review,100,uV,SC EMG envelope documented; CAP representation NOT_VERIFIED per channel,https://physionet.org/files/sleep-edfx/1.0.0/sleep-cassette/SC4142E0-PSG.edf,TRUE,Header-only; no signal samples read.
Sleep-EDF Expanded v1.0.0,NOT_VERIFIED,SC4142E0-PSG.edf,NOT_VERIFIED,EEG Pz-Oz,EEG,encoded in label; anatomical/reference interpretation requires contract review,100,uV,SC EMG envelope documented; CAP representation NOT_VERIFIED per channel,https://physionet.org/files/sleep-edfx/1.0.0/sleep-cassette/SC4142E0-PSG.edf,TRUE,Header-only; no signal samples read.
Sleep-EDF Expanded v1.0.0,NOT_VERIFIED,SC4142E0-PSG.edf,NOT_VERIFIED,EOG horizontal,EOG,encoded in label; anatomical/reference interpretation requires contract review,100,uV,SC EMG envelope documented; CAP representation NOT_VERIFIED per channel,https://physionet.org/files/sleep-edfx/1.0.0/sleep-cassette/SC4142E0-PSG.edf,TRUE,Header-only; no signal samples read.
Sleep-EDF Expanded v1.0.0,NOT_VERIFIED,SC4142E0-PSG.edf,NOT_VERIFIED,Resp oro-nasal,OTHER,encoded in label; anatomical/reference interpretation requires contract review,1,,SC EMG envelope documented; CAP representation NOT_VERIFIED per channel,https://physionet.org/files/sleep-edfx/1.0.0/sleep-cassette/SC4142E0-PSG.edf,TRUE,Header-only; no signal samples read.
Sleep-EDF Expanded v1.0.0,NOT_VERIFIED,SC4142E0-PSG.edf,NOT_VERIFIED,EMG submental,EMG,encoded in label; anatomical/reference interpretation requires contract review,1,uV,SC EMG envelope documented; CAP representation NOT_VERIFIED per channel,https://physionet.org/files/sleep-edfx/1.0.0/sleep-cassette/SC4142E0-PSG.edf,TRUE,Header-only; no signal samples read.
Sleep-EDF Expanded v1.0.0,NOT_VERIFIED,SC4142E0-PSG.edf,NOT_VERIFIED,Temp rectal,OTHER,encoded in label; anatomical/reference interpretation requires contract review,1,DegC,SC EMG envelope documented; CAP representation NOT_VERIFIED per channel,https://physionet.org/files/sleep-edfx/1.0.0/sleep-cassette/SC4142E0-PSG.edf,TRUE,Header-only; no signal samples read.
Sleep-EDF Expanded v1.0.0,NOT_VERIFIED,SC4142E0-PSG.edf,NOT_VERIFIED,Event marker,OTHER,encoded in label; anatomical/reference interpretation requires contract review,1,,SC EMG envelope documented; CAP representation NOT_VERIFIED per channel,https://physionet.org/files/sleep-edfx/1.0.0/sleep-cassette/SC4142E0-PSG.edf,TRUE,Header-only; no signal samples read.
Sleep-EDF Expanded v1.0.0,NOT_VERIFIED,SC4151E0-PSG.edf,NOT_VERIFIED,EEG Fpz-Cz,EEG,encoded in label; anatomical/reference interpretation requires contract review,100,uV,SC EMG envelope documented; CAP representation NOT_VERIFIED per channel,https://physionet.org/files/sleep-edfx/1.0.0/sleep-cassette/SC4151E0-PSG.edf,TRUE,Header-only; no signal samples read.
Sleep-EDF Expanded v1.0.0,NOT_VERIFIED,SC4151E0-PSG.edf,NOT_VERIFIED,EEG Pz-Oz,EEG,encoded in label; anatomical/reference interpretation requires contract review,100,uV,SC EMG envelope documented; CAP representation NOT_VERIFIED per channel,https://physionet.org/files/sleep-edfx/1.0.0/sleep-cassette/SC4151E0-PSG.edf,TRUE,Header-only; no signal samples read.
Sleep-EDF Expanded v1.0.0,NOT_VERIFIED,SC4151E0-PSG.edf,NOT_VERIFIED,EOG horizontal,EOG,encoded in label; anatomical/reference interpretation requires contract review,100,uV,SC EMG envelope documented; CAP representation NOT_VERIFIED per channel,https://physionet.org/files/sleep-edfx/1.0.0/sleep-cassette/SC4151E0-PSG.edf,TRUE,Header-only; no signal samples read.
Sleep-EDF Expanded v1.0.0,NOT_VERIFIED,SC4151E0-PSG.edf,NOT_VERIFIED,Resp oro-nasal,OTHER,encoded in label; anatomical/reference interpretation requires contract review,1,,SC EMG envelope documented; CAP representation NOT_VERIFIED per channel,https://physionet.org/files/sleep-edfx/1.0.0/sleep-cassette/SC4151E0-PSG.edf,TRUE,Header-only; no signal samples read.
Sleep-EDF Expanded v1.0.0,NOT_VERIFIED,SC4151E0-PSG.edf,NOT_VERIFIED,EMG submental,EMG,encoded in label; anatomical/reference interpretation requires contract review,1,uV,SC EMG envelope documented; CAP representation NOT_VERIFIED per channel,https://physionet.org/files/sleep-edfx/1.0.0/sleep-cassette/SC4151E0-PSG.edf,TRUE,Header-only; no signal samples read.
Sleep-EDF Expanded v1.0.0,NOT_VERIFIED,SC4151E0-PSG.edf,NOT_VERIFIED,Temp rectal,OTHER,encoded in label; anatomical/reference interpretation requires contract review,1,DegC,SC EMG envelope documented; CAP representation NOT_VERIFIED per channel,https://physionet.org/files/sleep-edfx/1.0.0/sleep-cassette/SC4151E0-PSG.edf,TRUE,Header-only; no signal samples read.
Sleep-EDF Expanded v1.0.0,NOT_VERIFIED,SC4151E0-PSG.edf,NOT_VERIFIED,Event marker,OTHER,encoded in label; anatomical/reference interpretation requires contract review,1,,SC EMG envelope documented; CAP representation NOT_VERIFIED per channel,https://physionet.org/files/sleep-edfx/1.0.0/sleep-cassette/SC4151E0-PSG.edf,TRUE,Header-only; no signal samples read.
Sleep-EDF Expanded v1.0.0,NOT_VERIFIED,SC4152E0-PSG.edf,NOT_VERIFIED,EEG Fpz-Cz,EEG,encoded in label; anatomical/reference interpretation requires contract review,100,uV,SC EMG envelope documented; CAP representation NOT_VERIFIED per channel,https://physionet.org/files/sleep-edfx/1.0.0/sleep-cassette/SC4152E0-PSG.edf,TRUE,Header-only; no signal samples read.
Sleep-EDF Expanded v1.0.0,NOT_VERIFIED,SC4152E0-PSG.edf,NOT_VERIFIED,EEG Pz-Oz,EEG,encoded in label; anatomical/reference interpretation requires contract review,100,uV,SC EMG envelope documented; CAP representation NOT_VERIFIED per channel,https://physionet.org/files/sleep-edfx/1.0.0/sleep-cassette/SC4152E0-PSG.edf,TRUE,Header-only; no signal samples read.
Sleep-EDF Expanded v1.0.0,NOT_VERIFIED,SC4152E0-PSG.edf,NOT_VERIFIED,EOG horizontal,EOG,encoded in label; anatomical/reference interpretation requires contract review,100,uV,SC EMG envelope documented; CAP representation NOT_VERIFIED per channel,https://physionet.org/files/sleep-edfx/1.0.0/sleep-cassette/SC4152E0-PSG.edf,TRUE,Header-only; no signal samples read.
Sleep-EDF Expanded v1.0.0,NOT_VERIFIED,SC4152E0-PSG.edf,NOT_VERIFIED,Resp oro-nasal,OTHER,encoded in label; anatomical/reference interpretation requires contract review,1,,SC EMG envelope documented; CAP representation NOT_VERIFIED per channel,https://physionet.org/files/sleep-edfx/1.0.0/sleep-cassette/SC4152E0-PSG.edf,TRUE,Header-only; no signal samples read.
Sleep-EDF Expanded v1.0.0,NOT_VERIFIED,SC4152E0-PSG.edf,NOT_VERIFIED,EMG submental,EMG,encoded in label; anatomical/reference interpretation requires contract review,1,uV,SC EMG envelope documented; CAP representation NOT_VERIFIED per channel,https://physionet.org/files/sleep-edfx/1.0.0/sleep-cassette/SC4152E0-PSG.edf,TRUE,Header-only; no signal samples read.
Sleep-EDF Expanded v1.0.0,NOT_VERIFIED,SC4152E0-PSG.edf,NOT_VERIFIED,Temp rectal,OTHER,encoded in label; anatomical/reference interpretation requires contract review,1,DegC,SC EMG envelope documented; CAP representation NOT_VERIFIED per channel,https://physionet.org/files/sleep-edfx/1.0.0/sleep-cassette/SC4152E0-PSG.edf,TRUE,Header-only; no signal samples read.
Sleep-EDF Expanded v1.0.0,NOT_VERIFIED,SC4152E0-PSG.edf,NOT_VERIFIED,Event marker,OTHER,encoded in label; anatomical/reference interpretation requires contract review,1,,SC EMG envelope documented; CAP representation NOT_VERIFIED per channel,https://physionet.org/files/sleep-edfx/1.0.0/sleep-cassette/SC4152E0-PSG.edf,TRUE,Header-only; no signal samples read.
Sleep-EDF Expanded v1.0.0,NOT_VERIFIED,SC4161E0-PSG.edf,NOT_VERIFIED,EEG Fpz-Cz,EEG,encoded in label; anatomical/reference interpretation requires contract review,100,uV,SC EMG envelope documented; CAP representation NOT_VERIFIED per channel,https://physionet.org/files/sleep-edfx/1.0.0/sleep-cassette/SC4161E0-PSG.edf,TRUE,Header-only; no signal samples read.
Sleep-EDF Expanded v1.0.0,NOT_VERIFIED,SC4161E0-PSG.edf,NOT_VERIFIED,EEG Pz-Oz,EEG,encoded in label; anatomical/reference interpretation requires contract review,100,uV,SC EMG envelope documented; CAP representation NOT_VERIFIED per channel,https://physionet.org/files/sleep-edfx/1.0.0/sleep-cassette/SC4161E0-PSG.edf,TRUE,Header-only; no signal samples read.
Sleep-EDF Expanded v1.0.0,NOT_VERIFIED,SC4161E0-PSG.edf,NOT_VERIFIED,EOG horizontal,EOG,encoded in label; anatomical/reference interpretation requires contract review,100,uV,SC EMG envelope documented; CAP representation NOT_VERIFIED per channel,https://physionet.org/files/sleep-edfx/1.0.0/sleep-cassette/SC4161E0-PSG.edf,TRUE,Header-only; no signal samples read.
Sleep-EDF Expanded v1.0.0,NOT_VERIFIED,SC4161E0-PSG.edf,NOT_VERIFIED,Resp oro-nasal,OTHER,encoded in label; anatomical/reference interpretation requires contract review,1,,SC EMG envelope documented; CAP representation NOT_VERIFIED per channel,https://physionet.org/files/sleep-edfx/1.0.0/sleep-cassette/SC4161E0-PSG.edf,TRUE,Header-only; no signal samples read.
Sleep-EDF Expanded v1.0.0,NOT_VERIFIED,SC4161E0-PSG.edf,NOT_VERIFIED,EMG submental,EMG,encoded in label; anatomical/reference interpretation requires contract review,1,uV,SC EMG envelope documented; CAP representation NOT_VERIFIED per channel,https://physionet.org/files/sleep-edfx/1.0.0/sleep-cassette/SC4161E0-PSG.edf,TRUE,Header-only; no signal samples read.
Sleep-EDF Expanded v1.0.0,NOT_VERIFIED,SC4161E0-PSG.edf,NOT_VERIFIED,Temp rectal,OTHER,encoded in label; anatomical/reference interpretation requires contract review,1,DegC,SC EMG envelope documented; CAP representation NOT_VERIFIED per channel,https://physionet.org/files/sleep-edfx/1.0.0/sleep-cassette/SC4161E0-PSG.edf,TRUE,Header-only; no signal samples read.
Sleep-EDF Expanded v1.0.0,NOT_VERIFIED,SC4161E0-PSG.edf,NOT_VERIFIED,Event marker,OTHER,encoded in label; anatomical/reference interpretation requires contract review,1,,SC EMG envelope documented; CAP representation NOT_VERIFIED per channel,https://physionet.org/files/sleep-edfx/1.0.0/sleep-cassette/SC4161E0-PSG.edf,TRUE,Header-only; no signal samples read.
Sleep-EDF Expanded v1.0.0,NOT_VERIFIED,SC4162E0-PSG.edf,NOT_VERIFIED,EEG Fpz-Cz,EEG,encoded in label; anatomical/reference interpretation requires contract review,100,uV,SC EMG envelope documented; CAP representation NOT_VERIFIED per channel,https://physionet.org/files/sleep-edfx/1.0.0/sleep-cassette/SC4162E0-PSG.edf,TRUE,Header-only; no signal samples read.
Sleep-EDF Expanded v1.0.0,NOT_VERIFIED,SC4162E0-PSG.edf,NOT_VERIFIED,EEG Pz-Oz,EEG,encoded in label; anatomical/reference interpretation requires contract review,100,uV,SC EMG envelope documented; CAP representation NOT_VERIFIED per channel,https://physionet.org/files/sleep-edfx/1.0.0/sleep-cassette/SC4162E0-PSG.edf,TRUE,Header-only; no signal samples read.
Sleep-EDF Expanded v1.0.0,NOT_VERIFIED,SC4162E0-PSG.edf,NOT_VERIFIED,EOG horizontal,EOG,encoded in label; anatomical/reference interpretation requires contract review,100,uV,SC EMG envelope documented; CAP representation NOT_VERIFIED per channel,https://physionet.org/files/sleep-edfx/1.0.0/sleep-cassette/SC4162E0-PSG.edf,TRUE,Header-only; no signal samples read.
Sleep-EDF Expanded v1.0.0,NOT_VERIFIED,SC4162E0-PSG.edf,NOT_VERIFIED,Resp oro-nasal,OTHER,encoded in label; anatomical/reference interpretation requires contract review,1,,SC EMG envelope documented; CAP representation NOT_VERIFIED per channel,https://physionet.org/files/sleep-edfx/1.0.0/sleep-cassette/SC4162E0-PSG.edf,TRUE,Header-only; no signal samples read.
Sleep-EDF Expanded v1.0.0,NOT_VERIFIED,SC4162E0-PSG.edf,NOT_VERIFIED,EMG submental,EMG,encoded in label; anatomical/reference interpretation requires contract review,1,uV,SC EMG envelope documented; CAP representation NOT_VERIFIED per channel,https://physionet.org/files/sleep-edfx/1.0.0/sleep-cassette/SC4162E0-PSG.edf,TRUE,Header-only; no signal samples read.
Sleep-EDF Expanded v1.0.0,NOT_VERIFIED,SC4162E0-PSG.edf,NOT_VERIFIED,Temp rectal,OTHER,encoded in label; anatomical/reference interpretation requires contract review,1,DegC,SC EMG envelope documented; CAP representation NOT_VERIFIED per channel,https://physionet.org/files/sleep-edfx/1.0.0/sleep-cassette/SC4162E0-PSG.edf,TRUE,Header-only; no signal samples read.
Sleep-EDF Expanded v1.0.0,NOT_VERIFIED,SC4162E0-PSG.edf,NOT_VERIFIED,Event marker,OTHER,encoded in label; anatomical/reference interpretation requires contract review,1,,SC EMG envelope documented; CAP representation NOT_VERIFIED per channel,https://physionet.org/files/sleep-edfx/1.0.0/sleep-cassette/SC4162E0-PSG.edf,TRUE,Header-only; no signal samples read.
Sleep-EDF Expanded v1.0.0,NOT_VERIFIED,SC4171E0-PSG.edf,NOT_VERIFIED,EEG Fpz-Cz,EEG,encoded in label; anatomical/reference interpretation requires contract review,100,uV,SC EMG envelope documented; CAP representation NOT_VERIFIED per channel,https://physionet.org/files/sleep-edfx/1.0.0/sleep-cassette/SC4171E0-PSG.edf,TRUE,Header-only; no signal samples read.
Sleep-EDF Expanded v1.0.0,NOT_VERIFIED,SC4171E0-PSG.edf,NOT_VERIFIED,EEG Pz-Oz,EEG,encoded in label; anatomical/reference interpretation requires contract review,100,uV,SC EMG envelope documented; CAP representation NOT_VERIFIED per channel,https://physionet.org/files/sleep-edfx/1.0.0/sleep-cassette/SC4171E0-PSG.edf,TRUE,Header-only; no signal samples read.
Sleep-EDF Expanded v1.0.0,NOT_VERIFIED,SC4171E0-PSG.edf,NOT_VERIFIED,EOG horizontal,EOG,encoded in label; anatomical/reference interpretation requires contract review,100,uV,SC EMG envelope documented; CAP representation NOT_VERIFIED per channel,https://physionet.org/files/sleep-edfx/1.0.0/sleep-cassette/SC4171E0-PSG.edf,TRUE,Header-only; no signal samples read.
Sleep-EDF Expanded v1.0.0,NOT_VERIFIED,SC4171E0-PSG.edf,NOT_VERIFIED,Resp oro-nasal,OTHER,encoded in label; anatomical/reference interpretation requires contract review,1,,SC EMG envelope documented; CAP representation NOT_VERIFIED per channel,https://physionet.org/files/sleep-edfx/1.0.0/sleep-cassette/SC4171E0-PSG.edf,TRUE,Header-only; no signal samples read.
Sleep-EDF Expanded v1.0.0,NOT_VERIFIED,SC4171E0-PSG.edf,NOT_VERIFIED,EMG submental,EMG,encoded in label; anatomical/reference interpretation requires contract review,1,uV,SC EMG envelope documented; CAP representation NOT_VERIFIED per channel,https://physionet.org/files/sleep-edfx/1.0.0/sleep-cassette/SC4171E0-PSG.edf,TRUE,Header-only; no signal samples read.
Sleep-EDF Expanded v1.0.0,NOT_VERIFIED,SC4171E0-PSG.edf,NOT_VERIFIED,Temp rectal,OTHER,encoded in label; anatomical/reference interpretation requires contract review,1,DegC,SC EMG envelope documented; CAP representation NOT_VERIFIED per channel,https://physionet.org/files/sleep-edfx/1.0.0/sleep-cassette/SC4171E0-PSG.edf,TRUE,Header-only; no signal samples read.
Sleep-EDF Expanded v1.0.0,NOT_VERIFIED,SC4171E0-PSG.edf,NOT_VERIFIED,Event marker,OTHER,encoded in label; anatomical/reference interpretation requires contract review,1,,SC EMG envelope documented; CAP representation NOT_VERIFIED per channel,https://physionet.org/files/sleep-edfx/1.0.0/sleep-cassette/SC4171E0-PSG.edf,TRUE,Header-only; no signal samples read.
Sleep-EDF Expanded v1.0.0,NOT_VERIFIED,SC4172E0-PSG.edf,NOT_VERIFIED,EEG Fpz-Cz,EEG,encoded in label; anatomical/reference interpretation requires contract review,100,uV,SC EMG envelope documented; CAP representation NOT_VERIFIED per channel,https://physionet.org/files/sleep-edfx/1.0.0/sleep-cassette/SC4172E0-PSG.edf,TRUE,Header-only; no signal samples read.
Sleep-EDF Expanded v1.0.0,NOT_VERIFIED,SC4172E0-PSG.edf,NOT_VERIFIED,EEG Pz-Oz,EEG,encoded in label; anatomical/reference interpretation requires contract review,100,uV,SC EMG envelope documented; CAP representation NOT_VERIFIED per channel,https://physionet.org/files/sleep-edfx/1.0.0/sleep-cassette/SC4172E0-PSG.edf,TRUE,Header-only; no signal samples read.
Sleep-EDF Expanded v1.0.0,NOT_VERIFIED,SC4172E0-PSG.edf,NOT_VERIFIED,EOG horizontal,EOG,encoded in label; anatomical/reference interpretation requires contract review,100,uV,SC EMG envelope documented; CAP representation NOT_VERIFIED per channel,https://physionet.org/files/sleep-edfx/1.0.0/sleep-cassette/SC4172E0-PSG.edf,TRUE,Header-only; no signal samples read.
Sleep-EDF Expanded v1.0.0,NOT_VERIFIED,SC4172E0-PSG.edf,NOT_VERIFIED,Resp oro-nasal,OTHER,encoded in label; anatomical/reference interpretation requires contract review,1,,SC EMG envelope documented; CAP representation NOT_VERIFIED per channel,https://physionet.org/files/sleep-edfx/1.0.0/sleep-cassette/SC4172E0-PSG.edf,TRUE,Header-only; no signal samples read.
Sleep-EDF Expanded v1.0.0,NOT_VERIFIED,SC4172E0-PSG.edf,NOT_VERIFIED,EMG submental,EMG,encoded in label; anatomical/reference interpretation requires contract review,1,uV,SC EMG envelope documented; CAP representation NOT_VERIFIED per channel,https://physionet.org/files/sleep-edfx/1.0.0/sleep-cassette/SC4172E0-PSG.edf,TRUE,Header-only; no signal samples read.
Sleep-EDF Expanded v1.0.0,NOT_VERIFIED,SC4172E0-PSG.edf,NOT_VERIFIED,Temp rectal,OTHER,encoded in label; anatomical/reference interpretation requires contract review,1,DegC,SC EMG envelope documented; CAP representation NOT_VERIFIED per channel,https://physionet.org/files/sleep-edfx/1.0.0/sleep-cassette/SC4172E0-PSG.edf,TRUE,Header-only; no signal samples read.
Sleep-EDF Expanded v1.0.0,NOT_VERIFIED,SC4172E0-PSG.edf,NOT_VERIFIED,Event marker,OTHER,encoded in label; anatomical/reference interpretation requires contract review,1,,SC EMG envelope documented; CAP representation NOT_VERIFIED per channel,https://physionet.org/files/sleep-edfx/1.0.0/sleep-cassette/SC4172E0-PSG.edf,TRUE,Header-only; no signal samples read.
Sleep-EDF Expanded v1.0.0,NOT_VERIFIED,SC4181E0-PSG.edf,NOT_VERIFIED,EEG Fpz-Cz,EEG,encoded in label; anatomical/reference interpretation requires contract review,100,uV,SC EMG envelope documented; CAP representation NOT_VERIFIED per channel,https://physionet.org/files/sleep-edfx/1.0.0/sleep-cassette/SC4181E0-PSG.edf,TRUE,Header-only; no signal samples read.
Sleep-EDF Expanded v1.0.0,NOT_VERIFIED,SC4181E0-PSG.edf,NOT_VERIFIED,EEG Pz-Oz,EEG,encoded in label; anatomical/reference interpretation requires contract review,100,uV,SC EMG envelope documented; CAP representation NOT_VERIFIED per channel,https://physionet.org/files/sleep-edfx/1.0.0/sleep-cassette/SC4181E0-PSG.edf,TRUE,Header-only; no signal samples read.
Sleep-EDF Expanded v1.0.0,NOT_VERIFIED,SC4181E0-PSG.edf,NOT_VERIFIED,EOG horizontal,EOG,encoded in label; anatomical/reference interpretation requires contract review,100,uV,SC EMG envelope documented; CAP representation NOT_VERIFIED per channel,https://physionet.org/files/sleep-edfx/1.0.0/sleep-cassette/SC4181E0-PSG.edf,TRUE,Header-only; no signal samples read.
Sleep-EDF Expanded v1.0.0,NOT_VERIFIED,SC4181E0-PSG.edf,NOT_VERIFIED,Resp oro-nasal,OTHER,encoded in label; anatomical/reference interpretation requires contract review,1,,SC EMG envelope documented; CAP representation NOT_VERIFIED per channel,https://physionet.org/files/sleep-edfx/1.0.0/sleep-cassette/SC4181E0-PSG.edf,TRUE,Header-only; no signal samples read.
Sleep-EDF Expanded v1.0.0,NOT_VERIFIED,SC4181E0-PSG.edf,NOT_VERIFIED,EMG submental,EMG,encoded in label; anatomical/reference interpretation requires contract review,1,uV,SC EMG envelope documented; CAP representation NOT_VERIFIED per channel,https://physionet.org/files/sleep-edfx/1.0.0/sleep-cassette/SC4181E0-PSG.edf,TRUE,Header-only; no signal samples read.
Sleep-EDF Expanded v1.0.0,NOT_VERIFIED,SC4181E0-PSG.edf,NOT_VERIFIED,Temp rectal,OTHER,encoded in label; anatomical/reference interpretation requires contract review,1,DegC,SC EMG envelope documented; CAP representation NOT_VERIFIED per channel,https://physionet.org/files/sleep-edfx/1.0.0/sleep-cassette/SC4181E0-PSG.edf,TRUE,Header-only; no signal samples read.
Sleep-EDF Expanded v1.0.0,NOT_VERIFIED,SC4181E0-PSG.edf,NOT_VERIFIED,Event marker,OTHER,encoded in label; anatomical/reference interpretation requires contract review,1,,SC EMG envelope documented; CAP representation NOT_VERIFIED per channel,https://physionet.org/files/sleep-edfx/1.0.0/sleep-cassette/SC4181E0-PSG.edf,TRUE,Header-only; no signal samples read.
Sleep-EDF Expanded v1.0.0,NOT_VERIFIED,SC4182E0-PSG.edf,NOT_VERIFIED,EEG Fpz-Cz,EEG,encoded in label; anatomical/reference interpretation requires contract review,100,uV,SC EMG envelope documented; CAP representation NOT_VERIFIED per channel,https://physionet.org/files/sleep-edfx/1.0.0/sleep-cassette/SC4182E0-PSG.edf,TRUE,Header-only; no signal samples read.
Sleep-EDF Expanded v1.0.0,NOT_VERIFIED,SC4182E0-PSG.edf,NOT_VERIFIED,EEG Pz-Oz,EEG,encoded in label; anatomical/reference interpretation requires contract review,100,uV,SC EMG envelope documented; CAP representation NOT_VERIFIED per channel,https://physionet.org/files/sleep-edfx/1.0.0/sleep-cassette/SC4182E0-PSG.edf,TRUE,Header-only; no signal samples read.
Sleep-EDF Expanded v1.0.0,NOT_VERIFIED,SC4182E0-PSG.edf,NOT_VERIFIED,EOG horizontal,EOG,encoded in label; anatomical/reference interpretation requires contract review,100,uV,SC EMG envelope documented; CAP representation NOT_VERIFIED per channel,https://physionet.org/files/sleep-edfx/1.0.0/sleep-cassette/SC4182E0-PSG.edf,TRUE,Header-only; no signal samples read.
Sleep-EDF Expanded v1.0.0,NOT_VERIFIED,SC4182E0-PSG.edf,NOT_VERIFIED,Resp oro-nasal,OTHER,encoded in label; anatomical/reference interpretation requires contract review,1,,SC EMG envelope documented; CAP representation NOT_VERIFIED per channel,https://physionet.org/files/sleep-edfx/1.0.0/sleep-cassette/SC4182E0-PSG.edf,TRUE,Header-only; no signal samples read.
Sleep-EDF Expanded v1.0.0,NOT_VERIFIED,SC4182E0-PSG.edf,NOT_VERIFIED,EMG submental,EMG,encoded in label; anatomical/reference interpretation requires contract review,1,uV,SC EMG envelope documented; CAP representation NOT_VERIFIED per channel,https://physionet.org/files/sleep-edfx/1.0.0/sleep-cassette/SC4182E0-PSG.edf,TRUE,Header-only; no signal samples read.
Sleep-EDF Expanded v1.0.0,NOT_VERIFIED,SC4182E0-PSG.edf,NOT_VERIFIED,Temp rectal,OTHER,encoded in label; anatomical/reference interpretation requires contract review,1,DegC,SC EMG envelope documented; CAP representation NOT_VERIFIED per channel,https://physionet.org/files/sleep-edfx/1.0.0/sleep-cassette/SC4182E0-PSG.edf,TRUE,Header-only; no signal samples read.
Sleep-EDF Expanded v1.0.0,NOT_VERIFIED,SC4182E0-PSG.edf,NOT_VERIFIED,Event marker,OTHER,encoded in label; anatomical/reference interpretation requires contract review,1,,SC EMG envelope documented; CAP representation NOT_VERIFIED per channel,https://physionet.org/files/sleep-edfx/1.0.0/sleep-cassette/SC4182E0-PSG.edf,TRUE,Header-only; no signal samples read.
Sleep-EDF Expanded v1.0.0,NOT_VERIFIED,SC4191E0-PSG.edf,NOT_VERIFIED,EEG Fpz-Cz,EEG,encoded in label; anatomical/reference interpretation requires contract review,100,uV,SC EMG envelope documented; CAP representation NOT_VERIFIED per channel,https://physionet.org/files/sleep-edfx/1.0.0/sleep-cassette/SC4191E0-PSG.edf,TRUE,Header-only; no signal samples read.
Sleep-EDF Expanded v1.0.0,NOT_VERIFIED,SC4191E0-PSG.edf,NOT_VERIFIED,EEG Pz-Oz,EEG,encoded in label; anatomical/reference interpretation requires contract review,100,uV,SC EMG envelope documented; CAP representation NOT_VERIFIED per channel,https://physionet.org/files/sleep-edfx/1.0.0/sleep-cassette/SC4191E0-PSG.edf,TRUE,Header-only; no signal samples read.
Sleep-EDF Expanded v1.0.0,NOT_VERIFIED,SC4191E0-PSG.edf,NOT_VERIFIED,EOG horizontal,EOG,encoded in label; anatomical/reference interpretation requires contract review,100,uV,SC EMG envelope documented; CAP representation NOT_VERIFIED per channel,https://physionet.org/files/sleep-edfx/1.0.0/sleep-cassette/SC4191E0-PSG.edf,TRUE,Header-only; no signal samples read.
Sleep-EDF Expanded v1.0.0,NOT_VERIFIED,SC4191E0-PSG.edf,NOT_VERIFIED,Resp oro-nasal,OTHER,encoded in label; anatomical/reference interpretation requires contract review,1,,SC EMG envelope documented; CAP representation NOT_VERIFIED per channel,https://physionet.org/files/sleep-edfx/1.0.0/sleep-cassette/SC4191E0-PSG.edf,TRUE,Header-only; no signal samples read.
Sleep-EDF Expanded v1.0.0,NOT_VERIFIED,SC4191E0-PSG.edf,NOT_VERIFIED,EMG submental,EMG,encoded in label; anatomical/reference interpretation requires contract review,1,uV,SC EMG envelope documented; CAP representation NOT_VERIFIED per channel,https://physionet.org/files/sleep-edfx/1.0.0/sleep-cassette/SC4191E0-PSG.edf,TRUE,Header-only; no signal samples read.
Sleep-EDF Expanded v1.0.0,NOT_VERIFIED,SC4191E0-PSG.edf,NOT_VERIFIED,Temp rectal,OTHER,encoded in label; anatomical/reference interpretation requires contract review,1,DegC,SC EMG envelope documented; CAP representation NOT_VERIFIED per channel,https://physionet.org/files/sleep-edfx/1.0.0/sleep-cassette/SC4191E0-PSG.edf,TRUE,Header-only; no signal samples read.
Sleep-EDF Expanded v1.0.0,NOT_VERIFIED,SC4191E0-PSG.edf,NOT_VERIFIED,Event marker,OTHER,encoded in label; anatomical/reference interpretation requires contract review,1,,SC EMG envelope documented; CAP representation NOT_VERIFIED per channel,https://physionet.org/files/sleep-edfx/1.0.0/sleep-cassette/SC4191E0-PSG.edf,TRUE,Header-only; no signal samples read.
Sleep-EDF Expanded v1.0.0,NOT_VERIFIED,SC4192E0-PSG.edf,NOT_VERIFIED,EEG Fpz-Cz,EEG,encoded in label; anatomical/reference interpretation requires contract review,100,uV,SC EMG envelope documented; CAP representation NOT_VERIFIED per channel,https://physionet.org/files/sleep-edfx/1.0.0/sleep-cassette/SC4192E0-PSG.edf,TRUE,Header-only; no signal samples read.
Sleep-EDF Expanded v1.0.0,NOT_VERIFIED,SC4192E0-PSG.edf,NOT_VERIFIED,EEG Pz-Oz,EEG,encoded in label; anatomical/reference interpretation requires contract review,100,uV,SC EMG envelope documented; CAP representation NOT_VERIFIED per channel,https://physionet.org/files/sleep-edfx/1.0.0/sleep-cassette/SC4192E0-PSG.edf,TRUE,Header-only; no signal samples read.
Sleep-EDF Expanded v1.0.0,NOT_VERIFIED,SC4192E0-PSG.edf,NOT_VERIFIED,EOG horizontal,EOG,encoded in label; anatomical/reference interpretation requires contract review,100,uV,SC EMG envelope documented; CAP representation NOT_VERIFIED per channel,https://physionet.org/files/sleep-edfx/1.0.0/sleep-cassette/SC4192E0-PSG.edf,TRUE,Header-only; no signal samples read.
Sleep-EDF Expanded v1.0.0,NOT_VERIFIED,SC4192E0-PSG.edf,NOT_VERIFIED,Resp oro-nasal,OTHER,encoded in label; anatomical/reference interpretation requires contract review,1,,SC EMG envelope documented; CAP representation NOT_VERIFIED per channel,https://physionet.org/files/sleep-edfx/1.0.0/sleep-cassette/SC4192E0-PSG.edf,TRUE,Header-only; no signal samples read.
Sleep-EDF Expanded v1.0.0,NOT_VERIFIED,SC4192E0-PSG.edf,NOT_VERIFIED,EMG submental,EMG,encoded in label; anatomical/reference interpretation requires contract review,1,uV,SC EMG envelope documented; CAP representation NOT_VERIFIED per channel,https://physionet.org/files/sleep-edfx/1.0.0/sleep-cassette/SC4192E0-PSG.edf,TRUE,Header-only; no signal samples read.
Sleep-EDF Expanded v1.0.0,NOT_VERIFIED,SC4192E0-PSG.edf,NOT_VERIFIED,Temp rectal,OTHER,encoded in label; anatomical/reference interpretation requires contract review,1,DegC,SC EMG envelope documented; CAP representation NOT_VERIFIED per channel,https://physionet.org/files/sleep-edfx/1.0.0/sleep-cassette/SC4192E0-PSG.edf,TRUE,Header-only; no signal samples read.
Sleep-EDF Expanded v1.0.0,NOT_VERIFIED,SC4192E0-PSG.edf,NOT_VERIFIED,Event marker,OTHER,encoded in label; anatomical/reference interpretation requires contract review,1,,SC EMG envelope documented; CAP representation NOT_VERIFIED per channel,https://physionet.org/files/sleep-edfx/1.0.0/sleep-cassette/SC4192E0-PSG.edf,TRUE,Header-only; no signal samples read.
Sleep-EDF Expanded v1.0.0,NOT_VERIFIED,SC4201E0-PSG.edf,NOT_VERIFIED,EEG Fpz-Cz,EEG,encoded in label; anatomical/reference interpretation requires contract review,100,uV,SC EMG envelope documented; CAP representation NOT_VERIFIED per channel,https://physionet.org/files/sleep-edfx/1.0.0/sleep-cassette/SC4201E0-PSG.edf,TRUE,Header-only; no signal samples read.
Sleep-EDF Expanded v1.0.0,NOT_VERIFIED,SC4201E0-PSG.edf,NOT_VERIFIED,EEG Pz-Oz,EEG,encoded in label; anatomical/reference interpretation requires contract review,100,uV,SC EMG envelope documented; CAP representation NOT_VERIFIED per channel,https://physionet.org/files/sleep-edfx/1.0.0/sleep-cassette/SC4201E0-PSG.edf,TRUE,Header-only; no signal samples read.
Sleep-EDF Expanded v1.0.0,NOT_VERIFIED,SC4201E0-PSG.edf,NOT_VERIFIED,EOG horizontal,EOG,encoded in label; anatomical/reference interpretation requires contract review,100,uV,SC EMG envelope documented; CAP representation NOT_VERIFIED per channel,https://physionet.org/files/sleep-edfx/1.0.0/sleep-cassette/SC4201E0-PSG.edf,TRUE,Header-only; no signal samples read.
Sleep-EDF Expanded v1.0.0,NOT_VERIFIED,SC4201E0-PSG.edf,NOT_VERIFIED,Resp oro-nasal,OTHER,encoded in label; anatomical/reference interpretation requires contract review,1,,SC EMG envelope documented; CAP representation NOT_VERIFIED per channel,https://physionet.org/files/sleep-edfx/1.0.0/sleep-cassette/SC4201E0-PSG.edf,TRUE,Header-only; no signal samples read.
Sleep-EDF Expanded v1.0.0,NOT_VERIFIED,SC4201E0-PSG.edf,NOT_VERIFIED,EMG submental,EMG,encoded in label; anatomical/reference interpretation requires contract review,1,uV,SC EMG envelope documented; CAP representation NOT_VERIFIED per channel,https://physionet.org/files/sleep-edfx/1.0.0/sleep-cassette/SC4201E0-PSG.edf,TRUE,Header-only; no signal samples read.
Sleep-EDF Expanded v1.0.0,NOT_VERIFIED,SC4201E0-PSG.edf,NOT_VERIFIED,Temp rectal,OTHER,encoded in label; anatomical/reference interpretation requires contract review,1,,SC EMG envelope documented; CAP representation NOT_VERIFIED per channel,https://physionet.org/files/sleep-edfx/1.0.0/sleep-cassette/SC4201E0-PSG.edf,TRUE,Header-only; no signal samples read.
Sleep-EDF Expanded v1.0.0,NOT_VERIFIED,SC4201E0-PSG.edf,NOT_VERIFIED,Event marker,OTHER,encoded in label; anatomical/reference interpretation requires contract review,1,,SC EMG envelope documented; CAP representation NOT_VERIFIED per channel,https://physionet.org/files/sleep-edfx/1.0.0/sleep-cassette/SC4201E0-PSG.edf,TRUE,Header-only; no signal samples read.
Sleep-EDF Expanded v1.0.0,NOT_VERIFIED,SC4202E0-PSG.edf,NOT_VERIFIED,EEG Fpz-Cz,EEG,encoded in label; anatomical/reference interpretation requires contract review,100,uV,SC EMG envelope documented; CAP representation NOT_VERIFIED per channel,https://physionet.org/files/sleep-edfx/1.0.0/sleep-cassette/SC4202E0-PSG.edf,TRUE,Header-only; no signal samples read.
Sleep-EDF Expanded v1.0.0,NOT_VERIFIED,SC4202E0-PSG.edf,NOT_VERIFIED,EEG Pz-Oz,EEG,encoded in label; anatomical/reference interpretation requires contract review,100,uV,SC EMG envelope documented; CAP representation NOT_VERIFIED per channel,https://physionet.org/files/sleep-edfx/1.0.0/sleep-cassette/SC4202E0-PSG.edf,TRUE,Header-only; no signal samples read.
Sleep-EDF Expanded v1.0.0,NOT_VERIFIED,SC4202E0-PSG.edf,NOT_VERIFIED,EOG horizontal,EOG,encoded in label; anatomical/reference interpretation requires contract review,100,uV,SC EMG envelope documented; CAP representation NOT_VERIFIED per channel,https://physionet.org/files/sleep-edfx/1.0.0/sleep-cassette/SC4202E0-PSG.edf,TRUE,Header-only; no signal samples read.
Sleep-EDF Expanded v1.0.0,NOT_VERIFIED,SC4202E0-PSG.edf,NOT_VERIFIED,Resp oro-nasal,OTHER,encoded in label; anatomical/reference interpretation requires contract review,1,,SC EMG envelope documented; CAP representation NOT_VERIFIED per channel,https://physionet.org/files/sleep-edfx/1.0.0/sleep-cassette/SC4202E0-PSG.edf,TRUE,Header-only; no signal samples read.
Sleep-EDF Expanded v1.0.0,NOT_VERIFIED,SC4202E0-PSG.edf,NOT_VERIFIED,EMG submental,EMG,encoded in label; anatomical/reference interpretation requires contract review,1,uV,SC EMG envelope documented; CAP representation NOT_VERIFIED per channel,https://physionet.org/files/sleep-edfx/1.0.0/sleep-cassette/SC4202E0-PSG.edf,TRUE,Header-only; no signal samples read.
Sleep-EDF Expanded v1.0.0,NOT_VERIFIED,SC4202E0-PSG.edf,NOT_VERIFIED,Temp rectal,OTHER,encoded in label; anatomical/reference interpretation requires contract review,1,,SC EMG envelope documented; CAP representation NOT_VERIFIED per channel,https://physionet.org/files/sleep-edfx/1.0.0/sleep-cassette/SC4202E0-PSG.edf,TRUE,Header-only; no signal samples read.
Sleep-EDF Expanded v1.0.0,NOT_VERIFIED,SC4202E0-PSG.edf,NOT_VERIFIED,Event marker,OTHER,encoded in label; anatomical/reference interpretation requires contract review,1,,SC EMG envelope documented; CAP representation NOT_VERIFIED per channel,https://physionet.org/files/sleep-edfx/1.0.0/sleep-cassette/SC4202E0-PSG.edf,TRUE,Header-only; no signal samples read.
Sleep-EDF Expanded v1.0.0,NOT_VERIFIED,SC4211E0-PSG.edf,NOT_VERIFIED,EEG Fpz-Cz,EEG,encoded in label; anatomical/reference interpretation requires contract review,100,uV,SC EMG envelope documented; CAP representation NOT_VERIFIED per channel,https://physionet.org/files/sleep-edfx/1.0.0/sleep-cassette/SC4211E0-PSG.edf,TRUE,Header-only; no signal samples read.
Sleep-EDF Expanded v1.0.0,NOT_VERIFIED,SC4211E0-PSG.edf,NOT_VERIFIED,EEG Pz-Oz,EEG,encoded in label; anatomical/reference interpretation requires contract review,100,uV,SC EMG envelope documented; CAP representation NOT_VERIFIED per channel,https://physionet.org/files/sleep-edfx/1.0.0/sleep-cassette/SC4211E0-PSG.edf,TRUE,Header-only; no signal samples read.
Sleep-EDF Expanded v1.0.0,NOT_VERIFIED,SC4211E0-PSG.edf,NOT_VERIFIED,EOG horizontal,EOG,encoded in label; anatomical/reference interpretation requires contract review,100,uV,SC EMG envelope documented; CAP representation NOT_VERIFIED per channel,https://physionet.org/files/sleep-edfx/1.0.0/sleep-cassette/SC4211E0-PSG.edf,TRUE,Header-only; no signal samples read.
Sleep-EDF Expanded v1.0.0,NOT_VERIFIED,SC4211E0-PSG.edf,NOT_VERIFIED,Resp oro-nasal,OTHER,encoded in label; anatomical/reference interpretation requires contract review,1,,SC EMG envelope documented; CAP representation NOT_VERIFIED per channel,https://physionet.org/files/sleep-edfx/1.0.0/sleep-cassette/SC4211E0-PSG.edf,TRUE,Header-only; no signal samples read.
Sleep-EDF Expanded v1.0.0,NOT_VERIFIED,SC4211E0-PSG.edf,NOT_VERIFIED,EMG submental,EMG,encoded in label; anatomical/reference interpretation requires contract review,1,uV,SC EMG envelope documented; CAP representation NOT_VERIFIED per channel,https://physionet.org/files/sleep-edfx/1.0.0/sleep-cassette/SC4211E0-PSG.edf,TRUE,Header-only; no signal samples read.
Sleep-EDF Expanded v1.0.0,NOT_VERIFIED,SC4211E0-PSG.edf,NOT_VERIFIED,Temp rectal,OTHER,encoded in label; anatomical/reference interpretation requires contract review,1,DegC,SC EMG envelope documented; CAP representation NOT_VERIFIED per channel,https://physionet.org/files/sleep-edfx/1.0.0/sleep-cassette/SC4211E0-PSG.edf,TRUE,Header-only; no signal samples read.
Sleep-EDF Expanded v1.0.0,NOT_VERIFIED,SC4211E0-PSG.edf,NOT_VERIFIED,Event marker,OTHER,encoded in label; anatomical/reference interpretation requires contract review,1,,SC EMG envelope documented; CAP representation NOT_VERIFIED per channel,https://physionet.org/files/sleep-edfx/1.0.0/sleep-cassette/SC4211E0-PSG.edf,TRUE,Header-only; no signal samples read.
Sleep-EDF Expanded v1.0.0,NOT_VERIFIED,SC4212E0-PSG.edf,NOT_VERIFIED,EEG Fpz-Cz,EEG,encoded in label; anatomical/reference interpretation requires contract review,100,uV,SC EMG envelope documented; CAP representation NOT_VERIFIED per channel,https://physionet.org/files/sleep-edfx/1.0.0/sleep-cassette/SC4212E0-PSG.edf,TRUE,Header-only; no signal samples read.
Sleep-EDF Expanded v1.0.0,NOT_VERIFIED,SC4212E0-PSG.edf,NOT_VERIFIED,EEG Pz-Oz,EEG,encoded in label; anatomical/reference interpretation requires contract review,100,uV,SC EMG envelope documented; CAP representation NOT_VERIFIED per channel,https://physionet.org/files/sleep-edfx/1.0.0/sleep-cassette/SC4212E0-PSG.edf,TRUE,Header-only; no signal samples read.
Sleep-EDF Expanded v1.0.0,NOT_VERIFIED,SC4212E0-PSG.edf,NOT_VERIFIED,EOG horizontal,EOG,encoded in label; anatomical/reference interpretation requires contract review,100,uV,SC EMG envelope documented; CAP representation NOT_VERIFIED per channel,https://physionet.org/files/sleep-edfx/1.0.0/sleep-cassette/SC4212E0-PSG.edf,TRUE,Header-only; no signal samples read.
Sleep-EDF Expanded v1.0.0,NOT_VERIFIED,SC4212E0-PSG.edf,NOT_VERIFIED,Resp oro-nasal,OTHER,encoded in label; anatomical/reference interpretation requires contract review,1,,SC EMG envelope documented; CAP representation NOT_VERIFIED per channel,https://physionet.org/files/sleep-edfx/1.0.0/sleep-cassette/SC4212E0-PSG.edf,TRUE,Header-only; no signal samples read.
Sleep-EDF Expanded v1.0.0,NOT_VERIFIED,SC4212E0-PSG.edf,NOT_VERIFIED,EMG submental,EMG,encoded in label; anatomical/reference interpretation requires contract review,1,uV,SC EMG envelope documented; CAP representation NOT_VERIFIED per channel,https://physionet.org/files/sleep-edfx/1.0.0/sleep-cassette/SC4212E0-PSG.edf,TRUE,Header-only; no signal samples read.
Sleep-EDF Expanded v1.0.0,NOT_VERIFIED,SC4212E0-PSG.edf,NOT_VERIFIED,Temp rectal,OTHER,encoded in label; anatomical/reference interpretation requires contract review,1,DegC,SC EMG envelope documented; CAP representation NOT_VERIFIED per channel,https://physionet.org/files/sleep-edfx/1.0.0/sleep-cassette/SC4212E0-PSG.edf,TRUE,Header-only; no signal samples read.
Sleep-EDF Expanded v1.0.0,NOT_VERIFIED,SC4212E0-PSG.edf,NOT_VERIFIED,Event marker,OTHER,encoded in label; anatomical/reference interpretation requires contract review,1,,SC EMG envelope documented; CAP representation NOT_VERIFIED per channel,https://physionet.org/files/sleep-edfx/1.0.0/sleep-cassette/SC4212E0-PSG.edf,TRUE,Header-only; no signal samples read.
Sleep-EDF Expanded v1.0.0,NOT_VERIFIED,SC4221E0-PSG.edf,NOT_VERIFIED,EEG Fpz-Cz,EEG,encoded in label; anatomical/reference interpretation requires contract review,100,uV,SC EMG envelope documented; CAP representation NOT_VERIFIED per channel,https://physionet.org/files/sleep-edfx/1.0.0/sleep-cassette/SC4221E0-PSG.edf,TRUE,Header-only; no signal samples read.
Sleep-EDF Expanded v1.0.0,NOT_VERIFIED,SC4221E0-PSG.edf,NOT_VERIFIED,EEG Pz-Oz,EEG,encoded in label; anatomical/reference interpretation requires contract review,100,uV,SC EMG envelope documented; CAP representation NOT_VERIFIED per channel,https://physionet.org/files/sleep-edfx/1.0.0/sleep-cassette/SC4221E0-PSG.edf,TRUE,Header-only; no signal samples read.
Sleep-EDF Expanded v1.0.0,NOT_VERIFIED,SC4221E0-PSG.edf,NOT_VERIFIED,EOG horizontal,EOG,encoded in label; anatomical/reference interpretation requires contract review,100,uV,SC EMG envelope documented; CAP representation NOT_VERIFIED per channel,https://physionet.org/files/sleep-edfx/1.0.0/sleep-cassette/SC4221E0-PSG.edf,TRUE,Header-only; no signal samples read.
Sleep-EDF Expanded v1.0.0,NOT_VERIFIED,SC4221E0-PSG.edf,NOT_VERIFIED,Resp oro-nasal,OTHER,encoded in label; anatomical/reference interpretation requires contract review,1,,SC EMG envelope documented; CAP representation NOT_VERIFIED per channel,https://physionet.org/files/sleep-edfx/1.0.0/sleep-cassette/SC4221E0-PSG.edf,TRUE,Header-only; no signal samples read.
Sleep-EDF Expanded v1.0.0,NOT_VERIFIED,SC4221E0-PSG.edf,NOT_VERIFIED,EMG submental,EMG,encoded in label; anatomical/reference interpretation requires contract review,1,uV,SC EMG envelope documented; CAP representation NOT_VERIFIED per channel,https://physionet.org/files/sleep-edfx/1.0.0/sleep-cassette/SC4221E0-PSG.edf,TRUE,Header-only; no signal samples read.
Sleep-EDF Expanded v1.0.0,NOT_VERIFIED,SC4221E0-PSG.edf,NOT_VERIFIED,Temp rectal,OTHER,encoded in label; anatomical/reference interpretation requires contract review,1,,SC EMG envelope documented; CAP representation NOT_VERIFIED per channel,https://physionet.org/files/sleep-edfx/1.0.0/sleep-cassette/SC4221E0-PSG.edf,TRUE,Header-only; no signal samples read.
Sleep-EDF Expanded v1.0.0,NOT_VERIFIED,SC4221E0-PSG.edf,NOT_VERIFIED,Event marker,OTHER,encoded in label; anatomical/reference interpretation requires contract review,1,,SC EMG envelope documented; CAP representation NOT_VERIFIED per channel,https://physionet.org/files/sleep-edfx/1.0.0/sleep-cassette/SC4221E0-PSG.edf,TRUE,Header-only; no signal samples read.
Sleep-EDF Expanded v1.0.0,NOT_VERIFIED,SC4222E0-PSG.edf,NOT_VERIFIED,EEG Fpz-Cz,EEG,encoded in label; anatomical/reference interpretation requires contract review,100,uV,SC EMG envelope documented; CAP representation NOT_VERIFIED per channel,https://physionet.org/files/sleep-edfx/1.0.0/sleep-cassette/SC4222E0-PSG.edf,TRUE,Header-only; no signal samples read.
Sleep-EDF Expanded v1.0.0,NOT_VERIFIED,SC4222E0-PSG.edf,NOT_VERIFIED,EEG Pz-Oz,EEG,encoded in label; anatomical/reference interpretation requires contract review,100,uV,SC EMG envelope documented; CAP representation NOT_VERIFIED per channel,https://physionet.org/files/sleep-edfx/1.0.0/sleep-cassette/SC4222E0-PSG.edf,TRUE,Header-only; no signal samples read.
Sleep-EDF Expanded v1.0.0,NOT_VERIFIED,SC4222E0-PSG.edf,NOT_VERIFIED,EOG horizontal,EOG,encoded in label; anatomical/reference interpretation requires contract review,100,uV,SC EMG envelope documented; CAP representation NOT_VERIFIED per channel,https://physionet.org/files/sleep-edfx/1.0.0/sleep-cassette/SC4222E0-PSG.edf,TRUE,Header-only; no signal samples read.
Sleep-EDF Expanded v1.0.0,NOT_VERIFIED,SC4222E0-PSG.edf,NOT_VERIFIED,Resp oro-nasal,OTHER,encoded in label; anatomical/reference interpretation requires contract review,1,,SC EMG envelope documented; CAP representation NOT_VERIFIED per channel,https://physionet.org/files/sleep-edfx/1.0.0/sleep-cassette/SC4222E0-PSG.edf,TRUE,Header-only; no signal samples read.
Sleep-EDF Expanded v1.0.0,NOT_VERIFIED,SC4222E0-PSG.edf,NOT_VERIFIED,EMG submental,EMG,encoded in label; anatomical/reference interpretation requires contract review,1,uV,SC EMG envelope documented; CAP representation NOT_VERIFIED per channel,https://physionet.org/files/sleep-edfx/1.0.0/sleep-cassette/SC4222E0-PSG.edf,TRUE,Header-only; no signal samples read.
Sleep-EDF Expanded v1.0.0,NOT_VERIFIED,SC4222E0-PSG.edf,NOT_VERIFIED,Temp rectal,OTHER,encoded in label; anatomical/reference interpretation requires contract review,1,,SC EMG envelope documented; CAP representation NOT_VERIFIED per channel,https://physionet.org/files/sleep-edfx/1.0.0/sleep-cassette/SC4222E0-PSG.edf,TRUE,Header-only; no signal samples read.
Sleep-EDF Expanded v1.0.0,NOT_VERIFIED,SC4222E0-PSG.edf,NOT_VERIFIED,Event marker,OTHER,encoded in label; anatomical/reference interpretation requires contract review,1,,SC EMG envelope documented; CAP representation NOT_VERIFIED per channel,https://physionet.org/files/sleep-edfx/1.0.0/sleep-cassette/SC4222E0-PSG.edf,TRUE,Header-only; no signal samples read.
Sleep-EDF Expanded v1.0.0,NOT_VERIFIED,SC4231E0-PSG.edf,NOT_VERIFIED,EEG Fpz-Cz,EEG,encoded in label; anatomical/reference interpretation requires contract review,100,uV,SC EMG envelope documented; CAP representation NOT_VERIFIED per channel,https://physionet.org/files/sleep-edfx/1.0.0/sleep-cassette/SC4231E0-PSG.edf,TRUE,Header-only; no signal samples read.
Sleep-EDF Expanded v1.0.0,NOT_VERIFIED,SC4231E0-PSG.edf,NOT_VERIFIED,EEG Pz-Oz,EEG,encoded in label; anatomical/reference interpretation requires contract review,100,uV,SC EMG envelope documented; CAP representation NOT_VERIFIED per channel,https://physionet.org/files/sleep-edfx/1.0.0/sleep-cassette/SC4231E0-PSG.edf,TRUE,Header-only; no signal samples read.
Sleep-EDF Expanded v1.0.0,NOT_VERIFIED,SC4231E0-PSG.edf,NOT_VERIFIED,EOG horizontal,EOG,encoded in label; anatomical/reference interpretation requires contract review,100,uV,SC EMG envelope documented; CAP representation NOT_VERIFIED per channel,https://physionet.org/files/sleep-edfx/1.0.0/sleep-cassette/SC4231E0-PSG.edf,TRUE,Header-only; no signal samples read.
Sleep-EDF Expanded v1.0.0,NOT_VERIFIED,SC4231E0-PSG.edf,NOT_VERIFIED,Resp oro-nasal,OTHER,encoded in label; anatomical/reference interpretation requires contract review,1,,SC EMG envelope documented; CAP representation NOT_VERIFIED per channel,https://physionet.org/files/sleep-edfx/1.0.0/sleep-cassette/SC4231E0-PSG.edf,TRUE,Header-only; no signal samples read.
Sleep-EDF Expanded v1.0.0,NOT_VERIFIED,SC4231E0-PSG.edf,NOT_VERIFIED,EMG submental,EMG,encoded in label; anatomical/reference interpretation requires contract review,1,uV,SC EMG envelope documented; CAP representation NOT_VERIFIED per channel,https://physionet.org/files/sleep-edfx/1.0.0/sleep-cassette/SC4231E0-PSG.edf,TRUE,Header-only; no signal samples read.
Sleep-EDF Expanded v1.0.0,NOT_VERIFIED,SC4231E0-PSG.edf,NOT_VERIFIED,Temp rectal,OTHER,encoded in label; anatomical/reference interpretation requires contract review,1,,SC EMG envelope documented; CAP representation NOT_VERIFIED per channel,https://physionet.org/files/sleep-edfx/1.0.0/sleep-cassette/SC4231E0-PSG.edf,TRUE,Header-only; no signal samples read.
Sleep-EDF Expanded v1.0.0,NOT_VERIFIED,SC4231E0-PSG.edf,NOT_VERIFIED,Event marker,OTHER,encoded in label; anatomical/reference interpretation requires contract review,1,,SC EMG envelope documented; CAP representation NOT_VERIFIED per channel,https://physionet.org/files/sleep-edfx/1.0.0/sleep-cassette/SC4231E0-PSG.edf,TRUE,Header-only; no signal samples read.
Sleep-EDF Expanded v1.0.0,NOT_VERIFIED,SC4232E0-PSG.edf,NOT_VERIFIED,EEG Fpz-Cz,EEG,encoded in label; anatomical/reference interpretation requires contract review,100,uV,SC EMG envelope documented; CAP representation NOT_VERIFIED per channel,https://physionet.org/files/sleep-edfx/1.0.0/sleep-cassette/SC4232E0-PSG.edf,TRUE,Header-only; no signal samples read.
Sleep-EDF Expanded v1.0.0,NOT_VERIFIED,SC4232E0-PSG.edf,NOT_VERIFIED,EEG Pz-Oz,EEG,encoded in label; anatomical/reference interpretation requires contract review,100,uV,SC EMG envelope documented; CAP representation NOT_VERIFIED per channel,https://physionet.org/files/sleep-edfx/1.0.0/sleep-cassette/SC4232E0-PSG.edf,TRUE,Header-only; no signal samples read.
Sleep-EDF Expanded v1.0.0,NOT_VERIFIED,SC4232E0-PSG.edf,NOT_VERIFIED,EOG horizontal,EOG,encoded in label; anatomical/reference interpretation requires contract review,100,uV,SC EMG envelope documented; CAP representation NOT_VERIFIED per channel,https://physionet.org/files/sleep-edfx/1.0.0/sleep-cassette/SC4232E0-PSG.edf,TRUE,Header-only; no signal samples read.
Sleep-EDF Expanded v1.0.0,NOT_VERIFIED,SC4232E0-PSG.edf,NOT_VERIFIED,Resp oro-nasal,OTHER,encoded in label; anatomical/reference interpretation requires contract review,1,,SC EMG envelope documented; CAP representation NOT_VERIFIED per channel,https://physionet.org/files/sleep-edfx/1.0.0/sleep-cassette/SC4232E0-PSG.edf,TRUE,Header-only; no signal samples read.
Sleep-EDF Expanded v1.0.0,NOT_VERIFIED,SC4232E0-PSG.edf,NOT_VERIFIED,EMG submental,EMG,encoded in label; anatomical/reference interpretation requires contract review,1,uV,SC EMG envelope documented; CAP representation NOT_VERIFIED per channel,https://physionet.org/files/sleep-edfx/1.0.0/sleep-cassette/SC4232E0-PSG.edf,TRUE,Header-only; no signal samples read.
Sleep-EDF Expanded v1.0.0,NOT_VERIFIED,SC4232E0-PSG.edf,NOT_VERIFIED,Temp rectal,OTHER,encoded in label; anatomical/reference interpretation requires contract review,1,,SC EMG envelope documented; CAP representation NOT_VERIFIED per channel,https://physionet.org/files/sleep-edfx/1.0.0/sleep-cassette/SC4232E0-PSG.edf,TRUE,Header-only; no signal samples read.
Sleep-EDF Expanded v1.0.0,NOT_VERIFIED,SC4232E0-PSG.edf,NOT_VERIFIED,Event marker,OTHER,encoded in label; anatomical/reference interpretation requires contract review,1,,SC EMG envelope documented; CAP representation NOT_VERIFIED per channel,https://physionet.org/files/sleep-edfx/1.0.0/sleep-cassette/SC4232E0-PSG.edf,TRUE,Header-only; no signal samples read.
Sleep-EDF Expanded v1.0.0,NOT_VERIFIED,SC4241E0-PSG.edf,NOT_VERIFIED,EEG Fpz-Cz,EEG,encoded in label; anatomical/reference interpretation requires contract review,100,uV,SC EMG envelope documented; CAP representation NOT_VERIFIED per channel,https://physionet.org/files/sleep-edfx/1.0.0/sleep-cassette/SC4241E0-PSG.edf,TRUE,Header-only; no signal samples read.
Sleep-EDF Expanded v1.0.0,NOT_VERIFIED,SC4241E0-PSG.edf,NOT_VERIFIED,EEG Pz-Oz,EEG,encoded in label; anatomical/reference interpretation requires contract review,100,uV,SC EMG envelope documented; CAP representation NOT_VERIFIED per channel,https://physionet.org/files/sleep-edfx/1.0.0/sleep-cassette/SC4241E0-PSG.edf,TRUE,Header-only; no signal samples read.
Sleep-EDF Expanded v1.0.0,NOT_VERIFIED,SC4241E0-PSG.edf,NOT_VERIFIED,EOG horizontal,EOG,encoded in label; anatomical/reference interpretation requires contract review,100,uV,SC EMG envelope documented; CAP representation NOT_VERIFIED per channel,https://physionet.org/files/sleep-edfx/1.0.0/sleep-cassette/SC4241E0-PSG.edf,TRUE,Header-only; no signal samples read.
Sleep-EDF Expanded v1.0.0,NOT_VERIFIED,SC4241E0-PSG.edf,NOT_VERIFIED,Resp oro-nasal,OTHER,encoded in label; anatomical/reference interpretation requires contract review,1,,SC EMG envelope documented; CAP representation NOT_VERIFIED per channel,https://physionet.org/files/sleep-edfx/1.0.0/sleep-cassette/SC4241E0-PSG.edf,TRUE,Header-only; no signal samples read.
Sleep-EDF Expanded v1.0.0,NOT_VERIFIED,SC4241E0-PSG.edf,NOT_VERIFIED,EMG submental,EMG,encoded in label; anatomical/reference interpretation requires contract review,1,uV,SC EMG envelope documented; CAP representation NOT_VERIFIED per channel,https://physionet.org/files/sleep-edfx/1.0.0/sleep-cassette/SC4241E0-PSG.edf,TRUE,Header-only; no signal samples read.
Sleep-EDF Expanded v1.0.0,NOT_VERIFIED,SC4241E0-PSG.edf,NOT_VERIFIED,Temp rectal,OTHER,encoded in label; anatomical/reference interpretation requires contract review,1,,SC EMG envelope documented; CAP representation NOT_VERIFIED per channel,https://physionet.org/files/sleep-edfx/1.0.0/sleep-cassette/SC4241E0-PSG.edf,TRUE,Header-only; no signal samples read.
Sleep-EDF Expanded v1.0.0,NOT_VERIFIED,SC4241E0-PSG.edf,NOT_VERIFIED,Event marker,OTHER,encoded in label; anatomical/reference interpretation requires contract review,1,,SC EMG envelope documented; CAP representation NOT_VERIFIED per channel,https://physionet.org/files/sleep-edfx/1.0.0/sleep-cassette/SC4241E0-PSG.edf,TRUE,Header-only; no signal samples read.
Sleep-EDF Expanded v1.0.0,NOT_VERIFIED,SC4242E0-PSG.edf,NOT_VERIFIED,EEG Fpz-Cz,EEG,encoded in label; anatomical/reference interpretation requires contract review,100,uV,SC EMG envelope documented; CAP representation NOT_VERIFIED per channel,https://physionet.org/files/sleep-edfx/1.0.0/sleep-cassette/SC4242E0-PSG.edf,TRUE,Header-only; no signal samples read.
Sleep-EDF Expanded v1.0.0,NOT_VERIFIED,SC4242E0-PSG.edf,NOT_VERIFIED,EEG Pz-Oz,EEG,encoded in label; anatomical/reference interpretation requires contract review,100,uV,SC EMG envelope documented; CAP representation NOT_VERIFIED per channel,https://physionet.org/files/sleep-edfx/1.0.0/sleep-cassette/SC4242E0-PSG.edf,TRUE,Header-only; no signal samples read.
Sleep-EDF Expanded v1.0.0,NOT_VERIFIED,SC4242E0-PSG.edf,NOT_VERIFIED,EOG horizontal,EOG,encoded in label; anatomical/reference interpretation requires contract review,100,uV,SC EMG envelope documented; CAP representation NOT_VERIFIED per channel,https://physionet.org/files/sleep-edfx/1.0.0/sleep-cassette/SC4242E0-PSG.edf,TRUE,Header-only; no signal samples read.
Sleep-EDF Expanded v1.0.0,NOT_VERIFIED,SC4242E0-PSG.edf,NOT_VERIFIED,Resp oro-nasal,OTHER,encoded in label; anatomical/reference interpretation requires contract review,1,,SC EMG envelope documented; CAP representation NOT_VERIFIED per channel,https://physionet.org/files/sleep-edfx/1.0.0/sleep-cassette/SC4242E0-PSG.edf,TRUE,Header-only; no signal samples read.
Sleep-EDF Expanded v1.0.0,NOT_VERIFIED,SC4242E0-PSG.edf,NOT_VERIFIED,EMG submental,EMG,encoded in label; anatomical/reference interpretation requires contract review,1,uV,SC EMG envelope documented; CAP representation NOT_VERIFIED per channel,https://physionet.org/files/sleep-edfx/1.0.0/sleep-cassette/SC4242E0-PSG.edf,TRUE,Header-only; no signal samples read.
Sleep-EDF Expanded v1.0.0,NOT_VERIFIED,SC4242E0-PSG.edf,NOT_VERIFIED,Temp rectal,OTHER,encoded in label; anatomical/reference interpretation requires contract review,1,,SC EMG envelope documented; CAP representation NOT_VERIFIED per channel,https://physionet.org/files/sleep-edfx/1.0.0/sleep-cassette/SC4242E0-PSG.edf,TRUE,Header-only; no signal samples read.
Sleep-EDF Expanded v1.0.0,NOT_VERIFIED,SC4242E0-PSG.edf,NOT_VERIFIED,Event marker,OTHER,encoded in label; anatomical/reference interpretation requires contract review,1,,SC EMG envelope documented; CAP representation NOT_VERIFIED per channel,https://physionet.org/files/sleep-edfx/1.0.0/sleep-cassette/SC4242E0-PSG.edf,TRUE,Header-only; no signal samples read.
Sleep-EDF Expanded v1.0.0,NOT_VERIFIED,SC4251E0-PSG.edf,NOT_VERIFIED,EEG Fpz-Cz,EEG,encoded in label; anatomical/reference interpretation requires contract review,100,uV,SC EMG envelope documented; CAP representation NOT_VERIFIED per channel,https://physionet.org/files/sleep-edfx/1.0.0/sleep-cassette/SC4251E0-PSG.edf,TRUE,Header-only; no signal samples read.
Sleep-EDF Expanded v1.0.0,NOT_VERIFIED,SC4251E0-PSG.edf,NOT_VERIFIED,EEG Pz-Oz,EEG,encoded in label; anatomical/reference interpretation requires contract review,100,uV,SC EMG envelope documented; CAP representation NOT_VERIFIED per channel,https://physionet.org/files/sleep-edfx/1.0.0/sleep-cassette/SC4251E0-PSG.edf,TRUE,Header-only; no signal samples read.
Sleep-EDF Expanded v1.0.0,NOT_VERIFIED,SC4251E0-PSG.edf,NOT_VERIFIED,EOG horizontal,EOG,encoded in label; anatomical/reference interpretation requires contract review,100,uV,SC EMG envelope documented; CAP representation NOT_VERIFIED per channel,https://physionet.org/files/sleep-edfx/1.0.0/sleep-cassette/SC4251E0-PSG.edf,TRUE,Header-only; no signal samples read.
Sleep-EDF Expanded v1.0.0,NOT_VERIFIED,SC4251E0-PSG.edf,NOT_VERIFIED,Resp oro-nasal,OTHER,encoded in label; anatomical/reference interpretation requires contract review,1,,SC EMG envelope documented; CAP representation NOT_VERIFIED per channel,https://physionet.org/files/sleep-edfx/1.0.0/sleep-cassette/SC4251E0-PSG.edf,TRUE,Header-only; no signal samples read.
Sleep-EDF Expanded v1.0.0,NOT_VERIFIED,SC4251E0-PSG.edf,NOT_VERIFIED,EMG submental,EMG,encoded in label; anatomical/reference interpretation requires contract review,1,uV,SC EMG envelope documented; CAP representation NOT_VERIFIED per channel,https://physionet.org/files/sleep-edfx/1.0.0/sleep-cassette/SC4251E0-PSG.edf,TRUE,Header-only; no signal samples read.
Sleep-EDF Expanded v1.0.0,NOT_VERIFIED,SC4251E0-PSG.edf,NOT_VERIFIED,Temp rectal,OTHER,encoded in label; anatomical/reference interpretation requires contract review,1,DegC,SC EMG envelope documented; CAP representation NOT_VERIFIED per channel,https://physionet.org/files/sleep-edfx/1.0.0/sleep-cassette/SC4251E0-PSG.edf,TRUE,Header-only; no signal samples read.
Sleep-EDF Expanded v1.0.0,NOT_VERIFIED,SC4251E0-PSG.edf,NOT_VERIFIED,Event marker,OTHER,encoded in label; anatomical/reference interpretation requires contract review,1,,SC EMG envelope documented; CAP representation NOT_VERIFIED per channel,https://physionet.org/files/sleep-edfx/1.0.0/sleep-cassette/SC4251E0-PSG.edf,TRUE,Header-only; no signal samples read.
Sleep-EDF Expanded v1.0.0,NOT_VERIFIED,SC4252E0-PSG.edf,NOT_VERIFIED,EEG Fpz-Cz,EEG,encoded in label; anatomical/reference interpretation requires contract review,100,uV,SC EMG envelope documented; CAP representation NOT_VERIFIED per channel,https://physionet.org/files/sleep-edfx/1.0.0/sleep-cassette/SC4252E0-PSG.edf,TRUE,Header-only; no signal samples read.
Sleep-EDF Expanded v1.0.0,NOT_VERIFIED,SC4252E0-PSG.edf,NOT_VERIFIED,EEG Pz-Oz,EEG,encoded in label; anatomical/reference interpretation requires contract review,100,uV,SC EMG envelope documented; CAP representation NOT_VERIFIED per channel,https://physionet.org/files/sleep-edfx/1.0.0/sleep-cassette/SC4252E0-PSG.edf,TRUE,Header-only; no signal samples read.
Sleep-EDF Expanded v1.0.0,NOT_VERIFIED,SC4252E0-PSG.edf,NOT_VERIFIED,EOG horizontal,EOG,encoded in label; anatomical/reference interpretation requires contract review,100,uV,SC EMG envelope documented; CAP representation NOT_VERIFIED per channel,https://physionet.org/files/sleep-edfx/1.0.0/sleep-cassette/SC4252E0-PSG.edf,TRUE,Header-only; no signal samples read.
Sleep-EDF Expanded v1.0.0,NOT_VERIFIED,SC4252E0-PSG.edf,NOT_VERIFIED,Resp oro-nasal,OTHER,encoded in label; anatomical/reference interpretation requires contract review,1,,SC EMG envelope documented; CAP representation NOT_VERIFIED per channel,https://physionet.org/files/sleep-edfx/1.0.0/sleep-cassette/SC4252E0-PSG.edf,TRUE,Header-only; no signal samples read.
Sleep-EDF Expanded v1.0.0,NOT_VERIFIED,SC4252E0-PSG.edf,NOT_VERIFIED,EMG submental,EMG,encoded in label; anatomical/reference interpretation requires contract review,1,uV,SC EMG envelope documented; CAP representation NOT_VERIFIED per channel,https://physionet.org/files/sleep-edfx/1.0.0/sleep-cassette/SC4252E0-PSG.edf,TRUE,Header-only; no signal samples read.
Sleep-EDF Expanded v1.0.0,NOT_VERIFIED,SC4252E0-PSG.edf,NOT_VERIFIED,Temp rectal,OTHER,encoded in label; anatomical/reference interpretation requires contract review,1,DegC,SC EMG envelope documented; CAP representation NOT_VERIFIED per channel,https://physionet.org/files/sleep-edfx/1.0.0/sleep-cassette/SC4252E0-PSG.edf,TRUE,Header-only; no signal samples read.
Sleep-EDF Expanded v1.0.0,NOT_VERIFIED,SC4252E0-PSG.edf,NOT_VERIFIED,Event marker,OTHER,encoded in label; anatomical/reference interpretation requires contract review,1,,SC EMG envelope documented; CAP representation NOT_VERIFIED per channel,https://physionet.org/files/sleep-edfx/1.0.0/sleep-cassette/SC4252E0-PSG.edf,TRUE,Header-only; no signal samples read.
Sleep-EDF Expanded v1.0.0,NOT_VERIFIED,SC4261F0-PSG.edf,NOT_VERIFIED,EEG Fpz-Cz,EEG,encoded in label; anatomical/reference interpretation requires contract review,100,uV,SC EMG envelope documented; CAP representation NOT_VERIFIED per channel,https://physionet.org/files/sleep-edfx/1.0.0/sleep-cassette/SC4261F0-PSG.edf,TRUE,Header-only; no signal samples read.
Sleep-EDF Expanded v1.0.0,NOT_VERIFIED,SC4261F0-PSG.edf,NOT_VERIFIED,EEG Pz-Oz,EEG,encoded in label; anatomical/reference interpretation requires contract review,100,uV,SC EMG envelope documented; CAP representation NOT_VERIFIED per channel,https://physionet.org/files/sleep-edfx/1.0.0/sleep-cassette/SC4261F0-PSG.edf,TRUE,Header-only; no signal samples read.
Sleep-EDF Expanded v1.0.0,NOT_VERIFIED,SC4261F0-PSG.edf,NOT_VERIFIED,EOG horizontal,EOG,encoded in label; anatomical/reference interpretation requires contract review,100,uV,SC EMG envelope documented; CAP representation NOT_VERIFIED per channel,https://physionet.org/files/sleep-edfx/1.0.0/sleep-cassette/SC4261F0-PSG.edf,TRUE,Header-only; no signal samples read.
Sleep-EDF Expanded v1.0.0,NOT_VERIFIED,SC4261F0-PSG.edf,NOT_VERIFIED,Resp oro-nasal,OTHER,encoded in label; anatomical/reference interpretation requires contract review,1,,SC EMG envelope documented; CAP representation NOT_VERIFIED per channel,https://physionet.org/files/sleep-edfx/1.0.0/sleep-cassette/SC4261F0-PSG.edf,TRUE,Header-only; no signal samples read.
Sleep-EDF Expanded v1.0.0,NOT_VERIFIED,SC4261F0-PSG.edf,NOT_VERIFIED,EMG submental,EMG,encoded in label; anatomical/reference interpretation requires contract review,1,uV,SC EMG envelope documented; CAP representation NOT_VERIFIED per channel,https://physionet.org/files/sleep-edfx/1.0.0/sleep-cassette/SC4261F0-PSG.edf,TRUE,Header-only; no signal samples read.
Sleep-EDF Expanded v1.0.0,NOT_VERIFIED,SC4261F0-PSG.edf,NOT_VERIFIED,Temp rectal,OTHER,encoded in label; anatomical/reference interpretation requires contract review,1,DegC,SC EMG envelope documented; CAP representation NOT_VERIFIED per channel,https://physionet.org/files/sleep-edfx/1.0.0/sleep-cassette/SC4261F0-PSG.edf,TRUE,Header-only; no signal samples read.
Sleep-EDF Expanded v1.0.0,NOT_VERIFIED,SC4261F0-PSG.edf,NOT_VERIFIED,Event marker,OTHER,encoded in label; anatomical/reference interpretation requires contract review,1,,SC EMG envelope documented; CAP representation NOT_VERIFIED per channel,https://physionet.org/files/sleep-edfx/1.0.0/sleep-cassette/SC4261F0-PSG.edf,TRUE,Header-only; no signal samples read.
Sleep-EDF Expanded v1.0.0,NOT_VERIFIED,SC4262F0-PSG.edf,NOT_VERIFIED,EEG Fpz-Cz,EEG,encoded in label; anatomical/reference interpretation requires contract review,100,uV,SC EMG envelope documented; CAP representation NOT_VERIFIED per channel,https://physionet.org/files/sleep-edfx/1.0.0/sleep-cassette/SC4262F0-PSG.edf,TRUE,Header-only; no signal samples read.
Sleep-EDF Expanded v1.0.0,NOT_VERIFIED,SC4262F0-PSG.edf,NOT_VERIFIED,EEG Pz-Oz,EEG,encoded in label; anatomical/reference interpretation requires contract review,100,uV,SC EMG envelope documented; CAP representation NOT_VERIFIED per channel,https://physionet.org/files/sleep-edfx/1.0.0/sleep-cassette/SC4262F0-PSG.edf,TRUE,Header-only; no signal samples read.
Sleep-EDF Expanded v1.0.0,NOT_VERIFIED,SC4262F0-PSG.edf,NOT_VERIFIED,EOG horizontal,EOG,encoded in label; anatomical/reference interpretation requires contract review,100,uV,SC EMG envelope documented; CAP representation NOT_VERIFIED per channel,https://physionet.org/files/sleep-edfx/1.0.0/sleep-cassette/SC4262F0-PSG.edf,TRUE,Header-only; no signal samples read.
Sleep-EDF Expanded v1.0.0,NOT_VERIFIED,SC4262F0-PSG.edf,NOT_VERIFIED,Resp oro-nasal,OTHER,encoded in label; anatomical/reference interpretation requires contract review,1,,SC EMG envelope documented; CAP representation NOT_VERIFIED per channel,https://physionet.org/files/sleep-edfx/1.0.0/sleep-cassette/SC4262F0-PSG.edf,TRUE,Header-only; no signal samples read.
Sleep-EDF Expanded v1.0.0,NOT_VERIFIED,SC4262F0-PSG.edf,NOT_VERIFIED,EMG submental,EMG,encoded in label; anatomical/reference interpretation requires contract review,1,uV,SC EMG envelope documented; CAP representation NOT_VERIFIED per channel,https://physionet.org/files/sleep-edfx/1.0.0/sleep-cassette/SC4262F0-PSG.edf,TRUE,Header-only; no signal samples read.
Sleep-EDF Expanded v1.0.0,NOT_VERIFIED,SC4262F0-PSG.edf,NOT_VERIFIED,Temp rectal,OTHER,encoded in label; anatomical/reference interpretation requires contract review,1,DegC,SC EMG envelope documented; CAP representation NOT_VERIFIED per channel,https://physionet.org/files/sleep-edfx/1.0.0/sleep-cassette/SC4262F0-PSG.edf,TRUE,Header-only; no signal samples read.
Sleep-EDF Expanded v1.0.0,NOT_VERIFIED,SC4262F0-PSG.edf,NOT_VERIFIED,Event marker,OTHER,encoded in label; anatomical/reference interpretation requires contract review,1,,SC EMG envelope documented; CAP representation NOT_VERIFIED per channel,https://physionet.org/files/sleep-edfx/1.0.0/sleep-cassette/SC4262F0-PSG.edf,TRUE,Header-only; no signal samples read.
Sleep-EDF Expanded v1.0.0,NOT_VERIFIED,SC4271F0-PSG.edf,NOT_VERIFIED,EEG Fpz-Cz,EEG,encoded in label; anatomical/reference interpretation requires contract review,100,uV,SC EMG envelope documented; CAP representation NOT_VERIFIED per channel,https://physionet.org/files/sleep-edfx/1.0.0/sleep-cassette/SC4271F0-PSG.edf,TRUE,Header-only; no signal samples read.
Sleep-EDF Expanded v1.0.0,NOT_VERIFIED,SC4271F0-PSG.edf,NOT_VERIFIED,EEG Pz-Oz,EEG,encoded in label; anatomical/reference interpretation requires contract review,100,uV,SC EMG envelope documented; CAP representation NOT_VERIFIED per channel,https://physionet.org/files/sleep-edfx/1.0.0/sleep-cassette/SC4271F0-PSG.edf,TRUE,Header-only; no signal samples read.
Sleep-EDF Expanded v1.0.0,NOT_VERIFIED,SC4271F0-PSG.edf,NOT_VERIFIED,EOG horizontal,EOG,encoded in label; anatomical/reference interpretation requires contract review,100,uV,SC EMG envelope documented; CAP representation NOT_VERIFIED per channel,https://physionet.org/files/sleep-edfx/1.0.0/sleep-cassette/SC4271F0-PSG.edf,TRUE,Header-only; no signal samples read.
Sleep-EDF Expanded v1.0.0,NOT_VERIFIED,SC4271F0-PSG.edf,NOT_VERIFIED,Resp oro-nasal,OTHER,encoded in label; anatomical/reference interpretation requires contract review,1,,SC EMG envelope documented; CAP representation NOT_VERIFIED per channel,https://physionet.org/files/sleep-edfx/1.0.0/sleep-cassette/SC4271F0-PSG.edf,TRUE,Header-only; no signal samples read.
Sleep-EDF Expanded v1.0.0,NOT_VERIFIED,SC4271F0-PSG.edf,NOT_VERIFIED,EMG submental,EMG,encoded in label; anatomical/reference interpretation requires contract review,1,uV,SC EMG envelope documented; CAP representation NOT_VERIFIED per channel,https://physionet.org/files/sleep-edfx/1.0.0/sleep-cassette/SC4271F0-PSG.edf,TRUE,Header-only; no signal samples read.
Sleep-EDF Expanded v1.0.0,NOT_VERIFIED,SC4271F0-PSG.edf,NOT_VERIFIED,Temp rectal,OTHER,encoded in label; anatomical/reference interpretation requires contract review,1,,SC EMG envelope documented; CAP representation NOT_VERIFIED per channel,https://physionet.org/files/sleep-edfx/1.0.0/sleep-cassette/SC4271F0-PSG.edf,TRUE,Header-only; no signal samples read.
Sleep-EDF Expanded v1.0.0,NOT_VERIFIED,SC4271F0-PSG.edf,NOT_VERIFIED,Event marker,OTHER,encoded in label; anatomical/reference interpretation requires contract review,1,,SC EMG envelope documented; CAP representation NOT_VERIFIED per channel,https://physionet.org/files/sleep-edfx/1.0.0/sleep-cassette/SC4271F0-PSG.edf,TRUE,Header-only; no signal samples read.
Sleep-EDF Expanded v1.0.0,NOT_VERIFIED,SC4272F0-PSG.edf,NOT_VERIFIED,EEG Fpz-Cz,EEG,encoded in label; anatomical/reference interpretation requires contract review,100,uV,SC EMG envelope documented; CAP representation NOT_VERIFIED per channel,https://physionet.org/files/sleep-edfx/1.0.0/sleep-cassette/SC4272F0-PSG.edf,TRUE,Header-only; no signal samples read.
Sleep-EDF Expanded v1.0.0,NOT_VERIFIED,SC4272F0-PSG.edf,NOT_VERIFIED,EEG Pz-Oz,EEG,encoded in label; anatomical/reference interpretation requires contract review,100,uV,SC EMG envelope documented; CAP representation NOT_VERIFIED per channel,https://physionet.org/files/sleep-edfx/1.0.0/sleep-cassette/SC4272F0-PSG.edf,TRUE,Header-only; no signal samples read.
Sleep-EDF Expanded v1.0.0,NOT_VERIFIED,SC4272F0-PSG.edf,NOT_VERIFIED,EOG horizontal,EOG,encoded in label; anatomical/reference interpretation requires contract review,100,uV,SC EMG envelope documented; CAP representation NOT_VERIFIED per channel,https://physionet.org/files/sleep-edfx/1.0.0/sleep-cassette/SC4272F0-PSG.edf,TRUE,Header-only; no signal samples read.
Sleep-EDF Expanded v1.0.0,NOT_VERIFIED,SC4272F0-PSG.edf,NOT_VERIFIED,Resp oro-nasal,OTHER,encoded in label; anatomical/reference interpretation requires contract review,1,,SC EMG envelope documented; CAP representation NOT_VERIFIED per channel,https://physionet.org/files/sleep-edfx/1.0.0/sleep-cassette/SC4272F0-PSG.edf,TRUE,Header-only; no signal samples read.
Sleep-EDF Expanded v1.0.0,NOT_VERIFIED,SC4272F0-PSG.edf,NOT_VERIFIED,EMG submental,EMG,encoded in label; anatomical/reference interpretation requires contract review,1,uV,SC EMG envelope documented; CAP representation NOT_VERIFIED per channel,https://physionet.org/files/sleep-edfx/1.0.0/sleep-cassette/SC4272F0-PSG.edf,TRUE,Header-only; no signal samples read.
Sleep-EDF Expanded v1.0.0,NOT_VERIFIED,SC4272F0-PSG.edf,NOT_VERIFIED,Temp rectal,OTHER,encoded in label; anatomical/reference interpretation requires contract review,1,,SC EMG envelope documented; CAP representation NOT_VERIFIED per channel,https://physionet.org/files/sleep-edfx/1.0.0/sleep-cassette/SC4272F0-PSG.edf,TRUE,Header-only; no signal samples read.
Sleep-EDF Expanded v1.0.0,NOT_VERIFIED,SC4272F0-PSG.edf,NOT_VERIFIED,Event marker,OTHER,encoded in label; anatomical/reference interpretation requires contract review,1,,SC EMG envelope documented; CAP representation NOT_VERIFIED per channel,https://physionet.org/files/sleep-edfx/1.0.0/sleep-cassette/SC4272F0-PSG.edf,TRUE,Header-only; no signal samples read.
Sleep-EDF Expanded v1.0.0,NOT_VERIFIED,SC4281G0-PSG.edf,NOT_VERIFIED,EEG Fpz-Cz,EEG,encoded in label; anatomical/reference interpretation requires contract review,100,uV,SC EMG envelope documented; CAP representation NOT_VERIFIED per channel,https://physionet.org/files/sleep-edfx/1.0.0/sleep-cassette/SC4281G0-PSG.edf,TRUE,Header-only; no signal samples read.
Sleep-EDF Expanded v1.0.0,NOT_VERIFIED,SC4281G0-PSG.edf,NOT_VERIFIED,EEG Pz-Oz,EEG,encoded in label; anatomical/reference interpretation requires contract review,100,uV,SC EMG envelope documented; CAP representation NOT_VERIFIED per channel,https://physionet.org/files/sleep-edfx/1.0.0/sleep-cassette/SC4281G0-PSG.edf,TRUE,Header-only; no signal samples read.
Sleep-EDF Expanded v1.0.0,NOT_VERIFIED,SC4281G0-PSG.edf,NOT_VERIFIED,EOG horizontal,EOG,encoded in label; anatomical/reference interpretation requires contract review,100,uV,SC EMG envelope documented; CAP representation NOT_VERIFIED per channel,https://physionet.org/files/sleep-edfx/1.0.0/sleep-cassette/SC4281G0-PSG.edf,TRUE,Header-only; no signal samples read.
Sleep-EDF Expanded v1.0.0,NOT_VERIFIED,SC4281G0-PSG.edf,NOT_VERIFIED,Resp oro-nasal,OTHER,encoded in label; anatomical/reference interpretation requires contract review,1,,SC EMG envelope documented; CAP representation NOT_VERIFIED per channel,https://physionet.org/files/sleep-edfx/1.0.0/sleep-cassette/SC4281G0-PSG.edf,TRUE,Header-only; no signal samples read.
Sleep-EDF Expanded v1.0.0,NOT_VERIFIED,SC4281G0-PSG.edf,NOT_VERIFIED,EMG submental,EMG,encoded in label; anatomical/reference interpretation requires contract review,1,uV,SC EMG envelope documented; CAP representation NOT_VERIFIED per channel,https://physionet.org/files/sleep-edfx/1.0.0/sleep-cassette/SC4281G0-PSG.edf,TRUE,Header-only; no signal samples read.
Sleep-EDF Expanded v1.0.0,NOT_VERIFIED,SC4281G0-PSG.edf,NOT_VERIFIED,Temp rectal,OTHER,encoded in label; anatomical/reference interpretation requires contract review,1,,SC EMG envelope documented; CAP representation NOT_VERIFIED per channel,https://physionet.org/files/sleep-edfx/1.0.0/sleep-cassette/SC4281G0-PSG.edf,TRUE,Header-only; no signal samples read.
Sleep-EDF Expanded v1.0.0,NOT_VERIFIED,SC4281G0-PSG.edf,NOT_VERIFIED,Event marker,OTHER,encoded in label; anatomical/reference interpretation requires contract review,1,,SC EMG envelope documented; CAP representation NOT_VERIFIED per channel,https://physionet.org/files/sleep-edfx/1.0.0/sleep-cassette/SC4281G0-PSG.edf,TRUE,Header-only; no signal samples read.
Sleep-EDF Expanded v1.0.0,NOT_VERIFIED,SC4282G0-PSG.edf,NOT_VERIFIED,EEG Fpz-Cz,EEG,encoded in label; anatomical/reference interpretation requires contract review,100,uV,SC EMG envelope documented; CAP representation NOT_VERIFIED per channel,https://physionet.org/files/sleep-edfx/1.0.0/sleep-cassette/SC4282G0-PSG.edf,TRUE,Header-only; no signal samples read.
Sleep-EDF Expanded v1.0.0,NOT_VERIFIED,SC4282G0-PSG.edf,NOT_VERIFIED,EEG Pz-Oz,EEG,encoded in label; anatomical/reference interpretation requires contract review,100,uV,SC EMG envelope documented; CAP representation NOT_VERIFIED per channel,https://physionet.org/files/sleep-edfx/1.0.0/sleep-cassette/SC4282G0-PSG.edf,TRUE,Header-only; no signal samples read.
Sleep-EDF Expanded v1.0.0,NOT_VERIFIED,SC4282G0-PSG.edf,NOT_VERIFIED,EOG horizontal,EOG,encoded in label; anatomical/reference interpretation requires contract review,100,uV,SC EMG envelope documented; CAP representation NOT_VERIFIED per channel,https://physionet.org/files/sleep-edfx/1.0.0/sleep-cassette/SC4282G0-PSG.edf,TRUE,Header-only; no signal samples read.
Sleep-EDF Expanded v1.0.0,NOT_VERIFIED,SC4282G0-PSG.edf,NOT_VERIFIED,Resp oro-nasal,OTHER,encoded in label; anatomical/reference interpretation requires contract review,1,,SC EMG envelope documented; CAP representation NOT_VERIFIED per channel,https://physionet.org/files/sleep-edfx/1.0.0/sleep-cassette/SC4282G0-PSG.edf,TRUE,Header-only; no signal samples read.
Sleep-EDF Expanded v1.0.0,NOT_VERIFIED,SC4282G0-PSG.edf,NOT_VERIFIED,EMG submental,EMG,encoded in label; anatomical/reference interpretation requires contract review,1,uV,SC EMG envelope documented; CAP representation NOT_VERIFIED per channel,https://physionet.org/files/sleep-edfx/1.0.0/sleep-cassette/SC4282G0-PSG.edf,TRUE,Header-only; no signal samples read.
Sleep-EDF Expanded v1.0.0,NOT_VERIFIED,SC4282G0-PSG.edf,NOT_VERIFIED,Temp rectal,OTHER,encoded in label; anatomical/reference interpretation requires contract review,1,,SC EMG envelope documented; CAP representation NOT_VERIFIED per channel,https://physionet.org/files/sleep-edfx/1.0.0/sleep-cassette/SC4282G0-PSG.edf,TRUE,Header-only; no signal samples read.
Sleep-EDF Expanded v1.0.0,NOT_VERIFIED,SC4282G0-PSG.edf,NOT_VERIFIED,Event marker,OTHER,encoded in label; anatomical/reference interpretation requires contract review,1,,SC EMG envelope documented; CAP representation NOT_VERIFIED per channel,https://physionet.org/files/sleep-edfx/1.0.0/sleep-cassette/SC4282G0-PSG.edf,TRUE,Header-only; no signal samples read.
Sleep-EDF Expanded v1.0.0,NOT_VERIFIED,SC4291G0-PSG.edf,NOT_VERIFIED,EEG Fpz-Cz,EEG,encoded in label; anatomical/reference interpretation requires contract review,100,uV,SC EMG envelope documented; CAP representation NOT_VERIFIED per channel,https://physionet.org/files/sleep-edfx/1.0.0/sleep-cassette/SC4291G0-PSG.edf,TRUE,Header-only; no signal samples read.
Sleep-EDF Expanded v1.0.0,NOT_VERIFIED,SC4291G0-PSG.edf,NOT_VERIFIED,EEG Pz-Oz,EEG,encoded in label; anatomical/reference interpretation requires contract review,100,uV,SC EMG envelope documented; CAP representation NOT_VERIFIED per channel,https://physionet.org/files/sleep-edfx/1.0.0/sleep-cassette/SC4291G0-PSG.edf,TRUE,Header-only; no signal samples read.
Sleep-EDF Expanded v1.0.0,NOT_VERIFIED,SC4291G0-PSG.edf,NOT_VERIFIED,EOG horizontal,EOG,encoded in label; anatomical/reference interpretation requires contract review,100,uV,SC EMG envelope documented; CAP representation NOT_VERIFIED per channel,https://physionet.org/files/sleep-edfx/1.0.0/sleep-cassette/SC4291G0-PSG.edf,TRUE,Header-only; no signal samples read.
Sleep-EDF Expanded v1.0.0,NOT_VERIFIED,SC4291G0-PSG.edf,NOT_VERIFIED,Resp oro-nasal,OTHER,encoded in label; anatomical/reference interpretation requires contract review,1,,SC EMG envelope documented; CAP representation NOT_VERIFIED per channel,https://physionet.org/files/sleep-edfx/1.0.0/sleep-cassette/SC4291G0-PSG.edf,TRUE,Header-only; no signal samples read.
Sleep-EDF Expanded v1.0.0,NOT_VERIFIED,SC4291G0-PSG.edf,NOT_VERIFIED,EMG submental,EMG,encoded in label; anatomical/reference interpretation requires contract review,1,uV,SC EMG envelope documented; CAP representation NOT_VERIFIED per channel,https://physionet.org/files/sleep-edfx/1.0.0/sleep-cassette/SC4291G0-PSG.edf,TRUE,Header-only; no signal samples read.
Sleep-EDF Expanded v1.0.0,NOT_VERIFIED,SC4291G0-PSG.edf,NOT_VERIFIED,Temp rectal,OTHER,encoded in label; anatomical/reference interpretation requires contract review,1,DegC,SC EMG envelope documented; CAP representation NOT_VERIFIED per channel,https://physionet.org/files/sleep-edfx/1.0.0/sleep-cassette/SC4291G0-PSG.edf,TRUE,Header-only; no signal samples read.
Sleep-EDF Expanded v1.0.0,NOT_VERIFIED,SC4291G0-PSG.edf,NOT_VERIFIED,Event marker,OTHER,encoded in label; anatomical/reference interpretation requires contract review,1,,SC EMG envelope documented; CAP representation NOT_VERIFIED per channel,https://physionet.org/files/sleep-edfx/1.0.0/sleep-cassette/SC4291G0-PSG.edf,TRUE,Header-only; no signal samples read.
Sleep-EDF Expanded v1.0.0,NOT_VERIFIED,SC4292G0-PSG.edf,NOT_VERIFIED,EEG Fpz-Cz,EEG,encoded in label; anatomical/reference interpretation requires contract review,100,uV,SC EMG envelope documented; CAP representation NOT_VERIFIED per channel,https://physionet.org/files/sleep-edfx/1.0.0/sleep-cassette/SC4292G0-PSG.edf,TRUE,Header-only; no signal samples read.
Sleep-EDF Expanded v1.0.0,NOT_VERIFIED,SC4292G0-PSG.edf,NOT_VERIFIED,EEG Pz-Oz,EEG,encoded in label; anatomical/reference interpretation requires contract review,100,uV,SC EMG envelope documented; CAP representation NOT_VERIFIED per channel,https://physionet.org/files/sleep-edfx/1.0.0/sleep-cassette/SC4292G0-PSG.edf,TRUE,Header-only; no signal samples read.
Sleep-EDF Expanded v1.0.0,NOT_VERIFIED,SC4292G0-PSG.edf,NOT_VERIFIED,EOG horizontal,EOG,encoded in label; anatomical/reference interpretation requires contract review,100,uV,SC EMG envelope documented; CAP representation NOT_VERIFIED per channel,https://physionet.org/files/sleep-edfx/1.0.0/sleep-cassette/SC4292G0-PSG.edf,TRUE,Header-only; no signal samples read.
Sleep-EDF Expanded v1.0.0,NOT_VERIFIED,SC4292G0-PSG.edf,NOT_VERIFIED,Resp oro-nasal,OTHER,encoded in label; anatomical/reference interpretation requires contract review,1,,SC EMG envelope documented; CAP representation NOT_VERIFIED per channel,https://physionet.org/files/sleep-edfx/1.0.0/sleep-cassette/SC4292G0-PSG.edf,TRUE,Header-only; no signal samples read.
Sleep-EDF Expanded v1.0.0,NOT_VERIFIED,SC4292G0-PSG.edf,NOT_VERIFIED,EMG submental,EMG,encoded in label; anatomical/reference interpretation requires contract review,1,uV,SC EMG envelope documented; CAP representation NOT_VERIFIED per channel,https://physionet.org/files/sleep-edfx/1.0.0/sleep-cassette/SC4292G0-PSG.edf,TRUE,Header-only; no signal samples read.
Sleep-EDF Expanded v1.0.0,NOT_VERIFIED,SC4292G0-PSG.edf,NOT_VERIFIED,Temp rectal,OTHER,encoded in label; anatomical/reference interpretation requires contract review,1,DegC,SC EMG envelope documented; CAP representation NOT_VERIFIED per channel,https://physionet.org/files/sleep-edfx/1.0.0/sleep-cassette/SC4292G0-PSG.edf,TRUE,Header-only; no signal samples read.
Sleep-EDF Expanded v1.0.0,NOT_VERIFIED,SC4292G0-PSG.edf,NOT_VERIFIED,Event marker,OTHER,encoded in label; anatomical/reference interpretation requires contract review,1,,SC EMG envelope documented; CAP representation NOT_VERIFIED per channel,https://physionet.org/files/sleep-edfx/1.0.0/sleep-cassette/SC4292G0-PSG.edf,TRUE,Header-only; no signal samples read.
Sleep-EDF Expanded v1.0.0,NOT_VERIFIED,SC4301E0-PSG.edf,NOT_VERIFIED,EEG Fpz-Cz,EEG,encoded in label; anatomical/reference interpretation requires contract review,100,uV,SC EMG envelope documented; CAP representation NOT_VERIFIED per channel,https://physionet.org/files/sleep-edfx/1.0.0/sleep-cassette/SC4301E0-PSG.edf,TRUE,Header-only; no signal samples read.
Sleep-EDF Expanded v1.0.0,NOT_VERIFIED,SC4301E0-PSG.edf,NOT_VERIFIED,EEG Pz-Oz,EEG,encoded in label; anatomical/reference interpretation requires contract review,100,uV,SC EMG envelope documented; CAP representation NOT_VERIFIED per channel,https://physionet.org/files/sleep-edfx/1.0.0/sleep-cassette/SC4301E0-PSG.edf,TRUE,Header-only; no signal samples read.
Sleep-EDF Expanded v1.0.0,NOT_VERIFIED,SC4301E0-PSG.edf,NOT_VERIFIED,EOG horizontal,EOG,encoded in label; anatomical/reference interpretation requires contract review,100,uV,SC EMG envelope documented; CAP representation NOT_VERIFIED per channel,https://physionet.org/files/sleep-edfx/1.0.0/sleep-cassette/SC4301E0-PSG.edf,TRUE,Header-only; no signal samples read.
Sleep-EDF Expanded v1.0.0,NOT_VERIFIED,SC4301E0-PSG.edf,NOT_VERIFIED,Resp oro-nasal,OTHER,encoded in label; anatomical/reference interpretation requires contract review,1,,SC EMG envelope documented; CAP representation NOT_VERIFIED per channel,https://physionet.org/files/sleep-edfx/1.0.0/sleep-cassette/SC4301E0-PSG.edf,TRUE,Header-only; no signal samples read.
Sleep-EDF Expanded v1.0.0,NOT_VERIFIED,SC4301E0-PSG.edf,NOT_VERIFIED,EMG submental,EMG,encoded in label; anatomical/reference interpretation requires contract review,1,uV,SC EMG envelope documented; CAP representation NOT_VERIFIED per channel,https://physionet.org/files/sleep-edfx/1.0.0/sleep-cassette/SC4301E0-PSG.edf,TRUE,Header-only; no signal samples read.
Sleep-EDF Expanded v1.0.0,NOT_VERIFIED,SC4301E0-PSG.edf,NOT_VERIFIED,Temp rectal,OTHER,encoded in label; anatomical/reference interpretation requires contract review,1,DegC,SC EMG envelope documented; CAP representation NOT_VERIFIED per channel,https://physionet.org/files/sleep-edfx/1.0.0/sleep-cassette/SC4301E0-PSG.edf,TRUE,Header-only; no signal samples read.
Sleep-EDF Expanded v1.0.0,NOT_VERIFIED,SC4301E0-PSG.edf,NOT_VERIFIED,Event marker,OTHER,encoded in label; anatomical/reference interpretation requires contract review,1,,SC EMG envelope documented; CAP representation NOT_VERIFIED per channel,https://physionet.org/files/sleep-edfx/1.0.0/sleep-cassette/SC4301E0-PSG.edf,TRUE,Header-only; no signal samples read.
Sleep-EDF Expanded v1.0.0,NOT_VERIFIED,SC4302E0-PSG.edf,NOT_VERIFIED,EEG Fpz-Cz,EEG,encoded in label; anatomical/reference interpretation requires contract review,100,uV,SC EMG envelope documented; CAP representation NOT_VERIFIED per channel,https://physionet.org/files/sleep-edfx/1.0.0/sleep-cassette/SC4302E0-PSG.edf,TRUE,Header-only; no signal samples read.
Sleep-EDF Expanded v1.0.0,NOT_VERIFIED,SC4302E0-PSG.edf,NOT_VERIFIED,EEG Pz-Oz,EEG,encoded in label; anatomical/reference interpretation requires contract review,100,uV,SC EMG envelope documented; CAP representation NOT_VERIFIED per channel,https://physionet.org/files/sleep-edfx/1.0.0/sleep-cassette/SC4302E0-PSG.edf,TRUE,Header-only; no signal samples read.
Sleep-EDF Expanded v1.0.0,NOT_VERIFIED,SC4302E0-PSG.edf,NOT_VERIFIED,EOG horizontal,EOG,encoded in label; anatomical/reference interpretation requires contract review,100,uV,SC EMG envelope documented; CAP representation NOT_VERIFIED per channel,https://physionet.org/files/sleep-edfx/1.0.0/sleep-cassette/SC4302E0-PSG.edf,TRUE,Header-only; no signal samples read.
Sleep-EDF Expanded v1.0.0,NOT_VERIFIED,SC4302E0-PSG.edf,NOT_VERIFIED,Resp oro-nasal,OTHER,encoded in label; anatomical/reference interpretation requires contract review,1,,SC EMG envelope documented; CAP representation NOT_VERIFIED per channel,https://physionet.org/files/sleep-edfx/1.0.0/sleep-cassette/SC4302E0-PSG.edf,TRUE,Header-only; no signal samples read.
Sleep-EDF Expanded v1.0.0,NOT_VERIFIED,SC4302E0-PSG.edf,NOT_VERIFIED,EMG submental,EMG,encoded in label; anatomical/reference interpretation requires contract review,1,uV,SC EMG envelope documented; CAP representation NOT_VERIFIED per channel,https://physionet.org/files/sleep-edfx/1.0.0/sleep-cassette/SC4302E0-PSG.edf,TRUE,Header-only; no signal samples read.
Sleep-EDF Expanded v1.0.0,NOT_VERIFIED,SC4302E0-PSG.edf,NOT_VERIFIED,Temp rectal,OTHER,encoded in label; anatomical/reference interpretation requires contract review,1,DegC,SC EMG envelope documented; CAP representation NOT_VERIFIED per channel,https://physionet.org/files/sleep-edfx/1.0.0/sleep-cassette/SC4302E0-PSG.edf,TRUE,Header-only; no signal samples read.
Sleep-EDF Expanded v1.0.0,NOT_VERIFIED,SC4302E0-PSG.edf,NOT_VERIFIED,Event marker,OTHER,encoded in label; anatomical/reference interpretation requires contract review,1,,SC EMG envelope documented; CAP representation NOT_VERIFIED per channel,https://physionet.org/files/sleep-edfx/1.0.0/sleep-cassette/SC4302E0-PSG.edf,TRUE,Header-only; no signal samples read.
Sleep-EDF Expanded v1.0.0,NOT_VERIFIED,SC4311E0-PSG.edf,NOT_VERIFIED,EEG Fpz-Cz,EEG,encoded in label; anatomical/reference interpretation requires contract review,100,uV,SC EMG envelope documented; CAP representation NOT_VERIFIED per channel,https://physionet.org/files/sleep-edfx/1.0.0/sleep-cassette/SC4311E0-PSG.edf,TRUE,Header-only; no signal samples read.
Sleep-EDF Expanded v1.0.0,NOT_VERIFIED,SC4311E0-PSG.edf,NOT_VERIFIED,EEG Pz-Oz,EEG,encoded in label; anatomical/reference interpretation requires contract review,100,uV,SC EMG envelope documented; CAP representation NOT_VERIFIED per channel,https://physionet.org/files/sleep-edfx/1.0.0/sleep-cassette/SC4311E0-PSG.edf,TRUE,Header-only; no signal samples read.
Sleep-EDF Expanded v1.0.0,NOT_VERIFIED,SC4311E0-PSG.edf,NOT_VERIFIED,EOG horizontal,EOG,encoded in label; anatomical/reference interpretation requires contract review,100,uV,SC EMG envelope documented; CAP representation NOT_VERIFIED per channel,https://physionet.org/files/sleep-edfx/1.0.0/sleep-cassette/SC4311E0-PSG.edf,TRUE,Header-only; no signal samples read.
Sleep-EDF Expanded v1.0.0,NOT_VERIFIED,SC4311E0-PSG.edf,NOT_VERIFIED,Resp oro-nasal,OTHER,encoded in label; anatomical/reference interpretation requires contract review,1,,SC EMG envelope documented; CAP representation NOT_VERIFIED per channel,https://physionet.org/files/sleep-edfx/1.0.0/sleep-cassette/SC4311E0-PSG.edf,TRUE,Header-only; no signal samples read.
Sleep-EDF Expanded v1.0.0,NOT_VERIFIED,SC4311E0-PSG.edf,NOT_VERIFIED,EMG submental,EMG,encoded in label; anatomical/reference interpretation requires contract review,1,uV,SC EMG envelope documented; CAP representation NOT_VERIFIED per channel,https://physionet.org/files/sleep-edfx/1.0.0/sleep-cassette/SC4311E0-PSG.edf,TRUE,Header-only; no signal samples read.
Sleep-EDF Expanded v1.0.0,NOT_VERIFIED,SC4311E0-PSG.edf,NOT_VERIFIED,Temp rectal,OTHER,encoded in label; anatomical/reference interpretation requires contract review,1,DegC,SC EMG envelope documented; CAP representation NOT_VERIFIED per channel,https://physionet.org/files/sleep-edfx/1.0.0/sleep-cassette/SC4311E0-PSG.edf,TRUE,Header-only; no signal samples read.
Sleep-EDF Expanded v1.0.0,NOT_VERIFIED,SC4311E0-PSG.edf,NOT_VERIFIED,Event marker,OTHER,encoded in label; anatomical/reference interpretation requires contract review,1,,SC EMG envelope documented; CAP representation NOT_VERIFIED per channel,https://physionet.org/files/sleep-edfx/1.0.0/sleep-cassette/SC4311E0-PSG.edf,TRUE,Header-only; no signal samples read.
Sleep-EDF Expanded v1.0.0,NOT_VERIFIED,SC4312E0-PSG.edf,NOT_VERIFIED,EEG Fpz-Cz,EEG,encoded in label; anatomical/reference interpretation requires contract review,100,uV,SC EMG envelope documented; CAP representation NOT_VERIFIED per channel,https://physionet.org/files/sleep-edfx/1.0.0/sleep-cassette/SC4312E0-PSG.edf,TRUE,Header-only; no signal samples read.
Sleep-EDF Expanded v1.0.0,NOT_VERIFIED,SC4312E0-PSG.edf,NOT_VERIFIED,EEG Pz-Oz,EEG,encoded in label; anatomical/reference interpretation requires contract review,100,uV,SC EMG envelope documented; CAP representation NOT_VERIFIED per channel,https://physionet.org/files/sleep-edfx/1.0.0/sleep-cassette/SC4312E0-PSG.edf,TRUE,Header-only; no signal samples read.
Sleep-EDF Expanded v1.0.0,NOT_VERIFIED,SC4312E0-PSG.edf,NOT_VERIFIED,EOG horizontal,EOG,encoded in label; anatomical/reference interpretation requires contract review,100,uV,SC EMG envelope documented; CAP representation NOT_VERIFIED per channel,https://physionet.org/files/sleep-edfx/1.0.0/sleep-cassette/SC4312E0-PSG.edf,TRUE,Header-only; no signal samples read.
Sleep-EDF Expanded v1.0.0,NOT_VERIFIED,SC4312E0-PSG.edf,NOT_VERIFIED,Resp oro-nasal,OTHER,encoded in label; anatomical/reference interpretation requires contract review,1,,SC EMG envelope documented; CAP representation NOT_VERIFIED per channel,https://physionet.org/files/sleep-edfx/1.0.0/sleep-cassette/SC4312E0-PSG.edf,TRUE,Header-only; no signal samples read.
Sleep-EDF Expanded v1.0.0,NOT_VERIFIED,SC4312E0-PSG.edf,NOT_VERIFIED,EMG submental,EMG,encoded in label; anatomical/reference interpretation requires contract review,1,uV,SC EMG envelope documented; CAP representation NOT_VERIFIED per channel,https://physionet.org/files/sleep-edfx/1.0.0/sleep-cassette/SC4312E0-PSG.edf,TRUE,Header-only; no signal samples read.
Sleep-EDF Expanded v1.0.0,NOT_VERIFIED,SC4312E0-PSG.edf,NOT_VERIFIED,Temp rectal,OTHER,encoded in label; anatomical/reference interpretation requires contract review,1,DegC,SC EMG envelope documented; CAP representation NOT_VERIFIED per channel,https://physionet.org/files/sleep-edfx/1.0.0/sleep-cassette/SC4312E0-PSG.edf,TRUE,Header-only; no signal samples read.
Sleep-EDF Expanded v1.0.0,NOT_VERIFIED,SC4312E0-PSG.edf,NOT_VERIFIED,Event marker,OTHER,encoded in label; anatomical/reference interpretation requires contract review,1,,SC EMG envelope documented; CAP representation NOT_VERIFIED per channel,https://physionet.org/files/sleep-edfx/1.0.0/sleep-cassette/SC4312E0-PSG.edf,TRUE,Header-only; no signal samples read.
Sleep-EDF Expanded v1.0.0,NOT_VERIFIED,SC4321E0-PSG.edf,NOT_VERIFIED,EEG Fpz-Cz,EEG,encoded in label; anatomical/reference interpretation requires contract review,100,uV,SC EMG envelope documented; CAP representation NOT_VERIFIED per channel,https://physionet.org/files/sleep-edfx/1.0.0/sleep-cassette/SC4321E0-PSG.edf,TRUE,Header-only; no signal samples read.
Sleep-EDF Expanded v1.0.0,NOT_VERIFIED,SC4321E0-PSG.edf,NOT_VERIFIED,EEG Pz-Oz,EEG,encoded in label; anatomical/reference interpretation requires contract review,100,uV,SC EMG envelope documented; CAP representation NOT_VERIFIED per channel,https://physionet.org/files/sleep-edfx/1.0.0/sleep-cassette/SC4321E0-PSG.edf,TRUE,Header-only; no signal samples read.
Sleep-EDF Expanded v1.0.0,NOT_VERIFIED,SC4321E0-PSG.edf,NOT_VERIFIED,EOG horizontal,EOG,encoded in label; anatomical/reference interpretation requires contract review,100,uV,SC EMG envelope documented; CAP representation NOT_VERIFIED per channel,https://physionet.org/files/sleep-edfx/1.0.0/sleep-cassette/SC4321E0-PSG.edf,TRUE,Header-only; no signal samples read.
Sleep-EDF Expanded v1.0.0,NOT_VERIFIED,SC4321E0-PSG.edf,NOT_VERIFIED,Resp oro-nasal,OTHER,encoded in label; anatomical/reference interpretation requires contract review,1,,SC EMG envelope documented; CAP representation NOT_VERIFIED per channel,https://physionet.org/files/sleep-edfx/1.0.0/sleep-cassette/SC4321E0-PSG.edf,TRUE,Header-only; no signal samples read.
Sleep-EDF Expanded v1.0.0,NOT_VERIFIED,SC4321E0-PSG.edf,NOT_VERIFIED,EMG submental,EMG,encoded in label; anatomical/reference interpretation requires contract review,1,uV,SC EMG envelope documented; CAP representation NOT_VERIFIED per channel,https://physionet.org/files/sleep-edfx/1.0.0/sleep-cassette/SC4321E0-PSG.edf,TRUE,Header-only; no signal samples read.
Sleep-EDF Expanded v1.0.0,NOT_VERIFIED,SC4321E0-PSG.edf,NOT_VERIFIED,Temp rectal,OTHER,encoded in label; anatomical/reference interpretation requires contract review,1,DegC,SC EMG envelope documented; CAP representation NOT_VERIFIED per channel,https://physionet.org/files/sleep-edfx/1.0.0/sleep-cassette/SC4321E0-PSG.edf,TRUE,Header-only; no signal samples read.
Sleep-EDF Expanded v1.0.0,NOT_VERIFIED,SC4321E0-PSG.edf,NOT_VERIFIED,Event marker,OTHER,encoded in label; anatomical/reference interpretation requires contract review,1,,SC EMG envelope documented; CAP representation NOT_VERIFIED per channel,https://physionet.org/files/sleep-edfx/1.0.0/sleep-cassette/SC4321E0-PSG.edf,TRUE,Header-only; no signal samples read.
Sleep-EDF Expanded v1.0.0,NOT_VERIFIED,SC4322E0-PSG.edf,NOT_VERIFIED,EEG Fpz-Cz,EEG,encoded in label; anatomical/reference interpretation requires contract review,100,uV,SC EMG envelope documented; CAP representation NOT_VERIFIED per channel,https://physionet.org/files/sleep-edfx/1.0.0/sleep-cassette/SC4322E0-PSG.edf,TRUE,Header-only; no signal samples read.
Sleep-EDF Expanded v1.0.0,NOT_VERIFIED,SC4322E0-PSG.edf,NOT_VERIFIED,EEG Pz-Oz,EEG,encoded in label; anatomical/reference interpretation requires contract review,100,uV,SC EMG envelope documented; CAP representation NOT_VERIFIED per channel,https://physionet.org/files/sleep-edfx/1.0.0/sleep-cassette/SC4322E0-PSG.edf,TRUE,Header-only; no signal samples read.
Sleep-EDF Expanded v1.0.0,NOT_VERIFIED,SC4322E0-PSG.edf,NOT_VERIFIED,EOG horizontal,EOG,encoded in label; anatomical/reference interpretation requires contract review,100,uV,SC EMG envelope documented; CAP representation NOT_VERIFIED per channel,https://physionet.org/files/sleep-edfx/1.0.0/sleep-cassette/SC4322E0-PSG.edf,TRUE,Header-only; no signal samples read.
Sleep-EDF Expanded v1.0.0,NOT_VERIFIED,SC4322E0-PSG.edf,NOT_VERIFIED,Resp oro-nasal,OTHER,encoded in label; anatomical/reference interpretation requires contract review,1,,SC EMG envelope documented; CAP representation NOT_VERIFIED per channel,https://physionet.org/files/sleep-edfx/1.0.0/sleep-cassette/SC4322E0-PSG.edf,TRUE,Header-only; no signal samples read.
Sleep-EDF Expanded v1.0.0,NOT_VERIFIED,SC4322E0-PSG.edf,NOT_VERIFIED,EMG submental,EMG,encoded in label; anatomical/reference interpretation requires contract review,1,uV,SC EMG envelope documented; CAP representation NOT_VERIFIED per channel,https://physionet.org/files/sleep-edfx/1.0.0/sleep-cassette/SC4322E0-PSG.edf,TRUE,Header-only; no signal samples read.
Sleep-EDF Expanded v1.0.0,NOT_VERIFIED,SC4322E0-PSG.edf,NOT_VERIFIED,Temp rectal,OTHER,encoded in label; anatomical/reference interpretation requires contract review,1,DegC,SC EMG envelope documented; CAP representation NOT_VERIFIED per channel,https://physionet.org/files/sleep-edfx/1.0.0/sleep-cassette/SC4322E0-PSG.edf,TRUE,Header-only; no signal samples read.
Sleep-EDF Expanded v1.0.0,NOT_VERIFIED,SC4322E0-PSG.edf,NOT_VERIFIED,Event marker,OTHER,encoded in label; anatomical/reference interpretation requires contract review,1,,SC EMG envelope documented; CAP representation NOT_VERIFIED per channel,https://physionet.org/files/sleep-edfx/1.0.0/sleep-cassette/SC4322E0-PSG.edf,TRUE,Header-only; no signal samples read.
Sleep-EDF Expanded v1.0.0,NOT_VERIFIED,SC4331F0-PSG.edf,NOT_VERIFIED,EEG Fpz-Cz,EEG,encoded in label; anatomical/reference interpretation requires contract review,100,uV,SC EMG envelope documented; CAP representation NOT_VERIFIED per channel,https://physionet.org/files/sleep-edfx/1.0.0/sleep-cassette/SC4331F0-PSG.edf,TRUE,Header-only; no signal samples read.
Sleep-EDF Expanded v1.0.0,NOT_VERIFIED,SC4331F0-PSG.edf,NOT_VERIFIED,EEG Pz-Oz,EEG,encoded in label; anatomical/reference interpretation requires contract review,100,uV,SC EMG envelope documented; CAP representation NOT_VERIFIED per channel,https://physionet.org/files/sleep-edfx/1.0.0/sleep-cassette/SC4331F0-PSG.edf,TRUE,Header-only; no signal samples read.
Sleep-EDF Expanded v1.0.0,NOT_VERIFIED,SC4331F0-PSG.edf,NOT_VERIFIED,EOG horizontal,EOG,encoded in label; anatomical/reference interpretation requires contract review,100,uV,SC EMG envelope documented; CAP representation NOT_VERIFIED per channel,https://physionet.org/files/sleep-edfx/1.0.0/sleep-cassette/SC4331F0-PSG.edf,TRUE,Header-only; no signal samples read.
Sleep-EDF Expanded v1.0.0,NOT_VERIFIED,SC4331F0-PSG.edf,NOT_VERIFIED,Resp oro-nasal,OTHER,encoded in label; anatomical/reference interpretation requires contract review,1,,SC EMG envelope documented; CAP representation NOT_VERIFIED per channel,https://physionet.org/files/sleep-edfx/1.0.0/sleep-cassette/SC4331F0-PSG.edf,TRUE,Header-only; no signal samples read.
Sleep-EDF Expanded v1.0.0,NOT_VERIFIED,SC4331F0-PSG.edf,NOT_VERIFIED,EMG submental,EMG,encoded in label; anatomical/reference interpretation requires contract review,1,uV,SC EMG envelope documented; CAP representation NOT_VERIFIED per channel,https://physionet.org/files/sleep-edfx/1.0.0/sleep-cassette/SC4331F0-PSG.edf,TRUE,Header-only; no signal samples read.
Sleep-EDF Expanded v1.0.0,NOT_VERIFIED,SC4331F0-PSG.edf,NOT_VERIFIED,Temp rectal,OTHER,encoded in label; anatomical/reference interpretation requires contract review,1,DegC,SC EMG envelope documented; CAP representation NOT_VERIFIED per channel,https://physionet.org/files/sleep-edfx/1.0.0/sleep-cassette/SC4331F0-PSG.edf,TRUE,Header-only; no signal samples read.
Sleep-EDF Expanded v1.0.0,NOT_VERIFIED,SC4331F0-PSG.edf,NOT_VERIFIED,Event marker,OTHER,encoded in label; anatomical/reference interpretation requires contract review,1,,SC EMG envelope documented; CAP representation NOT_VERIFIED per channel,https://physionet.org/files/sleep-edfx/1.0.0/sleep-cassette/SC4331F0-PSG.edf,TRUE,Header-only; no signal samples read.
Sleep-EDF Expanded v1.0.0,NOT_VERIFIED,SC4332F0-PSG.edf,NOT_VERIFIED,EEG Fpz-Cz,EEG,encoded in label; anatomical/reference interpretation requires contract review,100,uV,SC EMG envelope documented; CAP representation NOT_VERIFIED per channel,https://physionet.org/files/sleep-edfx/1.0.0/sleep-cassette/SC4332F0-PSG.edf,TRUE,Header-only; no signal samples read.
Sleep-EDF Expanded v1.0.0,NOT_VERIFIED,SC4332F0-PSG.edf,NOT_VERIFIED,EEG Pz-Oz,EEG,encoded in label; anatomical/reference interpretation requires contract review,100,uV,SC EMG envelope documented; CAP representation NOT_VERIFIED per channel,https://physionet.org/files/sleep-edfx/1.0.0/sleep-cassette/SC4332F0-PSG.edf,TRUE,Header-only; no signal samples read.
Sleep-EDF Expanded v1.0.0,NOT_VERIFIED,SC4332F0-PSG.edf,NOT_VERIFIED,EOG horizontal,EOG,encoded in label; anatomical/reference interpretation requires contract review,100,uV,SC EMG envelope documented; CAP representation NOT_VERIFIED per channel,https://physionet.org/files/sleep-edfx/1.0.0/sleep-cassette/SC4332F0-PSG.edf,TRUE,Header-only; no signal samples read.
Sleep-EDF Expanded v1.0.0,NOT_VERIFIED,SC4332F0-PSG.edf,NOT_VERIFIED,Resp oro-nasal,OTHER,encoded in label; anatomical/reference interpretation requires contract review,1,,SC EMG envelope documented; CAP representation NOT_VERIFIED per channel,https://physionet.org/files/sleep-edfx/1.0.0/sleep-cassette/SC4332F0-PSG.edf,TRUE,Header-only; no signal samples read.
Sleep-EDF Expanded v1.0.0,NOT_VERIFIED,SC4332F0-PSG.edf,NOT_VERIFIED,EMG submental,EMG,encoded in label; anatomical/reference interpretation requires contract review,1,uV,SC EMG envelope documented; CAP representation NOT_VERIFIED per channel,https://physionet.org/files/sleep-edfx/1.0.0/sleep-cassette/SC4332F0-PSG.edf,TRUE,Header-only; no signal samples read.
Sleep-EDF Expanded v1.0.0,NOT_VERIFIED,SC4332F0-PSG.edf,NOT_VERIFIED,Temp rectal,OTHER,encoded in label; anatomical/reference interpretation requires contract review,1,DegC,SC EMG envelope documented; CAP representation NOT_VERIFIED per channel,https://physionet.org/files/sleep-edfx/1.0.0/sleep-cassette/SC4332F0-PSG.edf,TRUE,Header-only; no signal samples read.
Sleep-EDF Expanded v1.0.0,NOT_VERIFIED,SC4332F0-PSG.edf,NOT_VERIFIED,Event marker,OTHER,encoded in label; anatomical/reference interpretation requires contract review,1,,SC EMG envelope documented; CAP representation NOT_VERIFIED per channel,https://physionet.org/files/sleep-edfx/1.0.0/sleep-cassette/SC4332F0-PSG.edf,TRUE,Header-only; no signal samples read.
Sleep-EDF Expanded v1.0.0,NOT_VERIFIED,SC4341F0-PSG.edf,NOT_VERIFIED,EEG Fpz-Cz,EEG,encoded in label; anatomical/reference interpretation requires contract review,100,uV,SC EMG envelope documented; CAP representation NOT_VERIFIED per channel,https://physionet.org/files/sleep-edfx/1.0.0/sleep-cassette/SC4341F0-PSG.edf,TRUE,Header-only; no signal samples read.
Sleep-EDF Expanded v1.0.0,NOT_VERIFIED,SC4341F0-PSG.edf,NOT_VERIFIED,EEG Pz-Oz,EEG,encoded in label; anatomical/reference interpretation requires contract review,100,uV,SC EMG envelope documented; CAP representation NOT_VERIFIED per channel,https://physionet.org/files/sleep-edfx/1.0.0/sleep-cassette/SC4341F0-PSG.edf,TRUE,Header-only; no signal samples read.
Sleep-EDF Expanded v1.0.0,NOT_VERIFIED,SC4341F0-PSG.edf,NOT_VERIFIED,EOG horizontal,EOG,encoded in label; anatomical/reference interpretation requires contract review,100,uV,SC EMG envelope documented; CAP representation NOT_VERIFIED per channel,https://physionet.org/files/sleep-edfx/1.0.0/sleep-cassette/SC4341F0-PSG.edf,TRUE,Header-only; no signal samples read.
Sleep-EDF Expanded v1.0.0,NOT_VERIFIED,SC4341F0-PSG.edf,NOT_VERIFIED,Resp oro-nasal,OTHER,encoded in label; anatomical/reference interpretation requires contract review,1,,SC EMG envelope documented; CAP representation NOT_VERIFIED per channel,https://physionet.org/files/sleep-edfx/1.0.0/sleep-cassette/SC4341F0-PSG.edf,TRUE,Header-only; no signal samples read.
Sleep-EDF Expanded v1.0.0,NOT_VERIFIED,SC4341F0-PSG.edf,NOT_VERIFIED,EMG submental,EMG,encoded in label; anatomical/reference interpretation requires contract review,1,uV,SC EMG envelope documented; CAP representation NOT_VERIFIED per channel,https://physionet.org/files/sleep-edfx/1.0.0/sleep-cassette/SC4341F0-PSG.edf,TRUE,Header-only; no signal samples read.
Sleep-EDF Expanded v1.0.0,NOT_VERIFIED,SC4341F0-PSG.edf,NOT_VERIFIED,Temp rectal,OTHER,encoded in label; anatomical/reference interpretation requires contract review,1,DegC,SC EMG envelope documented; CAP representation NOT_VERIFIED per channel,https://physionet.org/files/sleep-edfx/1.0.0/sleep-cassette/SC4341F0-PSG.edf,TRUE,Header-only; no signal samples read.
Sleep-EDF Expanded v1.0.0,NOT_VERIFIED,SC4341F0-PSG.edf,NOT_VERIFIED,Event marker,OTHER,encoded in label; anatomical/reference interpretation requires contract review,1,,SC EMG envelope documented; CAP representation NOT_VERIFIED per channel,https://physionet.org/files/sleep-edfx/1.0.0/sleep-cassette/SC4341F0-PSG.edf,TRUE,Header-only; no signal samples read.
Sleep-EDF Expanded v1.0.0,NOT_VERIFIED,SC4342F0-PSG.edf,NOT_VERIFIED,EEG Fpz-Cz,EEG,encoded in label; anatomical/reference interpretation requires contract review,100,uV,SC EMG envelope documented; CAP representation NOT_VERIFIED per channel,https://physionet.org/files/sleep-edfx/1.0.0/sleep-cassette/SC4342F0-PSG.edf,TRUE,Header-only; no signal samples read.
Sleep-EDF Expanded v1.0.0,NOT_VERIFIED,SC4342F0-PSG.edf,NOT_VERIFIED,EEG Pz-Oz,EEG,encoded in label; anatomical/reference interpretation requires contract review,100,uV,SC EMG envelope documented; CAP representation NOT_VERIFIED per channel,https://physionet.org/files/sleep-edfx/1.0.0/sleep-cassette/SC4342F0-PSG.edf,TRUE,Header-only; no signal samples read.
Sleep-EDF Expanded v1.0.0,NOT_VERIFIED,SC4342F0-PSG.edf,NOT_VERIFIED,EOG horizontal,EOG,encoded in label; anatomical/reference interpretation requires contract review,100,uV,SC EMG envelope documented; CAP representation NOT_VERIFIED per channel,https://physionet.org/files/sleep-edfx/1.0.0/sleep-cassette/SC4342F0-PSG.edf,TRUE,Header-only; no signal samples read.
Sleep-EDF Expanded v1.0.0,NOT_VERIFIED,SC4342F0-PSG.edf,NOT_VERIFIED,Resp oro-nasal,OTHER,encoded in label; anatomical/reference interpretation requires contract review,1,,SC EMG envelope documented; CAP representation NOT_VERIFIED per channel,https://physionet.org/files/sleep-edfx/1.0.0/sleep-cassette/SC4342F0-PSG.edf,TRUE,Header-only; no signal samples read.
Sleep-EDF Expanded v1.0.0,NOT_VERIFIED,SC4342F0-PSG.edf,NOT_VERIFIED,EMG submental,EMG,encoded in label; anatomical/reference interpretation requires contract review,1,uV,SC EMG envelope documented; CAP representation NOT_VERIFIED per channel,https://physionet.org/files/sleep-edfx/1.0.0/sleep-cassette/SC4342F0-PSG.edf,TRUE,Header-only; no signal samples read.
Sleep-EDF Expanded v1.0.0,NOT_VERIFIED,SC4342F0-PSG.edf,NOT_VERIFIED,Temp rectal,OTHER,encoded in label; anatomical/reference interpretation requires contract review,1,DegC,SC EMG envelope documented; CAP representation NOT_VERIFIED per channel,https://physionet.org/files/sleep-edfx/1.0.0/sleep-cassette/SC4342F0-PSG.edf,TRUE,Header-only; no signal samples read.
Sleep-EDF Expanded v1.0.0,NOT_VERIFIED,SC4342F0-PSG.edf,NOT_VERIFIED,Event marker,OTHER,encoded in label; anatomical/reference interpretation requires contract review,1,,SC EMG envelope documented; CAP representation NOT_VERIFIED per channel,https://physionet.org/files/sleep-edfx/1.0.0/sleep-cassette/SC4342F0-PSG.edf,TRUE,Header-only; no signal samples read.
Sleep-EDF Expanded v1.0.0,NOT_VERIFIED,SC4351F0-PSG.edf,NOT_VERIFIED,EEG Fpz-Cz,EEG,encoded in label; anatomical/reference interpretation requires contract review,100,uV,SC EMG envelope documented; CAP representation NOT_VERIFIED per channel,https://physionet.org/files/sleep-edfx/1.0.0/sleep-cassette/SC4351F0-PSG.edf,TRUE,Header-only; no signal samples read.
Sleep-EDF Expanded v1.0.0,NOT_VERIFIED,SC4351F0-PSG.edf,NOT_VERIFIED,EEG Pz-Oz,EEG,encoded in label; anatomical/reference interpretation requires contract review,100,uV,SC EMG envelope documented; CAP representation NOT_VERIFIED per channel,https://physionet.org/files/sleep-edfx/1.0.0/sleep-cassette/SC4351F0-PSG.edf,TRUE,Header-only; no signal samples read.
Sleep-EDF Expanded v1.0.0,NOT_VERIFIED,SC4351F0-PSG.edf,NOT_VERIFIED,EOG horizontal,EOG,encoded in label; anatomical/reference interpretation requires contract review,100,uV,SC EMG envelope documented; CAP representation NOT_VERIFIED per channel,https://physionet.org/files/sleep-edfx/1.0.0/sleep-cassette/SC4351F0-PSG.edf,TRUE,Header-only; no signal samples read.
Sleep-EDF Expanded v1.0.0,NOT_VERIFIED,SC4351F0-PSG.edf,NOT_VERIFIED,Resp oro-nasal,OTHER,encoded in label; anatomical/reference interpretation requires contract review,1,,SC EMG envelope documented; CAP representation NOT_VERIFIED per channel,https://physionet.org/files/sleep-edfx/1.0.0/sleep-cassette/SC4351F0-PSG.edf,TRUE,Header-only; no signal samples read.
Sleep-EDF Expanded v1.0.0,NOT_VERIFIED,SC4351F0-PSG.edf,NOT_VERIFIED,EMG submental,EMG,encoded in label; anatomical/reference interpretation requires contract review,1,uV,SC EMG envelope documented; CAP representation NOT_VERIFIED per channel,https://physionet.org/files/sleep-edfx/1.0.0/sleep-cassette/SC4351F0-PSG.edf,TRUE,Header-only; no signal samples read.
Sleep-EDF Expanded v1.0.0,NOT_VERIFIED,SC4351F0-PSG.edf,NOT_VERIFIED,Temp rectal,OTHER,encoded in label; anatomical/reference interpretation requires contract review,1,,SC EMG envelope documented; CAP representation NOT_VERIFIED per channel,https://physionet.org/files/sleep-edfx/1.0.0/sleep-cassette/SC4351F0-PSG.edf,TRUE,Header-only; no signal samples read.
Sleep-EDF Expanded v1.0.0,NOT_VERIFIED,SC4351F0-PSG.edf,NOT_VERIFIED,Event marker,OTHER,encoded in label; anatomical/reference interpretation requires contract review,1,,SC EMG envelope documented; CAP representation NOT_VERIFIED per channel,https://physionet.org/files/sleep-edfx/1.0.0/sleep-cassette/SC4351F0-PSG.edf,TRUE,Header-only; no signal samples read.
Sleep-EDF Expanded v1.0.0,NOT_VERIFIED,SC4352F0-PSG.edf,NOT_VERIFIED,EEG Fpz-Cz,EEG,encoded in label; anatomical/reference interpretation requires contract review,100,uV,SC EMG envelope documented; CAP representation NOT_VERIFIED per channel,https://physionet.org/files/sleep-edfx/1.0.0/sleep-cassette/SC4352F0-PSG.edf,TRUE,Header-only; no signal samples read.
Sleep-EDF Expanded v1.0.0,NOT_VERIFIED,SC4352F0-PSG.edf,NOT_VERIFIED,EEG Pz-Oz,EEG,encoded in label; anatomical/reference interpretation requires contract review,100,uV,SC EMG envelope documented; CAP representation NOT_VERIFIED per channel,https://physionet.org/files/sleep-edfx/1.0.0/sleep-cassette/SC4352F0-PSG.edf,TRUE,Header-only; no signal samples read.
Sleep-EDF Expanded v1.0.0,NOT_VERIFIED,SC4352F0-PSG.edf,NOT_VERIFIED,EOG horizontal,EOG,encoded in label; anatomical/reference interpretation requires contract review,100,uV,SC EMG envelope documented; CAP representation NOT_VERIFIED per channel,https://physionet.org/files/sleep-edfx/1.0.0/sleep-cassette/SC4352F0-PSG.edf,TRUE,Header-only; no signal samples read.
Sleep-EDF Expanded v1.0.0,NOT_VERIFIED,SC4352F0-PSG.edf,NOT_VERIFIED,Resp oro-nasal,OTHER,encoded in label; anatomical/reference interpretation requires contract review,1,,SC EMG envelope documented; CAP representation NOT_VERIFIED per channel,https://physionet.org/files/sleep-edfx/1.0.0/sleep-cassette/SC4352F0-PSG.edf,TRUE,Header-only; no signal samples read.
Sleep-EDF Expanded v1.0.0,NOT_VERIFIED,SC4352F0-PSG.edf,NOT_VERIFIED,EMG submental,EMG,encoded in label; anatomical/reference interpretation requires contract review,1,uV,SC EMG envelope documented; CAP representation NOT_VERIFIED per channel,https://physionet.org/files/sleep-edfx/1.0.0/sleep-cassette/SC4352F0-PSG.edf,TRUE,Header-only; no signal samples read.
Sleep-EDF Expanded v1.0.0,NOT_VERIFIED,SC4352F0-PSG.edf,NOT_VERIFIED,Temp rectal,OTHER,encoded in label; anatomical/reference interpretation requires contract review,1,,SC EMG envelope documented; CAP representation NOT_VERIFIED per channel,https://physionet.org/files/sleep-edfx/1.0.0/sleep-cassette/SC4352F0-PSG.edf,TRUE,Header-only; no signal samples read.
Sleep-EDF Expanded v1.0.0,NOT_VERIFIED,SC4352F0-PSG.edf,NOT_VERIFIED,Event marker,OTHER,encoded in label; anatomical/reference interpretation requires contract review,1,,SC EMG envelope documented; CAP representation NOT_VERIFIED per channel,https://physionet.org/files/sleep-edfx/1.0.0/sleep-cassette/SC4352F0-PSG.edf,TRUE,Header-only; no signal samples read.
Sleep-EDF Expanded v1.0.0,NOT_VERIFIED,SC4362F0-PSG.edf,NOT_VERIFIED,EEG Fpz-Cz,EEG,encoded in label; anatomical/reference interpretation requires contract review,100,uV,SC EMG envelope documented; CAP representation NOT_VERIFIED per channel,https://physionet.org/files/sleep-edfx/1.0.0/sleep-cassette/SC4362F0-PSG.edf,TRUE,Header-only; no signal samples read.
Sleep-EDF Expanded v1.0.0,NOT_VERIFIED,SC4362F0-PSG.edf,NOT_VERIFIED,EEG Pz-Oz,EEG,encoded in label; anatomical/reference interpretation requires contract review,100,uV,SC EMG envelope documented; CAP representation NOT_VERIFIED per channel,https://physionet.org/files/sleep-edfx/1.0.0/sleep-cassette/SC4362F0-PSG.edf,TRUE,Header-only; no signal samples read.
Sleep-EDF Expanded v1.0.0,NOT_VERIFIED,SC4362F0-PSG.edf,NOT_VERIFIED,EOG horizontal,EOG,encoded in label; anatomical/reference interpretation requires contract review,100,uV,SC EMG envelope documented; CAP representation NOT_VERIFIED per channel,https://physionet.org/files/sleep-edfx/1.0.0/sleep-cassette/SC4362F0-PSG.edf,TRUE,Header-only; no signal samples read.
Sleep-EDF Expanded v1.0.0,NOT_VERIFIED,SC4362F0-PSG.edf,NOT_VERIFIED,Resp oro-nasal,OTHER,encoded in label; anatomical/reference interpretation requires contract review,1,,SC EMG envelope documented; CAP representation NOT_VERIFIED per channel,https://physionet.org/files/sleep-edfx/1.0.0/sleep-cassette/SC4362F0-PSG.edf,TRUE,Header-only; no signal samples read.
Sleep-EDF Expanded v1.0.0,NOT_VERIFIED,SC4362F0-PSG.edf,NOT_VERIFIED,EMG submental,EMG,encoded in label; anatomical/reference interpretation requires contract review,1,uV,SC EMG envelope documented; CAP representation NOT_VERIFIED per channel,https://physionet.org/files/sleep-edfx/1.0.0/sleep-cassette/SC4362F0-PSG.edf,TRUE,Header-only; no signal samples read.
Sleep-EDF Expanded v1.0.0,NOT_VERIFIED,SC4362F0-PSG.edf,NOT_VERIFIED,Temp rectal,OTHER,encoded in label; anatomical/reference interpretation requires contract review,1,DegC,SC EMG envelope documented; CAP representation NOT_VERIFIED per channel,https://physionet.org/files/sleep-edfx/1.0.0/sleep-cassette/SC4362F0-PSG.edf,TRUE,Header-only; no signal samples read.
Sleep-EDF Expanded v1.0.0,NOT_VERIFIED,SC4362F0-PSG.edf,NOT_VERIFIED,Event marker,OTHER,encoded in label; anatomical/reference interpretation requires contract review,1,,SC EMG envelope documented; CAP representation NOT_VERIFIED per channel,https://physionet.org/files/sleep-edfx/1.0.0/sleep-cassette/SC4362F0-PSG.edf,TRUE,Header-only; no signal samples read.
Sleep-EDF Expanded v1.0.0,NOT_VERIFIED,SC4371F0-PSG.edf,NOT_VERIFIED,EEG Fpz-Cz,EEG,encoded in label; anatomical/reference interpretation requires contract review,100,uV,SC EMG envelope documented; CAP representation NOT_VERIFIED per channel,https://physionet.org/files/sleep-edfx/1.0.0/sleep-cassette/SC4371F0-PSG.edf,TRUE,Header-only; no signal samples read.
Sleep-EDF Expanded v1.0.0,NOT_VERIFIED,SC4371F0-PSG.edf,NOT_VERIFIED,EEG Pz-Oz,EEG,encoded in label; anatomical/reference interpretation requires contract review,100,uV,SC EMG envelope documented; CAP representation NOT_VERIFIED per channel,https://physionet.org/files/sleep-edfx/1.0.0/sleep-cassette/SC4371F0-PSG.edf,TRUE,Header-only; no signal samples read.
Sleep-EDF Expanded v1.0.0,NOT_VERIFIED,SC4371F0-PSG.edf,NOT_VERIFIED,EOG horizontal,EOG,encoded in label; anatomical/reference interpretation requires contract review,100,uV,SC EMG envelope documented; CAP representation NOT_VERIFIED per channel,https://physionet.org/files/sleep-edfx/1.0.0/sleep-cassette/SC4371F0-PSG.edf,TRUE,Header-only; no signal samples read.
Sleep-EDF Expanded v1.0.0,NOT_VERIFIED,SC4371F0-PSG.edf,NOT_VERIFIED,Resp oro-nasal,OTHER,encoded in label; anatomical/reference interpretation requires contract review,1,,SC EMG envelope documented; CAP representation NOT_VERIFIED per channel,https://physionet.org/files/sleep-edfx/1.0.0/sleep-cassette/SC4371F0-PSG.edf,TRUE,Header-only; no signal samples read.
Sleep-EDF Expanded v1.0.0,NOT_VERIFIED,SC4371F0-PSG.edf,NOT_VERIFIED,EMG submental,EMG,encoded in label; anatomical/reference interpretation requires contract review,1,uV,SC EMG envelope documented; CAP representation NOT_VERIFIED per channel,https://physionet.org/files/sleep-edfx/1.0.0/sleep-cassette/SC4371F0-PSG.edf,TRUE,Header-only; no signal samples read.
Sleep-EDF Expanded v1.0.0,NOT_VERIFIED,SC4371F0-PSG.edf,NOT_VERIFIED,Temp rectal,OTHER,encoded in label; anatomical/reference interpretation requires contract review,1,DegC,SC EMG envelope documented; CAP representation NOT_VERIFIED per channel,https://physionet.org/files/sleep-edfx/1.0.0/sleep-cassette/SC4371F0-PSG.edf,TRUE,Header-only; no signal samples read.
Sleep-EDF Expanded v1.0.0,NOT_VERIFIED,SC4371F0-PSG.edf,NOT_VERIFIED,Event marker,OTHER,encoded in label; anatomical/reference interpretation requires contract review,1,,SC EMG envelope documented; CAP representation NOT_VERIFIED per channel,https://physionet.org/files/sleep-edfx/1.0.0/sleep-cassette/SC4371F0-PSG.edf,TRUE,Header-only; no signal samples read.
Sleep-EDF Expanded v1.0.0,NOT_VERIFIED,SC4372F0-PSG.edf,NOT_VERIFIED,EEG Fpz-Cz,EEG,encoded in label; anatomical/reference interpretation requires contract review,100,uV,SC EMG envelope documented; CAP representation NOT_VERIFIED per channel,https://physionet.org/files/sleep-edfx/1.0.0/sleep-cassette/SC4372F0-PSG.edf,TRUE,Header-only; no signal samples read.
Sleep-EDF Expanded v1.0.0,NOT_VERIFIED,SC4372F0-PSG.edf,NOT_VERIFIED,EEG Pz-Oz,EEG,encoded in label; anatomical/reference interpretation requires contract review,100,uV,SC EMG envelope documented; CAP representation NOT_VERIFIED per channel,https://physionet.org/files/sleep-edfx/1.0.0/sleep-cassette/SC4372F0-PSG.edf,TRUE,Header-only; no signal samples read.
Sleep-EDF Expanded v1.0.0,NOT_VERIFIED,SC4372F0-PSG.edf,NOT_VERIFIED,EOG horizontal,EOG,encoded in label; anatomical/reference interpretation requires contract review,100,uV,SC EMG envelope documented; CAP representation NOT_VERIFIED per channel,https://physionet.org/files/sleep-edfx/1.0.0/sleep-cassette/SC4372F0-PSG.edf,TRUE,Header-only; no signal samples read.
Sleep-EDF Expanded v1.0.0,NOT_VERIFIED,SC4372F0-PSG.edf,NOT_VERIFIED,Resp oro-nasal,OTHER,encoded in label; anatomical/reference interpretation requires contract review,1,,SC EMG envelope documented; CAP representation NOT_VERIFIED per channel,https://physionet.org/files/sleep-edfx/1.0.0/sleep-cassette/SC4372F0-PSG.edf,TRUE,Header-only; no signal samples read.
Sleep-EDF Expanded v1.0.0,NOT_VERIFIED,SC4372F0-PSG.edf,NOT_VERIFIED,EMG submental,EMG,encoded in label; anatomical/reference interpretation requires contract review,1,uV,SC EMG envelope documented; CAP representation NOT_VERIFIED per channel,https://physionet.org/files/sleep-edfx/1.0.0/sleep-cassette/SC4372F0-PSG.edf,TRUE,Header-only; no signal samples read.
Sleep-EDF Expanded v1.0.0,NOT_VERIFIED,SC4372F0-PSG.edf,NOT_VERIFIED,Temp rectal,OTHER,encoded in label; anatomical/reference interpretation requires contract review,1,DegC,SC EMG envelope documented; CAP representation NOT_VERIFIED per channel,https://physionet.org/files/sleep-edfx/1.0.0/sleep-cassette/SC4372F0-PSG.edf,TRUE,Header-only; no signal samples read.
Sleep-EDF Expanded v1.0.0,NOT_VERIFIED,SC4372F0-PSG.edf,NOT_VERIFIED,Event marker,OTHER,encoded in label; anatomical/reference interpretation requires contract review,1,,SC EMG envelope documented; CAP representation NOT_VERIFIED per channel,https://physionet.org/files/sleep-edfx/1.0.0/sleep-cassette/SC4372F0-PSG.edf,TRUE,Header-only; no signal samples read.
Sleep-EDF Expanded v1.0.0,NOT_VERIFIED,SC4381F0-PSG.edf,NOT_VERIFIED,EEG Fpz-Cz,EEG,encoded in label; anatomical/reference interpretation requires contract review,100,uV,SC EMG envelope documented; CAP representation NOT_VERIFIED per channel,https://physionet.org/files/sleep-edfx/1.0.0/sleep-cassette/SC4381F0-PSG.edf,TRUE,Header-only; no signal samples read.
Sleep-EDF Expanded v1.0.0,NOT_VERIFIED,SC4381F0-PSG.edf,NOT_VERIFIED,EEG Pz-Oz,EEG,encoded in label; anatomical/reference interpretation requires contract review,100,uV,SC EMG envelope documented; CAP representation NOT_VERIFIED per channel,https://physionet.org/files/sleep-edfx/1.0.0/sleep-cassette/SC4381F0-PSG.edf,TRUE,Header-only; no signal samples read.
Sleep-EDF Expanded v1.0.0,NOT_VERIFIED,SC4381F0-PSG.edf,NOT_VERIFIED,EOG horizontal,EOG,encoded in label; anatomical/reference interpretation requires contract review,100,uV,SC EMG envelope documented; CAP representation NOT_VERIFIED per channel,https://physionet.org/files/sleep-edfx/1.0.0/sleep-cassette/SC4381F0-PSG.edf,TRUE,Header-only; no signal samples read.
Sleep-EDF Expanded v1.0.0,NOT_VERIFIED,SC4381F0-PSG.edf,NOT_VERIFIED,Resp oro-nasal,OTHER,encoded in label; anatomical/reference interpretation requires contract review,1,,SC EMG envelope documented; CAP representation NOT_VERIFIED per channel,https://physionet.org/files/sleep-edfx/1.0.0/sleep-cassette/SC4381F0-PSG.edf,TRUE,Header-only; no signal samples read.
Sleep-EDF Expanded v1.0.0,NOT_VERIFIED,SC4381F0-PSG.edf,NOT_VERIFIED,EMG submental,EMG,encoded in label; anatomical/reference interpretation requires contract review,1,uV,SC EMG envelope documented; CAP representation NOT_VERIFIED per channel,https://physionet.org/files/sleep-edfx/1.0.0/sleep-cassette/SC4381F0-PSG.edf,TRUE,Header-only; no signal samples read.
Sleep-EDF Expanded v1.0.0,NOT_VERIFIED,SC4381F0-PSG.edf,NOT_VERIFIED,Temp rectal,OTHER,encoded in label; anatomical/reference interpretation requires contract review,1,DegC,SC EMG envelope documented; CAP representation NOT_VERIFIED per channel,https://physionet.org/files/sleep-edfx/1.0.0/sleep-cassette/SC4381F0-PSG.edf,TRUE,Header-only; no signal samples read.
Sleep-EDF Expanded v1.0.0,NOT_VERIFIED,SC4381F0-PSG.edf,NOT_VERIFIED,Event marker,OTHER,encoded in label; anatomical/reference interpretation requires contract review,1,,SC EMG envelope documented; CAP representation NOT_VERIFIED per channel,https://physionet.org/files/sleep-edfx/1.0.0/sleep-cassette/SC4381F0-PSG.edf,TRUE,Header-only; no signal samples read.
Sleep-EDF Expanded v1.0.0,NOT_VERIFIED,SC4382F0-PSG.edf,NOT_VERIFIED,EEG Fpz-Cz,EEG,encoded in label; anatomical/reference interpretation requires contract review,100,uV,SC EMG envelope documented; CAP representation NOT_VERIFIED per channel,https://physionet.org/files/sleep-edfx/1.0.0/sleep-cassette/SC4382F0-PSG.edf,TRUE,Header-only; no signal samples read.
Sleep-EDF Expanded v1.0.0,NOT_VERIFIED,SC4382F0-PSG.edf,NOT_VERIFIED,EEG Pz-Oz,EEG,encoded in label; anatomical/reference interpretation requires contract review,100,uV,SC EMG envelope documented; CAP representation NOT_VERIFIED per channel,https://physionet.org/files/sleep-edfx/1.0.0/sleep-cassette/SC4382F0-PSG.edf,TRUE,Header-only; no signal samples read.
Sleep-EDF Expanded v1.0.0,NOT_VERIFIED,SC4382F0-PSG.edf,NOT_VERIFIED,EOG horizontal,EOG,encoded in label; anatomical/reference interpretation requires contract review,100,uV,SC EMG envelope documented; CAP representation NOT_VERIFIED per channel,https://physionet.org/files/sleep-edfx/1.0.0/sleep-cassette/SC4382F0-PSG.edf,TRUE,Header-only; no signal samples read.
Sleep-EDF Expanded v1.0.0,NOT_VERIFIED,SC4382F0-PSG.edf,NOT_VERIFIED,Resp oro-nasal,OTHER,encoded in label; anatomical/reference interpretation requires contract review,1,,SC EMG envelope documented; CAP representation NOT_VERIFIED per channel,https://physionet.org/files/sleep-edfx/1.0.0/sleep-cassette/SC4382F0-PSG.edf,TRUE,Header-only; no signal samples read.
Sleep-EDF Expanded v1.0.0,NOT_VERIFIED,SC4382F0-PSG.edf,NOT_VERIFIED,EMG submental,EMG,encoded in label; anatomical/reference interpretation requires contract review,1,uV,SC EMG envelope documented; CAP representation NOT_VERIFIED per channel,https://physionet.org/files/sleep-edfx/1.0.0/sleep-cassette/SC4382F0-PSG.edf,TRUE,Header-only; no signal samples read.
Sleep-EDF Expanded v1.0.0,NOT_VERIFIED,SC4382F0-PSG.edf,NOT_VERIFIED,Temp rectal,OTHER,encoded in label; anatomical/reference interpretation requires contract review,1,DegC,SC EMG envelope documented; CAP representation NOT_VERIFIED per channel,https://physionet.org/files/sleep-edfx/1.0.0/sleep-cassette/SC4382F0-PSG.edf,TRUE,Header-only; no signal samples read.
Sleep-EDF Expanded v1.0.0,NOT_VERIFIED,SC4382F0-PSG.edf,NOT_VERIFIED,Event marker,OTHER,encoded in label; anatomical/reference interpretation requires contract review,1,,SC EMG envelope documented; CAP representation NOT_VERIFIED per channel,https://physionet.org/files/sleep-edfx/1.0.0/sleep-cassette/SC4382F0-PSG.edf,TRUE,Header-only; no signal samples read.
Sleep-EDF Expanded v1.0.0,NOT_VERIFIED,SC4401E0-PSG.edf,NOT_VERIFIED,EEG Fpz-Cz,EEG,encoded in label; anatomical/reference interpretation requires contract review,100,uV,SC EMG envelope documented; CAP representation NOT_VERIFIED per channel,https://physionet.org/files/sleep-edfx/1.0.0/sleep-cassette/SC4401E0-PSG.edf,TRUE,Header-only; no signal samples read.
Sleep-EDF Expanded v1.0.0,NOT_VERIFIED,SC4401E0-PSG.edf,NOT_VERIFIED,EEG Pz-Oz,EEG,encoded in label; anatomical/reference interpretation requires contract review,100,uV,SC EMG envelope documented; CAP representation NOT_VERIFIED per channel,https://physionet.org/files/sleep-edfx/1.0.0/sleep-cassette/SC4401E0-PSG.edf,TRUE,Header-only; no signal samples read.
Sleep-EDF Expanded v1.0.0,NOT_VERIFIED,SC4401E0-PSG.edf,NOT_VERIFIED,EOG horizontal,EOG,encoded in label; anatomical/reference interpretation requires contract review,100,uV,SC EMG envelope documented; CAP representation NOT_VERIFIED per channel,https://physionet.org/files/sleep-edfx/1.0.0/sleep-cassette/SC4401E0-PSG.edf,TRUE,Header-only; no signal samples read.
Sleep-EDF Expanded v1.0.0,NOT_VERIFIED,SC4401E0-PSG.edf,NOT_VERIFIED,Resp oro-nasal,OTHER,encoded in label; anatomical/reference interpretation requires contract review,1,,SC EMG envelope documented; CAP representation NOT_VERIFIED per channel,https://physionet.org/files/sleep-edfx/1.0.0/sleep-cassette/SC4401E0-PSG.edf,TRUE,Header-only; no signal samples read.
Sleep-EDF Expanded v1.0.0,NOT_VERIFIED,SC4401E0-PSG.edf,NOT_VERIFIED,EMG submental,EMG,encoded in label; anatomical/reference interpretation requires contract review,1,uV,SC EMG envelope documented; CAP representation NOT_VERIFIED per channel,https://physionet.org/files/sleep-edfx/1.0.0/sleep-cassette/SC4401E0-PSG.edf,TRUE,Header-only; no signal samples read.
Sleep-EDF Expanded v1.0.0,NOT_VERIFIED,SC4401E0-PSG.edf,NOT_VERIFIED,Temp rectal,OTHER,encoded in label; anatomical/reference interpretation requires contract review,1,DegC,SC EMG envelope documented; CAP representation NOT_VERIFIED per channel,https://physionet.org/files/sleep-edfx/1.0.0/sleep-cassette/SC4401E0-PSG.edf,TRUE,Header-only; no signal samples read.
Sleep-EDF Expanded v1.0.0,NOT_VERIFIED,SC4401E0-PSG.edf,NOT_VERIFIED,Event marker,OTHER,encoded in label; anatomical/reference interpretation requires contract review,1,,SC EMG envelope documented; CAP representation NOT_VERIFIED per channel,https://physionet.org/files/sleep-edfx/1.0.0/sleep-cassette/SC4401E0-PSG.edf,TRUE,Header-only; no signal samples read.
Sleep-EDF Expanded v1.0.0,NOT_VERIFIED,SC4402E0-PSG.edf,NOT_VERIFIED,EEG Fpz-Cz,EEG,encoded in label; anatomical/reference interpretation requires contract review,100,uV,SC EMG envelope documented; CAP representation NOT_VERIFIED per channel,https://physionet.org/files/sleep-edfx/1.0.0/sleep-cassette/SC4402E0-PSG.edf,TRUE,Header-only; no signal samples read.
Sleep-EDF Expanded v1.0.0,NOT_VERIFIED,SC4402E0-PSG.edf,NOT_VERIFIED,EEG Pz-Oz,EEG,encoded in label; anatomical/reference interpretation requires contract review,100,uV,SC EMG envelope documented; CAP representation NOT_VERIFIED per channel,https://physionet.org/files/sleep-edfx/1.0.0/sleep-cassette/SC4402E0-PSG.edf,TRUE,Header-only; no signal samples read.
Sleep-EDF Expanded v1.0.0,NOT_VERIFIED,SC4402E0-PSG.edf,NOT_VERIFIED,EOG horizontal,EOG,encoded in label; anatomical/reference interpretation requires contract review,100,uV,SC EMG envelope documented; CAP representation NOT_VERIFIED per channel,https://physionet.org/files/sleep-edfx/1.0.0/sleep-cassette/SC4402E0-PSG.edf,TRUE,Header-only; no signal samples read.
Sleep-EDF Expanded v1.0.0,NOT_VERIFIED,SC4402E0-PSG.edf,NOT_VERIFIED,Resp oro-nasal,OTHER,encoded in label; anatomical/reference interpretation requires contract review,1,,SC EMG envelope documented; CAP representation NOT_VERIFIED per channel,https://physionet.org/files/sleep-edfx/1.0.0/sleep-cassette/SC4402E0-PSG.edf,TRUE,Header-only; no signal samples read.
Sleep-EDF Expanded v1.0.0,NOT_VERIFIED,SC4402E0-PSG.edf,NOT_VERIFIED,EMG submental,EMG,encoded in label; anatomical/reference interpretation requires contract review,1,uV,SC EMG envelope documented; CAP representation NOT_VERIFIED per channel,https://physionet.org/files/sleep-edfx/1.0.0/sleep-cassette/SC4402E0-PSG.edf,TRUE,Header-only; no signal samples read.
Sleep-EDF Expanded v1.0.0,NOT_VERIFIED,SC4402E0-PSG.edf,NOT_VERIFIED,Temp rectal,OTHER,encoded in label; anatomical/reference interpretation requires contract review,1,DegC,SC EMG envelope documented; CAP representation NOT_VERIFIED per channel,https://physionet.org/files/sleep-edfx/1.0.0/sleep-cassette/SC4402E0-PSG.edf,TRUE,Header-only; no signal samples read.
Sleep-EDF Expanded v1.0.0,NOT_VERIFIED,SC4402E0-PSG.edf,NOT_VERIFIED,Event marker,OTHER,encoded in label; anatomical/reference interpretation requires contract review,1,,SC EMG envelope documented; CAP representation NOT_VERIFIED per channel,https://physionet.org/files/sleep-edfx/1.0.0/sleep-cassette/SC4402E0-PSG.edf,TRUE,Header-only; no signal samples read.
Sleep-EDF Expanded v1.0.0,NOT_VERIFIED,SC4411E0-PSG.edf,NOT_VERIFIED,EEG Fpz-Cz,EEG,encoded in label; anatomical/reference interpretation requires contract review,100,uV,SC EMG envelope documented; CAP representation NOT_VERIFIED per channel,https://physionet.org/files/sleep-edfx/1.0.0/sleep-cassette/SC4411E0-PSG.edf,TRUE,Header-only; no signal samples read.
Sleep-EDF Expanded v1.0.0,NOT_VERIFIED,SC4411E0-PSG.edf,NOT_VERIFIED,EEG Pz-Oz,EEG,encoded in label; anatomical/reference interpretation requires contract review,100,uV,SC EMG envelope documented; CAP representation NOT_VERIFIED per channel,https://physionet.org/files/sleep-edfx/1.0.0/sleep-cassette/SC4411E0-PSG.edf,TRUE,Header-only; no signal samples read.
Sleep-EDF Expanded v1.0.0,NOT_VERIFIED,SC4411E0-PSG.edf,NOT_VERIFIED,EOG horizontal,EOG,encoded in label; anatomical/reference interpretation requires contract review,100,uV,SC EMG envelope documented; CAP representation NOT_VERIFIED per channel,https://physionet.org/files/sleep-edfx/1.0.0/sleep-cassette/SC4411E0-PSG.edf,TRUE,Header-only; no signal samples read.
Sleep-EDF Expanded v1.0.0,NOT_VERIFIED,SC4411E0-PSG.edf,NOT_VERIFIED,Resp oro-nasal,OTHER,encoded in label; anatomical/reference interpretation requires contract review,1,,SC EMG envelope documented; CAP representation NOT_VERIFIED per channel,https://physionet.org/files/sleep-edfx/1.0.0/sleep-cassette/SC4411E0-PSG.edf,TRUE,Header-only; no signal samples read.
Sleep-EDF Expanded v1.0.0,NOT_VERIFIED,SC4411E0-PSG.edf,NOT_VERIFIED,EMG submental,EMG,encoded in label; anatomical/reference interpretation requires contract review,1,uV,SC EMG envelope documented; CAP representation NOT_VERIFIED per channel,https://physionet.org/files/sleep-edfx/1.0.0/sleep-cassette/SC4411E0-PSG.edf,TRUE,Header-only; no signal samples read.
Sleep-EDF Expanded v1.0.0,NOT_VERIFIED,SC4411E0-PSG.edf,NOT_VERIFIED,Temp rectal,OTHER,encoded in label; anatomical/reference interpretation requires contract review,1,DegC,SC EMG envelope documented; CAP representation NOT_VERIFIED per channel,https://physionet.org/files/sleep-edfx/1.0.0/sleep-cassette/SC4411E0-PSG.edf,TRUE,Header-only; no signal samples read.
Sleep-EDF Expanded v1.0.0,NOT_VERIFIED,SC4411E0-PSG.edf,NOT_VERIFIED,Event marker,OTHER,encoded in label; anatomical/reference interpretation requires contract review,1,,SC EMG envelope documented; CAP representation NOT_VERIFIED per channel,https://physionet.org/files/sleep-edfx/1.0.0/sleep-cassette/SC4411E0-PSG.edf,TRUE,Header-only; no signal samples read.
Sleep-EDF Expanded v1.0.0,NOT_VERIFIED,SC4412E0-PSG.edf,NOT_VERIFIED,EEG Fpz-Cz,EEG,encoded in label; anatomical/reference interpretation requires contract review,100,uV,SC EMG envelope documented; CAP representation NOT_VERIFIED per channel,https://physionet.org/files/sleep-edfx/1.0.0/sleep-cassette/SC4412E0-PSG.edf,TRUE,Header-only; no signal samples read.
Sleep-EDF Expanded v1.0.0,NOT_VERIFIED,SC4412E0-PSG.edf,NOT_VERIFIED,EEG Pz-Oz,EEG,encoded in label; anatomical/reference interpretation requires contract review,100,uV,SC EMG envelope documented; CAP representation NOT_VERIFIED per channel,https://physionet.org/files/sleep-edfx/1.0.0/sleep-cassette/SC4412E0-PSG.edf,TRUE,Header-only; no signal samples read.
Sleep-EDF Expanded v1.0.0,NOT_VERIFIED,SC4412E0-PSG.edf,NOT_VERIFIED,EOG horizontal,EOG,encoded in label; anatomical/reference interpretation requires contract review,100,uV,SC EMG envelope documented; CAP representation NOT_VERIFIED per channel,https://physionet.org/files/sleep-edfx/1.0.0/sleep-cassette/SC4412E0-PSG.edf,TRUE,Header-only; no signal samples read.
Sleep-EDF Expanded v1.0.0,NOT_VERIFIED,SC4412E0-PSG.edf,NOT_VERIFIED,Resp oro-nasal,OTHER,encoded in label; anatomical/reference interpretation requires contract review,1,,SC EMG envelope documented; CAP representation NOT_VERIFIED per channel,https://physionet.org/files/sleep-edfx/1.0.0/sleep-cassette/SC4412E0-PSG.edf,TRUE,Header-only; no signal samples read.
Sleep-EDF Expanded v1.0.0,NOT_VERIFIED,SC4412E0-PSG.edf,NOT_VERIFIED,EMG submental,EMG,encoded in label; anatomical/reference interpretation requires contract review,1,uV,SC EMG envelope documented; CAP representation NOT_VERIFIED per channel,https://physionet.org/files/sleep-edfx/1.0.0/sleep-cassette/SC4412E0-PSG.edf,TRUE,Header-only; no signal samples read.
Sleep-EDF Expanded v1.0.0,NOT_VERIFIED,SC4412E0-PSG.edf,NOT_VERIFIED,Temp rectal,OTHER,encoded in label; anatomical/reference interpretation requires contract review,1,DegC,SC EMG envelope documented; CAP representation NOT_VERIFIED per channel,https://physionet.org/files/sleep-edfx/1.0.0/sleep-cassette/SC4412E0-PSG.edf,TRUE,Header-only; no signal samples read.
Sleep-EDF Expanded v1.0.0,NOT_VERIFIED,SC4412E0-PSG.edf,NOT_VERIFIED,Event marker,OTHER,encoded in label; anatomical/reference interpretation requires contract review,1,,SC EMG envelope documented; CAP representation NOT_VERIFIED per channel,https://physionet.org/files/sleep-edfx/1.0.0/sleep-cassette/SC4412E0-PSG.edf,TRUE,Header-only; no signal samples read.
Sleep-EDF Expanded v1.0.0,NOT_VERIFIED,SC4421E0-PSG.edf,NOT_VERIFIED,EEG Fpz-Cz,EEG,encoded in label; anatomical/reference interpretation requires contract review,100,uV,SC EMG envelope documented; CAP representation NOT_VERIFIED per channel,https://physionet.org/files/sleep-edfx/1.0.0/sleep-cassette/SC4421E0-PSG.edf,TRUE,Header-only; no signal samples read.
Sleep-EDF Expanded v1.0.0,NOT_VERIFIED,SC4421E0-PSG.edf,NOT_VERIFIED,EEG Pz-Oz,EEG,encoded in label; anatomical/reference interpretation requires contract review,100,uV,SC EMG envelope documented; CAP representation NOT_VERIFIED per channel,https://physionet.org/files/sleep-edfx/1.0.0/sleep-cassette/SC4421E0-PSG.edf,TRUE,Header-only; no signal samples read.
Sleep-EDF Expanded v1.0.0,NOT_VERIFIED,SC4421E0-PSG.edf,NOT_VERIFIED,EOG horizontal,EOG,encoded in label; anatomical/reference interpretation requires contract review,100,uV,SC EMG envelope documented; CAP representation NOT_VERIFIED per channel,https://physionet.org/files/sleep-edfx/1.0.0/sleep-cassette/SC4421E0-PSG.edf,TRUE,Header-only; no signal samples read.
Sleep-EDF Expanded v1.0.0,NOT_VERIFIED,SC4421E0-PSG.edf,NOT_VERIFIED,Resp oro-nasal,OTHER,encoded in label; anatomical/reference interpretation requires contract review,1,,SC EMG envelope documented; CAP representation NOT_VERIFIED per channel,https://physionet.org/files/sleep-edfx/1.0.0/sleep-cassette/SC4421E0-PSG.edf,TRUE,Header-only; no signal samples read.
Sleep-EDF Expanded v1.0.0,NOT_VERIFIED,SC4421E0-PSG.edf,NOT_VERIFIED,EMG submental,EMG,encoded in label; anatomical/reference interpretation requires contract review,1,uV,SC EMG envelope documented; CAP representation NOT_VERIFIED per channel,https://physionet.org/files/sleep-edfx/1.0.0/sleep-cassette/SC4421E0-PSG.edf,TRUE,Header-only; no signal samples read.
Sleep-EDF Expanded v1.0.0,NOT_VERIFIED,SC4421E0-PSG.edf,NOT_VERIFIED,Temp rectal,OTHER,encoded in label; anatomical/reference interpretation requires contract review,1,DegC,SC EMG envelope documented; CAP representation NOT_VERIFIED per channel,https://physionet.org/files/sleep-edfx/1.0.0/sleep-cassette/SC4421E0-PSG.edf,TRUE,Header-only; no signal samples read.
Sleep-EDF Expanded v1.0.0,NOT_VERIFIED,SC4421E0-PSG.edf,NOT_VERIFIED,Event marker,OTHER,encoded in label; anatomical/reference interpretation requires contract review,1,,SC EMG envelope documented; CAP representation NOT_VERIFIED per channel,https://physionet.org/files/sleep-edfx/1.0.0/sleep-cassette/SC4421E0-PSG.edf,TRUE,Header-only; no signal samples read.
Sleep-EDF Expanded v1.0.0,NOT_VERIFIED,SC4422E0-PSG.edf,NOT_VERIFIED,EEG Fpz-Cz,EEG,encoded in label; anatomical/reference interpretation requires contract review,100,uV,SC EMG envelope documented; CAP representation NOT_VERIFIED per channel,https://physionet.org/files/sleep-edfx/1.0.0/sleep-cassette/SC4422E0-PSG.edf,TRUE,Header-only; no signal samples read.
Sleep-EDF Expanded v1.0.0,NOT_VERIFIED,SC4422E0-PSG.edf,NOT_VERIFIED,EEG Pz-Oz,EEG,encoded in label; anatomical/reference interpretation requires contract review,100,uV,SC EMG envelope documented; CAP representation NOT_VERIFIED per channel,https://physionet.org/files/sleep-edfx/1.0.0/sleep-cassette/SC4422E0-PSG.edf,TRUE,Header-only; no signal samples read.
Sleep-EDF Expanded v1.0.0,NOT_VERIFIED,SC4422E0-PSG.edf,NOT_VERIFIED,EOG horizontal,EOG,encoded in label; anatomical/reference interpretation requires contract review,100,uV,SC EMG envelope documented; CAP representation NOT_VERIFIED per channel,https://physionet.org/files/sleep-edfx/1.0.0/sleep-cassette/SC4422E0-PSG.edf,TRUE,Header-only; no signal samples read.
Sleep-EDF Expanded v1.0.0,NOT_VERIFIED,SC4422E0-PSG.edf,NOT_VERIFIED,Resp oro-nasal,OTHER,encoded in label; anatomical/reference interpretation requires contract review,1,,SC EMG envelope documented; CAP representation NOT_VERIFIED per channel,https://physionet.org/files/sleep-edfx/1.0.0/sleep-cassette/SC4422E0-PSG.edf,TRUE,Header-only; no signal samples read.
Sleep-EDF Expanded v1.0.0,NOT_VERIFIED,SC4422E0-PSG.edf,NOT_VERIFIED,EMG submental,EMG,encoded in label; anatomical/reference interpretation requires contract review,1,uV,SC EMG envelope documented; CAP representation NOT_VERIFIED per channel,https://physionet.org/files/sleep-edfx/1.0.0/sleep-cassette/SC4422E0-PSG.edf,TRUE,Header-only; no signal samples read.
Sleep-EDF Expanded v1.0.0,NOT_VERIFIED,SC4422E0-PSG.edf,NOT_VERIFIED,Temp rectal,OTHER,encoded in label; anatomical/reference interpretation requires contract review,1,DegC,SC EMG envelope documented; CAP representation NOT_VERIFIED per channel,https://physionet.org/files/sleep-edfx/1.0.0/sleep-cassette/SC4422E0-PSG.edf,TRUE,Header-only; no signal samples read.
Sleep-EDF Expanded v1.0.0,NOT_VERIFIED,SC4422E0-PSG.edf,NOT_VERIFIED,Event marker,OTHER,encoded in label; anatomical/reference interpretation requires contract review,1,,SC EMG envelope documented; CAP representation NOT_VERIFIED per channel,https://physionet.org/files/sleep-edfx/1.0.0/sleep-cassette/SC4422E0-PSG.edf,TRUE,Header-only; no signal samples read.
Sleep-EDF Expanded v1.0.0,NOT_VERIFIED,SC4431E0-PSG.edf,NOT_VERIFIED,EEG Fpz-Cz,EEG,encoded in label; anatomical/reference interpretation requires contract review,100,uV,SC EMG envelope documented; CAP representation NOT_VERIFIED per channel,https://physionet.org/files/sleep-edfx/1.0.0/sleep-cassette/SC4431E0-PSG.edf,TRUE,Header-only; no signal samples read.
Sleep-EDF Expanded v1.0.0,NOT_VERIFIED,SC4431E0-PSG.edf,NOT_VERIFIED,EEG Pz-Oz,EEG,encoded in label; anatomical/reference interpretation requires contract review,100,uV,SC EMG envelope documented; CAP representation NOT_VERIFIED per channel,https://physionet.org/files/sleep-edfx/1.0.0/sleep-cassette/SC4431E0-PSG.edf,TRUE,Header-only; no signal samples read.
Sleep-EDF Expanded v1.0.0,NOT_VERIFIED,SC4431E0-PSG.edf,NOT_VERIFIED,EOG horizontal,EOG,encoded in label; anatomical/reference interpretation requires contract review,100,uV,SC EMG envelope documented; CAP representation NOT_VERIFIED per channel,https://physionet.org/files/sleep-edfx/1.0.0/sleep-cassette/SC4431E0-PSG.edf,TRUE,Header-only; no signal samples read.
Sleep-EDF Expanded v1.0.0,NOT_VERIFIED,SC4431E0-PSG.edf,NOT_VERIFIED,Resp oro-nasal,OTHER,encoded in label; anatomical/reference interpretation requires contract review,1,,SC EMG envelope documented; CAP representation NOT_VERIFIED per channel,https://physionet.org/files/sleep-edfx/1.0.0/sleep-cassette/SC4431E0-PSG.edf,TRUE,Header-only; no signal samples read.
Sleep-EDF Expanded v1.0.0,NOT_VERIFIED,SC4431E0-PSG.edf,NOT_VERIFIED,EMG submental,EMG,encoded in label; anatomical/reference interpretation requires contract review,1,uV,SC EMG envelope documented; CAP representation NOT_VERIFIED per channel,https://physionet.org/files/sleep-edfx/1.0.0/sleep-cassette/SC4431E0-PSG.edf,TRUE,Header-only; no signal samples read.
Sleep-EDF Expanded v1.0.0,NOT_VERIFIED,SC4431E0-PSG.edf,NOT_VERIFIED,Temp rectal,OTHER,encoded in label; anatomical/reference interpretation requires contract review,1,DegC,SC EMG envelope documented; CAP representation NOT_VERIFIED per channel,https://physionet.org/files/sleep-edfx/1.0.0/sleep-cassette/SC4431E0-PSG.edf,TRUE,Header-only; no signal samples read.
Sleep-EDF Expanded v1.0.0,NOT_VERIFIED,SC4431E0-PSG.edf,NOT_VERIFIED,Event marker,OTHER,encoded in label; anatomical/reference interpretation requires contract review,1,,SC EMG envelope documented; CAP representation NOT_VERIFIED per channel,https://physionet.org/files/sleep-edfx/1.0.0/sleep-cassette/SC4431E0-PSG.edf,TRUE,Header-only; no signal samples read.
Sleep-EDF Expanded v1.0.0,NOT_VERIFIED,SC4432E0-PSG.edf,NOT_VERIFIED,EEG Fpz-Cz,EEG,encoded in label; anatomical/reference interpretation requires contract review,100,uV,SC EMG envelope documented; CAP representation NOT_VERIFIED per channel,https://physionet.org/files/sleep-edfx/1.0.0/sleep-cassette/SC4432E0-PSG.edf,TRUE,Header-only; no signal samples read.
Sleep-EDF Expanded v1.0.0,NOT_VERIFIED,SC4432E0-PSG.edf,NOT_VERIFIED,EEG Pz-Oz,EEG,encoded in label; anatomical/reference interpretation requires contract review,100,uV,SC EMG envelope documented; CAP representation NOT_VERIFIED per channel,https://physionet.org/files/sleep-edfx/1.0.0/sleep-cassette/SC4432E0-PSG.edf,TRUE,Header-only; no signal samples read.
Sleep-EDF Expanded v1.0.0,NOT_VERIFIED,SC4432E0-PSG.edf,NOT_VERIFIED,EOG horizontal,EOG,encoded in label; anatomical/reference interpretation requires contract review,100,uV,SC EMG envelope documented; CAP representation NOT_VERIFIED per channel,https://physionet.org/files/sleep-edfx/1.0.0/sleep-cassette/SC4432E0-PSG.edf,TRUE,Header-only; no signal samples read.
Sleep-EDF Expanded v1.0.0,NOT_VERIFIED,SC4432E0-PSG.edf,NOT_VERIFIED,Resp oro-nasal,OTHER,encoded in label; anatomical/reference interpretation requires contract review,1,,SC EMG envelope documented; CAP representation NOT_VERIFIED per channel,https://physionet.org/files/sleep-edfx/1.0.0/sleep-cassette/SC4432E0-PSG.edf,TRUE,Header-only; no signal samples read.
Sleep-EDF Expanded v1.0.0,NOT_VERIFIED,SC4432E0-PSG.edf,NOT_VERIFIED,EMG submental,EMG,encoded in label; anatomical/reference interpretation requires contract review,1,uV,SC EMG envelope documented; CAP representation NOT_VERIFIED per channel,https://physionet.org/files/sleep-edfx/1.0.0/sleep-cassette/SC4432E0-PSG.edf,TRUE,Header-only; no signal samples read.
Sleep-EDF Expanded v1.0.0,NOT_VERIFIED,SC4432E0-PSG.edf,NOT_VERIFIED,Temp rectal,OTHER,encoded in label; anatomical/reference interpretation requires contract review,1,DegC,SC EMG envelope documented; CAP representation NOT_VERIFIED per channel,https://physionet.org/files/sleep-edfx/1.0.0/sleep-cassette/SC4432E0-PSG.edf,TRUE,Header-only; no signal samples read.
Sleep-EDF Expanded v1.0.0,NOT_VERIFIED,SC4432E0-PSG.edf,NOT_VERIFIED,Event marker,OTHER,encoded in label; anatomical/reference interpretation requires contract review,1,,SC EMG envelope documented; CAP representation NOT_VERIFIED per channel,https://physionet.org/files/sleep-edfx/1.0.0/sleep-cassette/SC4432E0-PSG.edf,TRUE,Header-only; no signal samples read.
Sleep-EDF Expanded v1.0.0,NOT_VERIFIED,SC4441E0-PSG.edf,NOT_VERIFIED,EEG Fpz-Cz,EEG,encoded in label; anatomical/reference interpretation requires contract review,100,uV,SC EMG envelope documented; CAP representation NOT_VERIFIED per channel,https://physionet.org/files/sleep-edfx/1.0.0/sleep-cassette/SC4441E0-PSG.edf,TRUE,Header-only; no signal samples read.
Sleep-EDF Expanded v1.0.0,NOT_VERIFIED,SC4441E0-PSG.edf,NOT_VERIFIED,EEG Pz-Oz,EEG,encoded in label; anatomical/reference interpretation requires contract review,100,uV,SC EMG envelope documented; CAP representation NOT_VERIFIED per channel,https://physionet.org/files/sleep-edfx/1.0.0/sleep-cassette/SC4441E0-PSG.edf,TRUE,Header-only; no signal samples read.
Sleep-EDF Expanded v1.0.0,NOT_VERIFIED,SC4441E0-PSG.edf,NOT_VERIFIED,EOG horizontal,EOG,encoded in label; anatomical/reference interpretation requires contract review,100,uV,SC EMG envelope documented; CAP representation NOT_VERIFIED per channel,https://physionet.org/files/sleep-edfx/1.0.0/sleep-cassette/SC4441E0-PSG.edf,TRUE,Header-only; no signal samples read.
Sleep-EDF Expanded v1.0.0,NOT_VERIFIED,SC4441E0-PSG.edf,NOT_VERIFIED,Resp oro-nasal,OTHER,encoded in label; anatomical/reference interpretation requires contract review,1,,SC EMG envelope documented; CAP representation NOT_VERIFIED per channel,https://physionet.org/files/sleep-edfx/1.0.0/sleep-cassette/SC4441E0-PSG.edf,TRUE,Header-only; no signal samples read.
Sleep-EDF Expanded v1.0.0,NOT_VERIFIED,SC4441E0-PSG.edf,NOT_VERIFIED,EMG submental,EMG,encoded in label; anatomical/reference interpretation requires contract review,1,uV,SC EMG envelope documented; CAP representation NOT_VERIFIED per channel,https://physionet.org/files/sleep-edfx/1.0.0/sleep-cassette/SC4441E0-PSG.edf,TRUE,Header-only; no signal samples read.
Sleep-EDF Expanded v1.0.0,NOT_VERIFIED,SC4441E0-PSG.edf,NOT_VERIFIED,Temp rectal,OTHER,encoded in label; anatomical/reference interpretation requires contract review,1,DegC,SC EMG envelope documented; CAP representation NOT_VERIFIED per channel,https://physionet.org/files/sleep-edfx/1.0.0/sleep-cassette/SC4441E0-PSG.edf,TRUE,Header-only; no signal samples read.
Sleep-EDF Expanded v1.0.0,NOT_VERIFIED,SC4441E0-PSG.edf,NOT_VERIFIED,Event marker,OTHER,encoded in label; anatomical/reference interpretation requires contract review,1,,SC EMG envelope documented; CAP representation NOT_VERIFIED per channel,https://physionet.org/files/sleep-edfx/1.0.0/sleep-cassette/SC4441E0-PSG.edf,TRUE,Header-only; no signal samples read.
Sleep-EDF Expanded v1.0.0,NOT_VERIFIED,SC4442E0-PSG.edf,NOT_VERIFIED,EEG Fpz-Cz,EEG,encoded in label; anatomical/reference interpretation requires contract review,100,uV,SC EMG envelope documented; CAP representation NOT_VERIFIED per channel,https://physionet.org/files/sleep-edfx/1.0.0/sleep-cassette/SC4442E0-PSG.edf,TRUE,Header-only; no signal samples read.
Sleep-EDF Expanded v1.0.0,NOT_VERIFIED,SC4442E0-PSG.edf,NOT_VERIFIED,EEG Pz-Oz,EEG,encoded in label; anatomical/reference interpretation requires contract review,100,uV,SC EMG envelope documented; CAP representation NOT_VERIFIED per channel,https://physionet.org/files/sleep-edfx/1.0.0/sleep-cassette/SC4442E0-PSG.edf,TRUE,Header-only; no signal samples read.
Sleep-EDF Expanded v1.0.0,NOT_VERIFIED,SC4442E0-PSG.edf,NOT_VERIFIED,EOG horizontal,EOG,encoded in label; anatomical/reference interpretation requires contract review,100,uV,SC EMG envelope documented; CAP representation NOT_VERIFIED per channel,https://physionet.org/files/sleep-edfx/1.0.0/sleep-cassette/SC4442E0-PSG.edf,TRUE,Header-only; no signal samples read.
Sleep-EDF Expanded v1.0.0,NOT_VERIFIED,SC4442E0-PSG.edf,NOT_VERIFIED,Resp oro-nasal,OTHER,encoded in label; anatomical/reference interpretation requires contract review,1,,SC EMG envelope documented; CAP representation NOT_VERIFIED per channel,https://physionet.org/files/sleep-edfx/1.0.0/sleep-cassette/SC4442E0-PSG.edf,TRUE,Header-only; no signal samples read.
Sleep-EDF Expanded v1.0.0,NOT_VERIFIED,SC4442E0-PSG.edf,NOT_VERIFIED,EMG submental,EMG,encoded in label; anatomical/reference interpretation requires contract review,1,uV,SC EMG envelope documented; CAP representation NOT_VERIFIED per channel,https://physionet.org/files/sleep-edfx/1.0.0/sleep-cassette/SC4442E0-PSG.edf,TRUE,Header-only; no signal samples read.
Sleep-EDF Expanded v1.0.0,NOT_VERIFIED,SC4442E0-PSG.edf,NOT_VERIFIED,Temp rectal,OTHER,encoded in label; anatomical/reference interpretation requires contract review,1,DegC,SC EMG envelope documented; CAP representation NOT_VERIFIED per channel,https://physionet.org/files/sleep-edfx/1.0.0/sleep-cassette/SC4442E0-PSG.edf,TRUE,Header-only; no signal samples read.
Sleep-EDF Expanded v1.0.0,NOT_VERIFIED,SC4442E0-PSG.edf,NOT_VERIFIED,Event marker,OTHER,encoded in label; anatomical/reference interpretation requires contract review,1,,SC EMG envelope documented; CAP representation NOT_VERIFIED per channel,https://physionet.org/files/sleep-edfx/1.0.0/sleep-cassette/SC4442E0-PSG.edf,TRUE,Header-only; no signal samples read.
Sleep-EDF Expanded v1.0.0,NOT_VERIFIED,SC4451F0-PSG.edf,NOT_VERIFIED,EEG Fpz-Cz,EEG,encoded in label; anatomical/reference interpretation requires contract review,100,uV,SC EMG envelope documented; CAP representation NOT_VERIFIED per channel,https://physionet.org/files/sleep-edfx/1.0.0/sleep-cassette/SC4451F0-PSG.edf,TRUE,Header-only; no signal samples read.
Sleep-EDF Expanded v1.0.0,NOT_VERIFIED,SC4451F0-PSG.edf,NOT_VERIFIED,EEG Pz-Oz,EEG,encoded in label; anatomical/reference interpretation requires contract review,100,uV,SC EMG envelope documented; CAP representation NOT_VERIFIED per channel,https://physionet.org/files/sleep-edfx/1.0.0/sleep-cassette/SC4451F0-PSG.edf,TRUE,Header-only; no signal samples read.
Sleep-EDF Expanded v1.0.0,NOT_VERIFIED,SC4451F0-PSG.edf,NOT_VERIFIED,EOG horizontal,EOG,encoded in label; anatomical/reference interpretation requires contract review,100,uV,SC EMG envelope documented; CAP representation NOT_VERIFIED per channel,https://physionet.org/files/sleep-edfx/1.0.0/sleep-cassette/SC4451F0-PSG.edf,TRUE,Header-only; no signal samples read.
Sleep-EDF Expanded v1.0.0,NOT_VERIFIED,SC4451F0-PSG.edf,NOT_VERIFIED,Resp oro-nasal,OTHER,encoded in label; anatomical/reference interpretation requires contract review,1,,SC EMG envelope documented; CAP representation NOT_VERIFIED per channel,https://physionet.org/files/sleep-edfx/1.0.0/sleep-cassette/SC4451F0-PSG.edf,TRUE,Header-only; no signal samples read.
Sleep-EDF Expanded v1.0.0,NOT_VERIFIED,SC4451F0-PSG.edf,NOT_VERIFIED,EMG submental,EMG,encoded in label; anatomical/reference interpretation requires contract review,1,uV,SC EMG envelope documented; CAP representation NOT_VERIFIED per channel,https://physionet.org/files/sleep-edfx/1.0.0/sleep-cassette/SC4451F0-PSG.edf,TRUE,Header-only; no signal samples read.
Sleep-EDF Expanded v1.0.0,NOT_VERIFIED,SC4451F0-PSG.edf,NOT_VERIFIED,Temp rectal,OTHER,encoded in label; anatomical/reference interpretation requires contract review,1,,SC EMG envelope documented; CAP representation NOT_VERIFIED per channel,https://physionet.org/files/sleep-edfx/1.0.0/sleep-cassette/SC4451F0-PSG.edf,TRUE,Header-only; no signal samples read.
Sleep-EDF Expanded v1.0.0,NOT_VERIFIED,SC4451F0-PSG.edf,NOT_VERIFIED,Event marker,OTHER,encoded in label; anatomical/reference interpretation requires contract review,1,,SC EMG envelope documented; CAP representation NOT_VERIFIED per channel,https://physionet.org/files/sleep-edfx/1.0.0/sleep-cassette/SC4451F0-PSG.edf,TRUE,Header-only; no signal samples read.
Sleep-EDF Expanded v1.0.0,NOT_VERIFIED,SC4452F0-PSG.edf,NOT_VERIFIED,EEG Fpz-Cz,EEG,encoded in label; anatomical/reference interpretation requires contract review,100,uV,SC EMG envelope documented; CAP representation NOT_VERIFIED per channel,https://physionet.org/files/sleep-edfx/1.0.0/sleep-cassette/SC4452F0-PSG.edf,TRUE,Header-only; no signal samples read.
Sleep-EDF Expanded v1.0.0,NOT_VERIFIED,SC4452F0-PSG.edf,NOT_VERIFIED,EEG Pz-Oz,EEG,encoded in label; anatomical/reference interpretation requires contract review,100,uV,SC EMG envelope documented; CAP representation NOT_VERIFIED per channel,https://physionet.org/files/sleep-edfx/1.0.0/sleep-cassette/SC4452F0-PSG.edf,TRUE,Header-only; no signal samples read.
Sleep-EDF Expanded v1.0.0,NOT_VERIFIED,SC4452F0-PSG.edf,NOT_VERIFIED,EOG horizontal,EOG,encoded in label; anatomical/reference interpretation requires contract review,100,uV,SC EMG envelope documented; CAP representation NOT_VERIFIED per channel,https://physionet.org/files/sleep-edfx/1.0.0/sleep-cassette/SC4452F0-PSG.edf,TRUE,Header-only; no signal samples read.
Sleep-EDF Expanded v1.0.0,NOT_VERIFIED,SC4452F0-PSG.edf,NOT_VERIFIED,Resp oro-nasal,OTHER,encoded in label; anatomical/reference interpretation requires contract review,1,,SC EMG envelope documented; CAP representation NOT_VERIFIED per channel,https://physionet.org/files/sleep-edfx/1.0.0/sleep-cassette/SC4452F0-PSG.edf,TRUE,Header-only; no signal samples read.
Sleep-EDF Expanded v1.0.0,NOT_VERIFIED,SC4452F0-PSG.edf,NOT_VERIFIED,EMG submental,EMG,encoded in label; anatomical/reference interpretation requires contract review,1,uV,SC EMG envelope documented; CAP representation NOT_VERIFIED per channel,https://physionet.org/files/sleep-edfx/1.0.0/sleep-cassette/SC4452F0-PSG.edf,TRUE,Header-only; no signal samples read.
Sleep-EDF Expanded v1.0.0,NOT_VERIFIED,SC4452F0-PSG.edf,NOT_VERIFIED,Temp rectal,OTHER,encoded in label; anatomical/reference interpretation requires contract review,1,,SC EMG envelope documented; CAP representation NOT_VERIFIED per channel,https://physionet.org/files/sleep-edfx/1.0.0/sleep-cassette/SC4452F0-PSG.edf,TRUE,Header-only; no signal samples read.
Sleep-EDF Expanded v1.0.0,NOT_VERIFIED,SC4452F0-PSG.edf,NOT_VERIFIED,Event marker,OTHER,encoded in label; anatomical/reference interpretation requires contract review,1,,SC EMG envelope documented; CAP representation NOT_VERIFIED per channel,https://physionet.org/files/sleep-edfx/1.0.0/sleep-cassette/SC4452F0-PSG.edf,TRUE,Header-only; no signal samples read.
Sleep-EDF Expanded v1.0.0,NOT_VERIFIED,SC4461F0-PSG.edf,NOT_VERIFIED,EEG Fpz-Cz,EEG,encoded in label; anatomical/reference interpretation requires contract review,100,uV,SC EMG envelope documented; CAP representation NOT_VERIFIED per channel,https://physionet.org/files/sleep-edfx/1.0.0/sleep-cassette/SC4461F0-PSG.edf,TRUE,Header-only; no signal samples read.
Sleep-EDF Expanded v1.0.0,NOT_VERIFIED,SC4461F0-PSG.edf,NOT_VERIFIED,EEG Pz-Oz,EEG,encoded in label; anatomical/reference interpretation requires contract review,100,uV,SC EMG envelope documented; CAP representation NOT_VERIFIED per channel,https://physionet.org/files/sleep-edfx/1.0.0/sleep-cassette/SC4461F0-PSG.edf,TRUE,Header-only; no signal samples read.
Sleep-EDF Expanded v1.0.0,NOT_VERIFIED,SC4461F0-PSG.edf,NOT_VERIFIED,EOG horizontal,EOG,encoded in label; anatomical/reference interpretation requires contract review,100,uV,SC EMG envelope documented; CAP representation NOT_VERIFIED per channel,https://physionet.org/files/sleep-edfx/1.0.0/sleep-cassette/SC4461F0-PSG.edf,TRUE,Header-only; no signal samples read.
Sleep-EDF Expanded v1.0.0,NOT_VERIFIED,SC4461F0-PSG.edf,NOT_VERIFIED,Resp oro-nasal,OTHER,encoded in label; anatomical/reference interpretation requires contract review,1,,SC EMG envelope documented; CAP representation NOT_VERIFIED per channel,https://physionet.org/files/sleep-edfx/1.0.0/sleep-cassette/SC4461F0-PSG.edf,TRUE,Header-only; no signal samples read.
Sleep-EDF Expanded v1.0.0,NOT_VERIFIED,SC4461F0-PSG.edf,NOT_VERIFIED,EMG submental,EMG,encoded in label; anatomical/reference interpretation requires contract review,1,uV,SC EMG envelope documented; CAP representation NOT_VERIFIED per channel,https://physionet.org/files/sleep-edfx/1.0.0/sleep-cassette/SC4461F0-PSG.edf,TRUE,Header-only; no signal samples read.
Sleep-EDF Expanded v1.0.0,NOT_VERIFIED,SC4461F0-PSG.edf,NOT_VERIFIED,Temp rectal,OTHER,encoded in label; anatomical/reference interpretation requires contract review,1,,SC EMG envelope documented; CAP representation NOT_VERIFIED per channel,https://physionet.org/files/sleep-edfx/1.0.0/sleep-cassette/SC4461F0-PSG.edf,TRUE,Header-only; no signal samples read.
Sleep-EDF Expanded v1.0.0,NOT_VERIFIED,SC4461F0-PSG.edf,NOT_VERIFIED,Event marker,OTHER,encoded in label; anatomical/reference interpretation requires contract review,1,,SC EMG envelope documented; CAP representation NOT_VERIFIED per channel,https://physionet.org/files/sleep-edfx/1.0.0/sleep-cassette/SC4461F0-PSG.edf,TRUE,Header-only; no signal samples read.
Sleep-EDF Expanded v1.0.0,NOT_VERIFIED,SC4462F0-PSG.edf,NOT_VERIFIED,EEG Fpz-Cz,EEG,encoded in label; anatomical/reference interpretation requires contract review,100,uV,SC EMG envelope documented; CAP representation NOT_VERIFIED per channel,https://physionet.org/files/sleep-edfx/1.0.0/sleep-cassette/SC4462F0-PSG.edf,TRUE,Header-only; no signal samples read.
Sleep-EDF Expanded v1.0.0,NOT_VERIFIED,SC4462F0-PSG.edf,NOT_VERIFIED,EEG Pz-Oz,EEG,encoded in label; anatomical/reference interpretation requires contract review,100,uV,SC EMG envelope documented; CAP representation NOT_VERIFIED per channel,https://physionet.org/files/sleep-edfx/1.0.0/sleep-cassette/SC4462F0-PSG.edf,TRUE,Header-only; no signal samples read.
Sleep-EDF Expanded v1.0.0,NOT_VERIFIED,SC4462F0-PSG.edf,NOT_VERIFIED,EOG horizontal,EOG,encoded in label; anatomical/reference interpretation requires contract review,100,uV,SC EMG envelope documented; CAP representation NOT_VERIFIED per channel,https://physionet.org/files/sleep-edfx/1.0.0/sleep-cassette/SC4462F0-PSG.edf,TRUE,Header-only; no signal samples read.
Sleep-EDF Expanded v1.0.0,NOT_VERIFIED,SC4462F0-PSG.edf,NOT_VERIFIED,Resp oro-nasal,OTHER,encoded in label; anatomical/reference interpretation requires contract review,1,,SC EMG envelope documented; CAP representation NOT_VERIFIED per channel,https://physionet.org/files/sleep-edfx/1.0.0/sleep-cassette/SC4462F0-PSG.edf,TRUE,Header-only; no signal samples read.
Sleep-EDF Expanded v1.0.0,NOT_VERIFIED,SC4462F0-PSG.edf,NOT_VERIFIED,EMG submental,EMG,encoded in label; anatomical/reference interpretation requires contract review,1,uV,SC EMG envelope documented; CAP representation NOT_VERIFIED per channel,https://physionet.org/files/sleep-edfx/1.0.0/sleep-cassette/SC4462F0-PSG.edf,TRUE,Header-only; no signal samples read.
Sleep-EDF Expanded v1.0.0,NOT_VERIFIED,SC4462F0-PSG.edf,NOT_VERIFIED,Temp rectal,OTHER,encoded in label; anatomical/reference interpretation requires contract review,1,,SC EMG envelope documented; CAP representation NOT_VERIFIED per channel,https://physionet.org/files/sleep-edfx/1.0.0/sleep-cassette/SC4462F0-PSG.edf,TRUE,Header-only; no signal samples read.
Sleep-EDF Expanded v1.0.0,NOT_VERIFIED,SC4462F0-PSG.edf,NOT_VERIFIED,Event marker,OTHER,encoded in label; anatomical/reference interpretation requires contract review,1,,SC EMG envelope documented; CAP representation NOT_VERIFIED per channel,https://physionet.org/files/sleep-edfx/1.0.0/sleep-cassette/SC4462F0-PSG.edf,TRUE,Header-only; no signal samples read.
Sleep-EDF Expanded v1.0.0,NOT_VERIFIED,SC4471F0-PSG.edf,NOT_VERIFIED,EEG Fpz-Cz,EEG,encoded in label; anatomical/reference interpretation requires contract review,100,uV,SC EMG envelope documented; CAP representation NOT_VERIFIED per channel,https://physionet.org/files/sleep-edfx/1.0.0/sleep-cassette/SC4471F0-PSG.edf,TRUE,Header-only; no signal samples read.
Sleep-EDF Expanded v1.0.0,NOT_VERIFIED,SC4471F0-PSG.edf,NOT_VERIFIED,EEG Pz-Oz,EEG,encoded in label; anatomical/reference interpretation requires contract review,100,uV,SC EMG envelope documented; CAP representation NOT_VERIFIED per channel,https://physionet.org/files/sleep-edfx/1.0.0/sleep-cassette/SC4471F0-PSG.edf,TRUE,Header-only; no signal samples read.
Sleep-EDF Expanded v1.0.0,NOT_VERIFIED,SC4471F0-PSG.edf,NOT_VERIFIED,EOG horizontal,EOG,encoded in label; anatomical/reference interpretation requires contract review,100,uV,SC EMG envelope documented; CAP representation NOT_VERIFIED per channel,https://physionet.org/files/sleep-edfx/1.0.0/sleep-cassette/SC4471F0-PSG.edf,TRUE,Header-only; no signal samples read.
Sleep-EDF Expanded v1.0.0,NOT_VERIFIED,SC4471F0-PSG.edf,NOT_VERIFIED,Resp oro-nasal,OTHER,encoded in label; anatomical/reference interpretation requires contract review,1,,SC EMG envelope documented; CAP representation NOT_VERIFIED per channel,https://physionet.org/files/sleep-edfx/1.0.0/sleep-cassette/SC4471F0-PSG.edf,TRUE,Header-only; no signal samples read.
Sleep-EDF Expanded v1.0.0,NOT_VERIFIED,SC4471F0-PSG.edf,NOT_VERIFIED,EMG submental,EMG,encoded in label; anatomical/reference interpretation requires contract review,1,uV,SC EMG envelope documented; CAP representation NOT_VERIFIED per channel,https://physionet.org/files/sleep-edfx/1.0.0/sleep-cassette/SC4471F0-PSG.edf,TRUE,Header-only; no signal samples read.
Sleep-EDF Expanded v1.0.0,NOT_VERIFIED,SC4471F0-PSG.edf,NOT_VERIFIED,Temp rectal,OTHER,encoded in label; anatomical/reference interpretation requires contract review,1,,SC EMG envelope documented; CAP representation NOT_VERIFIED per channel,https://physionet.org/files/sleep-edfx/1.0.0/sleep-cassette/SC4471F0-PSG.edf,TRUE,Header-only; no signal samples read.
Sleep-EDF Expanded v1.0.0,NOT_VERIFIED,SC4471F0-PSG.edf,NOT_VERIFIED,Event marker,OTHER,encoded in label; anatomical/reference interpretation requires contract review,1,,SC EMG envelope documented; CAP representation NOT_VERIFIED per channel,https://physionet.org/files/sleep-edfx/1.0.0/sleep-cassette/SC4471F0-PSG.edf,TRUE,Header-only; no signal samples read.
Sleep-EDF Expanded v1.0.0,NOT_VERIFIED,SC4472F0-PSG.edf,NOT_VERIFIED,EEG Fpz-Cz,EEG,encoded in label; anatomical/reference interpretation requires contract review,100,uV,SC EMG envelope documented; CAP representation NOT_VERIFIED per channel,https://physionet.org/files/sleep-edfx/1.0.0/sleep-cassette/SC4472F0-PSG.edf,TRUE,Header-only; no signal samples read.
Sleep-EDF Expanded v1.0.0,NOT_VERIFIED,SC4472F0-PSG.edf,NOT_VERIFIED,EEG Pz-Oz,EEG,encoded in label; anatomical/reference interpretation requires contract review,100,uV,SC EMG envelope documented; CAP representation NOT_VERIFIED per channel,https://physionet.org/files/sleep-edfx/1.0.0/sleep-cassette/SC4472F0-PSG.edf,TRUE,Header-only; no signal samples read.
Sleep-EDF Expanded v1.0.0,NOT_VERIFIED,SC4472F0-PSG.edf,NOT_VERIFIED,EOG horizontal,EOG,encoded in label; anatomical/reference interpretation requires contract review,100,uV,SC EMG envelope documented; CAP representation NOT_VERIFIED per channel,https://physionet.org/files/sleep-edfx/1.0.0/sleep-cassette/SC4472F0-PSG.edf,TRUE,Header-only; no signal samples read.
Sleep-EDF Expanded v1.0.0,NOT_VERIFIED,SC4472F0-PSG.edf,NOT_VERIFIED,Resp oro-nasal,OTHER,encoded in label; anatomical/reference interpretation requires contract review,1,,SC EMG envelope documented; CAP representation NOT_VERIFIED per channel,https://physionet.org/files/sleep-edfx/1.0.0/sleep-cassette/SC4472F0-PSG.edf,TRUE,Header-only; no signal samples read.
Sleep-EDF Expanded v1.0.0,NOT_VERIFIED,SC4472F0-PSG.edf,NOT_VERIFIED,EMG submental,EMG,encoded in label; anatomical/reference interpretation requires contract review,1,uV,SC EMG envelope documented; CAP representation NOT_VERIFIED per channel,https://physionet.org/files/sleep-edfx/1.0.0/sleep-cassette/SC4472F0-PSG.edf,TRUE,Header-only; no signal samples read.
Sleep-EDF Expanded v1.0.0,NOT_VERIFIED,SC4472F0-PSG.edf,NOT_VERIFIED,Temp rectal,OTHER,encoded in label; anatomical/reference interpretation requires contract review,1,,SC EMG envelope documented; CAP representation NOT_VERIFIED per channel,https://physionet.org/files/sleep-edfx/1.0.0/sleep-cassette/SC4472F0-PSG.edf,TRUE,Header-only; no signal samples read.
Sleep-EDF Expanded v1.0.0,NOT_VERIFIED,SC4472F0-PSG.edf,NOT_VERIFIED,Event marker,OTHER,encoded in label; anatomical/reference interpretation requires contract review,1,,SC EMG envelope documented; CAP representation NOT_VERIFIED per channel,https://physionet.org/files/sleep-edfx/1.0.0/sleep-cassette/SC4472F0-PSG.edf,TRUE,Header-only; no signal samples read.
Sleep-EDF Expanded v1.0.0,NOT_VERIFIED,SC4481F0-PSG.edf,NOT_VERIFIED,EEG Fpz-Cz,EEG,encoded in label; anatomical/reference interpretation requires contract review,100,uV,SC EMG envelope documented; CAP representation NOT_VERIFIED per channel,https://physionet.org/files/sleep-edfx/1.0.0/sleep-cassette/SC4481F0-PSG.edf,TRUE,Header-only; no signal samples read.
Sleep-EDF Expanded v1.0.0,NOT_VERIFIED,SC4481F0-PSG.edf,NOT_VERIFIED,EEG Pz-Oz,EEG,encoded in label; anatomical/reference interpretation requires contract review,100,uV,SC EMG envelope documented; CAP representation NOT_VERIFIED per channel,https://physionet.org/files/sleep-edfx/1.0.0/sleep-cassette/SC4481F0-PSG.edf,TRUE,Header-only; no signal samples read.
Sleep-EDF Expanded v1.0.0,NOT_VERIFIED,SC4481F0-PSG.edf,NOT_VERIFIED,EOG horizontal,EOG,encoded in label; anatomical/reference interpretation requires contract review,100,uV,SC EMG envelope documented; CAP representation NOT_VERIFIED per channel,https://physionet.org/files/sleep-edfx/1.0.0/sleep-cassette/SC4481F0-PSG.edf,TRUE,Header-only; no signal samples read.
Sleep-EDF Expanded v1.0.0,NOT_VERIFIED,SC4481F0-PSG.edf,NOT_VERIFIED,Resp oro-nasal,OTHER,encoded in label; anatomical/reference interpretation requires contract review,1,,SC EMG envelope documented; CAP representation NOT_VERIFIED per channel,https://physionet.org/files/sleep-edfx/1.0.0/sleep-cassette/SC4481F0-PSG.edf,TRUE,Header-only; no signal samples read.
Sleep-EDF Expanded v1.0.0,NOT_VERIFIED,SC4481F0-PSG.edf,NOT_VERIFIED,EMG submental,EMG,encoded in label; anatomical/reference interpretation requires contract review,1,uV,SC EMG envelope documented; CAP representation NOT_VERIFIED per channel,https://physionet.org/files/sleep-edfx/1.0.0/sleep-cassette/SC4481F0-PSG.edf,TRUE,Header-only; no signal samples read.
Sleep-EDF Expanded v1.0.0,NOT_VERIFIED,SC4481F0-PSG.edf,NOT_VERIFIED,Temp rectal,OTHER,encoded in label; anatomical/reference interpretation requires contract review,1,,SC EMG envelope documented; CAP representation NOT_VERIFIED per channel,https://physionet.org/files/sleep-edfx/1.0.0/sleep-cassette/SC4481F0-PSG.edf,TRUE,Header-only; no signal samples read.
Sleep-EDF Expanded v1.0.0,NOT_VERIFIED,SC4481F0-PSG.edf,NOT_VERIFIED,Event marker,OTHER,encoded in label; anatomical/reference interpretation requires contract review,1,,SC EMG envelope documented; CAP representation NOT_VERIFIED per channel,https://physionet.org/files/sleep-edfx/1.0.0/sleep-cassette/SC4481F0-PSG.edf,TRUE,Header-only; no signal samples read.
Sleep-EDF Expanded v1.0.0,NOT_VERIFIED,SC4482F0-PSG.edf,NOT_VERIFIED,EEG Fpz-Cz,EEG,encoded in label; anatomical/reference interpretation requires contract review,100,uV,SC EMG envelope documented; CAP representation NOT_VERIFIED per channel,https://physionet.org/files/sleep-edfx/1.0.0/sleep-cassette/SC4482F0-PSG.edf,TRUE,Header-only; no signal samples read.
Sleep-EDF Expanded v1.0.0,NOT_VERIFIED,SC4482F0-PSG.edf,NOT_VERIFIED,EEG Pz-Oz,EEG,encoded in label; anatomical/reference interpretation requires contract review,100,uV,SC EMG envelope documented; CAP representation NOT_VERIFIED per channel,https://physionet.org/files/sleep-edfx/1.0.0/sleep-cassette/SC4482F0-PSG.edf,TRUE,Header-only; no signal samples read.
Sleep-EDF Expanded v1.0.0,NOT_VERIFIED,SC4482F0-PSG.edf,NOT_VERIFIED,EOG horizontal,EOG,encoded in label; anatomical/reference interpretation requires contract review,100,uV,SC EMG envelope documented; CAP representation NOT_VERIFIED per channel,https://physionet.org/files/sleep-edfx/1.0.0/sleep-cassette/SC4482F0-PSG.edf,TRUE,Header-only; no signal samples read.
Sleep-EDF Expanded v1.0.0,NOT_VERIFIED,SC4482F0-PSG.edf,NOT_VERIFIED,Resp oro-nasal,OTHER,encoded in label; anatomical/reference interpretation requires contract review,1,,SC EMG envelope documented; CAP representation NOT_VERIFIED per channel,https://physionet.org/files/sleep-edfx/1.0.0/sleep-cassette/SC4482F0-PSG.edf,TRUE,Header-only; no signal samples read.
Sleep-EDF Expanded v1.0.0,NOT_VERIFIED,SC4482F0-PSG.edf,NOT_VERIFIED,EMG submental,EMG,encoded in label; anatomical/reference interpretation requires contract review,1,uV,SC EMG envelope documented; CAP representation NOT_VERIFIED per channel,https://physionet.org/files/sleep-edfx/1.0.0/sleep-cassette/SC4482F0-PSG.edf,TRUE,Header-only; no signal samples read.
Sleep-EDF Expanded v1.0.0,NOT_VERIFIED,SC4482F0-PSG.edf,NOT_VERIFIED,Temp rectal,OTHER,encoded in label; anatomical/reference interpretation requires contract review,1,,SC EMG envelope documented; CAP representation NOT_VERIFIED per channel,https://physionet.org/files/sleep-edfx/1.0.0/sleep-cassette/SC4482F0-PSG.edf,TRUE,Header-only; no signal samples read.
Sleep-EDF Expanded v1.0.0,NOT_VERIFIED,SC4482F0-PSG.edf,NOT_VERIFIED,Event marker,OTHER,encoded in label; anatomical/reference interpretation requires contract review,1,,SC EMG envelope documented; CAP representation NOT_VERIFIED per channel,https://physionet.org/files/sleep-edfx/1.0.0/sleep-cassette/SC4482F0-PSG.edf,TRUE,Header-only; no signal samples read.
Sleep-EDF Expanded v1.0.0,NOT_VERIFIED,SC4491G0-PSG.edf,NOT_VERIFIED,EEG Fpz-Cz,EEG,encoded in label; anatomical/reference interpretation requires contract review,100,uV,SC EMG envelope documented; CAP representation NOT_VERIFIED per channel,https://physionet.org/files/sleep-edfx/1.0.0/sleep-cassette/SC4491G0-PSG.edf,TRUE,Header-only; no signal samples read.
Sleep-EDF Expanded v1.0.0,NOT_VERIFIED,SC4491G0-PSG.edf,NOT_VERIFIED,EEG Pz-Oz,EEG,encoded in label; anatomical/reference interpretation requires contract review,100,uV,SC EMG envelope documented; CAP representation NOT_VERIFIED per channel,https://physionet.org/files/sleep-edfx/1.0.0/sleep-cassette/SC4491G0-PSG.edf,TRUE,Header-only; no signal samples read.
Sleep-EDF Expanded v1.0.0,NOT_VERIFIED,SC4491G0-PSG.edf,NOT_VERIFIED,EOG horizontal,EOG,encoded in label; anatomical/reference interpretation requires contract review,100,uV,SC EMG envelope documented; CAP representation NOT_VERIFIED per channel,https://physionet.org/files/sleep-edfx/1.0.0/sleep-cassette/SC4491G0-PSG.edf,TRUE,Header-only; no signal samples read.
Sleep-EDF Expanded v1.0.0,NOT_VERIFIED,SC4491G0-PSG.edf,NOT_VERIFIED,Resp oro-nasal,OTHER,encoded in label; anatomical/reference interpretation requires contract review,1,,SC EMG envelope documented; CAP representation NOT_VERIFIED per channel,https://physionet.org/files/sleep-edfx/1.0.0/sleep-cassette/SC4491G0-PSG.edf,TRUE,Header-only; no signal samples read.
Sleep-EDF Expanded v1.0.0,NOT_VERIFIED,SC4491G0-PSG.edf,NOT_VERIFIED,EMG submental,EMG,encoded in label; anatomical/reference interpretation requires contract review,1,uV,SC EMG envelope documented; CAP representation NOT_VERIFIED per channel,https://physionet.org/files/sleep-edfx/1.0.0/sleep-cassette/SC4491G0-PSG.edf,TRUE,Header-only; no signal samples read.
Sleep-EDF Expanded v1.0.0,NOT_VERIFIED,SC4491G0-PSG.edf,NOT_VERIFIED,Temp rectal,OTHER,encoded in label; anatomical/reference interpretation requires contract review,1,,SC EMG envelope documented; CAP representation NOT_VERIFIED per channel,https://physionet.org/files/sleep-edfx/1.0.0/sleep-cassette/SC4491G0-PSG.edf,TRUE,Header-only; no signal samples read.
Sleep-EDF Expanded v1.0.0,NOT_VERIFIED,SC4491G0-PSG.edf,NOT_VERIFIED,Event marker,OTHER,encoded in label; anatomical/reference interpretation requires contract review,1,,SC EMG envelope documented; CAP representation NOT_VERIFIED per channel,https://physionet.org/files/sleep-edfx/1.0.0/sleep-cassette/SC4491G0-PSG.edf,TRUE,Header-only; no signal samples read.
Sleep-EDF Expanded v1.0.0,NOT_VERIFIED,SC4492G0-PSG.edf,NOT_VERIFIED,EEG Fpz-Cz,EEG,encoded in label; anatomical/reference interpretation requires contract review,100,uV,SC EMG envelope documented; CAP representation NOT_VERIFIED per channel,https://physionet.org/files/sleep-edfx/1.0.0/sleep-cassette/SC4492G0-PSG.edf,TRUE,Header-only; no signal samples read.
Sleep-EDF Expanded v1.0.0,NOT_VERIFIED,SC4492G0-PSG.edf,NOT_VERIFIED,EEG Pz-Oz,EEG,encoded in label; anatomical/reference interpretation requires contract review,100,uV,SC EMG envelope documented; CAP representation NOT_VERIFIED per channel,https://physionet.org/files/sleep-edfx/1.0.0/sleep-cassette/SC4492G0-PSG.edf,TRUE,Header-only; no signal samples read.
Sleep-EDF Expanded v1.0.0,NOT_VERIFIED,SC4492G0-PSG.edf,NOT_VERIFIED,EOG horizontal,EOG,encoded in label; anatomical/reference interpretation requires contract review,100,uV,SC EMG envelope documented; CAP representation NOT_VERIFIED per channel,https://physionet.org/files/sleep-edfx/1.0.0/sleep-cassette/SC4492G0-PSG.edf,TRUE,Header-only; no signal samples read.
Sleep-EDF Expanded v1.0.0,NOT_VERIFIED,SC4492G0-PSG.edf,NOT_VERIFIED,Resp oro-nasal,OTHER,encoded in label; anatomical/reference interpretation requires contract review,1,,SC EMG envelope documented; CAP representation NOT_VERIFIED per channel,https://physionet.org/files/sleep-edfx/1.0.0/sleep-cassette/SC4492G0-PSG.edf,TRUE,Header-only; no signal samples read.
Sleep-EDF Expanded v1.0.0,NOT_VERIFIED,SC4492G0-PSG.edf,NOT_VERIFIED,EMG submental,EMG,encoded in label; anatomical/reference interpretation requires contract review,1,uV,SC EMG envelope documented; CAP representation NOT_VERIFIED per channel,https://physionet.org/files/sleep-edfx/1.0.0/sleep-cassette/SC4492G0-PSG.edf,TRUE,Header-only; no signal samples read.
Sleep-EDF Expanded v1.0.0,NOT_VERIFIED,SC4492G0-PSG.edf,NOT_VERIFIED,Temp rectal,OTHER,encoded in label; anatomical/reference interpretation requires contract review,1,,SC EMG envelope documented; CAP representation NOT_VERIFIED per channel,https://physionet.org/files/sleep-edfx/1.0.0/sleep-cassette/SC4492G0-PSG.edf,TRUE,Header-only; no signal samples read.
Sleep-EDF Expanded v1.0.0,NOT_VERIFIED,SC4492G0-PSG.edf,NOT_VERIFIED,Event marker,OTHER,encoded in label; anatomical/reference interpretation requires contract review,1,,SC EMG envelope documented; CAP representation NOT_VERIFIED per channel,https://physionet.org/files/sleep-edfx/1.0.0/sleep-cassette/SC4492G0-PSG.edf,TRUE,Header-only; no signal samples read.
Sleep-EDF Expanded v1.0.0,NOT_VERIFIED,SC4501E0-PSG.edf,NOT_VERIFIED,EEG Fpz-Cz,EEG,encoded in label; anatomical/reference interpretation requires contract review,100,uV,SC EMG envelope documented; CAP representation NOT_VERIFIED per channel,https://physionet.org/files/sleep-edfx/1.0.0/sleep-cassette/SC4501E0-PSG.edf,TRUE,Header-only; no signal samples read.
Sleep-EDF Expanded v1.0.0,NOT_VERIFIED,SC4501E0-PSG.edf,NOT_VERIFIED,EEG Pz-Oz,EEG,encoded in label; anatomical/reference interpretation requires contract review,100,uV,SC EMG envelope documented; CAP representation NOT_VERIFIED per channel,https://physionet.org/files/sleep-edfx/1.0.0/sleep-cassette/SC4501E0-PSG.edf,TRUE,Header-only; no signal samples read.
Sleep-EDF Expanded v1.0.0,NOT_VERIFIED,SC4501E0-PSG.edf,NOT_VERIFIED,EOG horizontal,EOG,encoded in label; anatomical/reference interpretation requires contract review,100,uV,SC EMG envelope documented; CAP representation NOT_VERIFIED per channel,https://physionet.org/files/sleep-edfx/1.0.0/sleep-cassette/SC4501E0-PSG.edf,TRUE,Header-only; no signal samples read.
Sleep-EDF Expanded v1.0.0,NOT_VERIFIED,SC4501E0-PSG.edf,NOT_VERIFIED,Resp oro-nasal,OTHER,encoded in label; anatomical/reference interpretation requires contract review,1,,SC EMG envelope documented; CAP representation NOT_VERIFIED per channel,https://physionet.org/files/sleep-edfx/1.0.0/sleep-cassette/SC4501E0-PSG.edf,TRUE,Header-only; no signal samples read.
Sleep-EDF Expanded v1.0.0,NOT_VERIFIED,SC4501E0-PSG.edf,NOT_VERIFIED,EMG submental,EMG,encoded in label; anatomical/reference interpretation requires contract review,1,uV,SC EMG envelope documented; CAP representation NOT_VERIFIED per channel,https://physionet.org/files/sleep-edfx/1.0.0/sleep-cassette/SC4501E0-PSG.edf,TRUE,Header-only; no signal samples read.
Sleep-EDF Expanded v1.0.0,NOT_VERIFIED,SC4501E0-PSG.edf,NOT_VERIFIED,Temp rectal,OTHER,encoded in label; anatomical/reference interpretation requires contract review,1,,SC EMG envelope documented; CAP representation NOT_VERIFIED per channel,https://physionet.org/files/sleep-edfx/1.0.0/sleep-cassette/SC4501E0-PSG.edf,TRUE,Header-only; no signal samples read.
Sleep-EDF Expanded v1.0.0,NOT_VERIFIED,SC4501E0-PSG.edf,NOT_VERIFIED,Event marker,OTHER,encoded in label; anatomical/reference interpretation requires contract review,1,,SC EMG envelope documented; CAP representation NOT_VERIFIED per channel,https://physionet.org/files/sleep-edfx/1.0.0/sleep-cassette/SC4501E0-PSG.edf,TRUE,Header-only; no signal samples read.
Sleep-EDF Expanded v1.0.0,NOT_VERIFIED,SC4502E0-PSG.edf,NOT_VERIFIED,EEG Fpz-Cz,EEG,encoded in label; anatomical/reference interpretation requires contract review,100,uV,SC EMG envelope documented; CAP representation NOT_VERIFIED per channel,https://physionet.org/files/sleep-edfx/1.0.0/sleep-cassette/SC4502E0-PSG.edf,TRUE,Header-only; no signal samples read.
Sleep-EDF Expanded v1.0.0,NOT_VERIFIED,SC4502E0-PSG.edf,NOT_VERIFIED,EEG Pz-Oz,EEG,encoded in label; anatomical/reference interpretation requires contract review,100,uV,SC EMG envelope documented; CAP representation NOT_VERIFIED per channel,https://physionet.org/files/sleep-edfx/1.0.0/sleep-cassette/SC4502E0-PSG.edf,TRUE,Header-only; no signal samples read.
Sleep-EDF Expanded v1.0.0,NOT_VERIFIED,SC4502E0-PSG.edf,NOT_VERIFIED,EOG horizontal,EOG,encoded in label; anatomical/reference interpretation requires contract review,100,uV,SC EMG envelope documented; CAP representation NOT_VERIFIED per channel,https://physionet.org/files/sleep-edfx/1.0.0/sleep-cassette/SC4502E0-PSG.edf,TRUE,Header-only; no signal samples read.
Sleep-EDF Expanded v1.0.0,NOT_VERIFIED,SC4502E0-PSG.edf,NOT_VERIFIED,Resp oro-nasal,OTHER,encoded in label; anatomical/reference interpretation requires contract review,1,,SC EMG envelope documented; CAP representation NOT_VERIFIED per channel,https://physionet.org/files/sleep-edfx/1.0.0/sleep-cassette/SC4502E0-PSG.edf,TRUE,Header-only; no signal samples read.
Sleep-EDF Expanded v1.0.0,NOT_VERIFIED,SC4502E0-PSG.edf,NOT_VERIFIED,EMG submental,EMG,encoded in label; anatomical/reference interpretation requires contract review,1,uV,SC EMG envelope documented; CAP representation NOT_VERIFIED per channel,https://physionet.org/files/sleep-edfx/1.0.0/sleep-cassette/SC4502E0-PSG.edf,TRUE,Header-only; no signal samples read.
Sleep-EDF Expanded v1.0.0,NOT_VERIFIED,SC4502E0-PSG.edf,NOT_VERIFIED,Temp rectal,OTHER,encoded in label; anatomical/reference interpretation requires contract review,1,,SC EMG envelope documented; CAP representation NOT_VERIFIED per channel,https://physionet.org/files/sleep-edfx/1.0.0/sleep-cassette/SC4502E0-PSG.edf,TRUE,Header-only; no signal samples read.
Sleep-EDF Expanded v1.0.0,NOT_VERIFIED,SC4502E0-PSG.edf,NOT_VERIFIED,Event marker,OTHER,encoded in label; anatomical/reference interpretation requires contract review,1,,SC EMG envelope documented; CAP representation NOT_VERIFIED per channel,https://physionet.org/files/sleep-edfx/1.0.0/sleep-cassette/SC4502E0-PSG.edf,TRUE,Header-only; no signal samples read.
Sleep-EDF Expanded v1.0.0,NOT_VERIFIED,SC4511E0-PSG.edf,NOT_VERIFIED,EEG Fpz-Cz,EEG,encoded in label; anatomical/reference interpretation requires contract review,100,uV,SC EMG envelope documented; CAP representation NOT_VERIFIED per channel,https://physionet.org/files/sleep-edfx/1.0.0/sleep-cassette/SC4511E0-PSG.edf,TRUE,Header-only; no signal samples read.
Sleep-EDF Expanded v1.0.0,NOT_VERIFIED,SC4511E0-PSG.edf,NOT_VERIFIED,EEG Pz-Oz,EEG,encoded in label; anatomical/reference interpretation requires contract review,100,uV,SC EMG envelope documented; CAP representation NOT_VERIFIED per channel,https://physionet.org/files/sleep-edfx/1.0.0/sleep-cassette/SC4511E0-PSG.edf,TRUE,Header-only; no signal samples read.
Sleep-EDF Expanded v1.0.0,NOT_VERIFIED,SC4511E0-PSG.edf,NOT_VERIFIED,EOG horizontal,EOG,encoded in label; anatomical/reference interpretation requires contract review,100,uV,SC EMG envelope documented; CAP representation NOT_VERIFIED per channel,https://physionet.org/files/sleep-edfx/1.0.0/sleep-cassette/SC4511E0-PSG.edf,TRUE,Header-only; no signal samples read.
Sleep-EDF Expanded v1.0.0,NOT_VERIFIED,SC4511E0-PSG.edf,NOT_VERIFIED,Resp oro-nasal,OTHER,encoded in label; anatomical/reference interpretation requires contract review,1,,SC EMG envelope documented; CAP representation NOT_VERIFIED per channel,https://physionet.org/files/sleep-edfx/1.0.0/sleep-cassette/SC4511E0-PSG.edf,TRUE,Header-only; no signal samples read.
Sleep-EDF Expanded v1.0.0,NOT_VERIFIED,SC4511E0-PSG.edf,NOT_VERIFIED,EMG submental,EMG,encoded in label; anatomical/reference interpretation requires contract review,1,uV,SC EMG envelope documented; CAP representation NOT_VERIFIED per channel,https://physionet.org/files/sleep-edfx/1.0.0/sleep-cassette/SC4511E0-PSG.edf,TRUE,Header-only; no signal samples read.
Sleep-EDF Expanded v1.0.0,NOT_VERIFIED,SC4511E0-PSG.edf,NOT_VERIFIED,Temp rectal,OTHER,encoded in label; anatomical/reference interpretation requires contract review,1,DegC,SC EMG envelope documented; CAP representation NOT_VERIFIED per channel,https://physionet.org/files/sleep-edfx/1.0.0/sleep-cassette/SC4511E0-PSG.edf,TRUE,Header-only; no signal samples read.
Sleep-EDF Expanded v1.0.0,NOT_VERIFIED,SC4511E0-PSG.edf,NOT_VERIFIED,Event marker,OTHER,encoded in label; anatomical/reference interpretation requires contract review,1,,SC EMG envelope documented; CAP representation NOT_VERIFIED per channel,https://physionet.org/files/sleep-edfx/1.0.0/sleep-cassette/SC4511E0-PSG.edf,TRUE,Header-only; no signal samples read.
Sleep-EDF Expanded v1.0.0,NOT_VERIFIED,SC4512E0-PSG.edf,NOT_VERIFIED,EEG Fpz-Cz,EEG,encoded in label; anatomical/reference interpretation requires contract review,100,uV,SC EMG envelope documented; CAP representation NOT_VERIFIED per channel,https://physionet.org/files/sleep-edfx/1.0.0/sleep-cassette/SC4512E0-PSG.edf,TRUE,Header-only; no signal samples read.
Sleep-EDF Expanded v1.0.0,NOT_VERIFIED,SC4512E0-PSG.edf,NOT_VERIFIED,EEG Pz-Oz,EEG,encoded in label; anatomical/reference interpretation requires contract review,100,uV,SC EMG envelope documented; CAP representation NOT_VERIFIED per channel,https://physionet.org/files/sleep-edfx/1.0.0/sleep-cassette/SC4512E0-PSG.edf,TRUE,Header-only; no signal samples read.
Sleep-EDF Expanded v1.0.0,NOT_VERIFIED,SC4512E0-PSG.edf,NOT_VERIFIED,EOG horizontal,EOG,encoded in label; anatomical/reference interpretation requires contract review,100,uV,SC EMG envelope documented; CAP representation NOT_VERIFIED per channel,https://physionet.org/files/sleep-edfx/1.0.0/sleep-cassette/SC4512E0-PSG.edf,TRUE,Header-only; no signal samples read.
Sleep-EDF Expanded v1.0.0,NOT_VERIFIED,SC4512E0-PSG.edf,NOT_VERIFIED,Resp oro-nasal,OTHER,encoded in label; anatomical/reference interpretation requires contract review,1,,SC EMG envelope documented; CAP representation NOT_VERIFIED per channel,https://physionet.org/files/sleep-edfx/1.0.0/sleep-cassette/SC4512E0-PSG.edf,TRUE,Header-only; no signal samples read.
Sleep-EDF Expanded v1.0.0,NOT_VERIFIED,SC4512E0-PSG.edf,NOT_VERIFIED,EMG submental,EMG,encoded in label; anatomical/reference interpretation requires contract review,1,uV,SC EMG envelope documented; CAP representation NOT_VERIFIED per channel,https://physionet.org/files/sleep-edfx/1.0.0/sleep-cassette/SC4512E0-PSG.edf,TRUE,Header-only; no signal samples read.
Sleep-EDF Expanded v1.0.0,NOT_VERIFIED,SC4512E0-PSG.edf,NOT_VERIFIED,Temp rectal,OTHER,encoded in label; anatomical/reference interpretation requires contract review,1,DegC,SC EMG envelope documented; CAP representation NOT_VERIFIED per channel,https://physionet.org/files/sleep-edfx/1.0.0/sleep-cassette/SC4512E0-PSG.edf,TRUE,Header-only; no signal samples read.
Sleep-EDF Expanded v1.0.0,NOT_VERIFIED,SC4512E0-PSG.edf,NOT_VERIFIED,Event marker,OTHER,encoded in label; anatomical/reference interpretation requires contract review,1,,SC EMG envelope documented; CAP representation NOT_VERIFIED per channel,https://physionet.org/files/sleep-edfx/1.0.0/sleep-cassette/SC4512E0-PSG.edf,TRUE,Header-only; no signal samples read.
Sleep-EDF Expanded v1.0.0,NOT_VERIFIED,SC4522E0-PSG.edf,NOT_VERIFIED,EEG Fpz-Cz,EEG,encoded in label; anatomical/reference interpretation requires contract review,100,uV,SC EMG envelope documented; CAP representation NOT_VERIFIED per channel,https://physionet.org/files/sleep-edfx/1.0.0/sleep-cassette/SC4522E0-PSG.edf,TRUE,Header-only; no signal samples read.
Sleep-EDF Expanded v1.0.0,NOT_VERIFIED,SC4522E0-PSG.edf,NOT_VERIFIED,EEG Pz-Oz,EEG,encoded in label; anatomical/reference interpretation requires contract review,100,uV,SC EMG envelope documented; CAP representation NOT_VERIFIED per channel,https://physionet.org/files/sleep-edfx/1.0.0/sleep-cassette/SC4522E0-PSG.edf,TRUE,Header-only; no signal samples read.
Sleep-EDF Expanded v1.0.0,NOT_VERIFIED,SC4522E0-PSG.edf,NOT_VERIFIED,EOG horizontal,EOG,encoded in label; anatomical/reference interpretation requires contract review,100,uV,SC EMG envelope documented; CAP representation NOT_VERIFIED per channel,https://physionet.org/files/sleep-edfx/1.0.0/sleep-cassette/SC4522E0-PSG.edf,TRUE,Header-only; no signal samples read.
Sleep-EDF Expanded v1.0.0,NOT_VERIFIED,SC4522E0-PSG.edf,NOT_VERIFIED,Resp oro-nasal,OTHER,encoded in label; anatomical/reference interpretation requires contract review,1,,SC EMG envelope documented; CAP representation NOT_VERIFIED per channel,https://physionet.org/files/sleep-edfx/1.0.0/sleep-cassette/SC4522E0-PSG.edf,TRUE,Header-only; no signal samples read.
Sleep-EDF Expanded v1.0.0,NOT_VERIFIED,SC4522E0-PSG.edf,NOT_VERIFIED,EMG submental,EMG,encoded in label; anatomical/reference interpretation requires contract review,1,uV,SC EMG envelope documented; CAP representation NOT_VERIFIED per channel,https://physionet.org/files/sleep-edfx/1.0.0/sleep-cassette/SC4522E0-PSG.edf,TRUE,Header-only; no signal samples read.
Sleep-EDF Expanded v1.0.0,NOT_VERIFIED,SC4522E0-PSG.edf,NOT_VERIFIED,Temp rectal,OTHER,encoded in label; anatomical/reference interpretation requires contract review,1,,SC EMG envelope documented; CAP representation NOT_VERIFIED per channel,https://physionet.org/files/sleep-edfx/1.0.0/sleep-cassette/SC4522E0-PSG.edf,TRUE,Header-only; no signal samples read.
Sleep-EDF Expanded v1.0.0,NOT_VERIFIED,SC4522E0-PSG.edf,NOT_VERIFIED,Event marker,OTHER,encoded in label; anatomical/reference interpretation requires contract review,1,,SC EMG envelope documented; CAP representation NOT_VERIFIED per channel,https://physionet.org/files/sleep-edfx/1.0.0/sleep-cassette/SC4522E0-PSG.edf,TRUE,Header-only; no signal samples read.
Sleep-EDF Expanded v1.0.0,NOT_VERIFIED,SC4531E0-PSG.edf,NOT_VERIFIED,EEG Fpz-Cz,EEG,encoded in label; anatomical/reference interpretation requires contract review,100,uV,SC EMG envelope documented; CAP representation NOT_VERIFIED per channel,https://physionet.org/files/sleep-edfx/1.0.0/sleep-cassette/SC4531E0-PSG.edf,TRUE,Header-only; no signal samples read.
Sleep-EDF Expanded v1.0.0,NOT_VERIFIED,SC4531E0-PSG.edf,NOT_VERIFIED,EEG Pz-Oz,EEG,encoded in label; anatomical/reference interpretation requires contract review,100,uV,SC EMG envelope documented; CAP representation NOT_VERIFIED per channel,https://physionet.org/files/sleep-edfx/1.0.0/sleep-cassette/SC4531E0-PSG.edf,TRUE,Header-only; no signal samples read.
Sleep-EDF Expanded v1.0.0,NOT_VERIFIED,SC4531E0-PSG.edf,NOT_VERIFIED,EOG horizontal,EOG,encoded in label; anatomical/reference interpretation requires contract review,100,uV,SC EMG envelope documented; CAP representation NOT_VERIFIED per channel,https://physionet.org/files/sleep-edfx/1.0.0/sleep-cassette/SC4531E0-PSG.edf,TRUE,Header-only; no signal samples read.
Sleep-EDF Expanded v1.0.0,NOT_VERIFIED,SC4531E0-PSG.edf,NOT_VERIFIED,Resp oro-nasal,OTHER,encoded in label; anatomical/reference interpretation requires contract review,1,,SC EMG envelope documented; CAP representation NOT_VERIFIED per channel,https://physionet.org/files/sleep-edfx/1.0.0/sleep-cassette/SC4531E0-PSG.edf,TRUE,Header-only; no signal samples read.
Sleep-EDF Expanded v1.0.0,NOT_VERIFIED,SC4531E0-PSG.edf,NOT_VERIFIED,EMG submental,EMG,encoded in label; anatomical/reference interpretation requires contract review,1,uV,SC EMG envelope documented; CAP representation NOT_VERIFIED per channel,https://physionet.org/files/sleep-edfx/1.0.0/sleep-cassette/SC4531E0-PSG.edf,TRUE,Header-only; no signal samples read.
Sleep-EDF Expanded v1.0.0,NOT_VERIFIED,SC4531E0-PSG.edf,NOT_VERIFIED,Temp rectal,OTHER,encoded in label; anatomical/reference interpretation requires contract review,1,DegC,SC EMG envelope documented; CAP representation NOT_VERIFIED per channel,https://physionet.org/files/sleep-edfx/1.0.0/sleep-cassette/SC4531E0-PSG.edf,TRUE,Header-only; no signal samples read.
Sleep-EDF Expanded v1.0.0,NOT_VERIFIED,SC4531E0-PSG.edf,NOT_VERIFIED,Event marker,OTHER,encoded in label; anatomical/reference interpretation requires contract review,1,,SC EMG envelope documented; CAP representation NOT_VERIFIED per channel,https://physionet.org/files/sleep-edfx/1.0.0/sleep-cassette/SC4531E0-PSG.edf,TRUE,Header-only; no signal samples read.
Sleep-EDF Expanded v1.0.0,NOT_VERIFIED,SC4532E0-PSG.edf,NOT_VERIFIED,EEG Fpz-Cz,EEG,encoded in label; anatomical/reference interpretation requires contract review,100,uV,SC EMG envelope documented; CAP representation NOT_VERIFIED per channel,https://physionet.org/files/sleep-edfx/1.0.0/sleep-cassette/SC4532E0-PSG.edf,TRUE,Header-only; no signal samples read.
Sleep-EDF Expanded v1.0.0,NOT_VERIFIED,SC4532E0-PSG.edf,NOT_VERIFIED,EEG Pz-Oz,EEG,encoded in label; anatomical/reference interpretation requires contract review,100,uV,SC EMG envelope documented; CAP representation NOT_VERIFIED per channel,https://physionet.org/files/sleep-edfx/1.0.0/sleep-cassette/SC4532E0-PSG.edf,TRUE,Header-only; no signal samples read.
Sleep-EDF Expanded v1.0.0,NOT_VERIFIED,SC4532E0-PSG.edf,NOT_VERIFIED,EOG horizontal,EOG,encoded in label; anatomical/reference interpretation requires contract review,100,uV,SC EMG envelope documented; CAP representation NOT_VERIFIED per channel,https://physionet.org/files/sleep-edfx/1.0.0/sleep-cassette/SC4532E0-PSG.edf,TRUE,Header-only; no signal samples read.
Sleep-EDF Expanded v1.0.0,NOT_VERIFIED,SC4532E0-PSG.edf,NOT_VERIFIED,Resp oro-nasal,OTHER,encoded in label; anatomical/reference interpretation requires contract review,1,,SC EMG envelope documented; CAP representation NOT_VERIFIED per channel,https://physionet.org/files/sleep-edfx/1.0.0/sleep-cassette/SC4532E0-PSG.edf,TRUE,Header-only; no signal samples read.
Sleep-EDF Expanded v1.0.0,NOT_VERIFIED,SC4532E0-PSG.edf,NOT_VERIFIED,EMG submental,EMG,encoded in label; anatomical/reference interpretation requires contract review,1,uV,SC EMG envelope documented; CAP representation NOT_VERIFIED per channel,https://physionet.org/files/sleep-edfx/1.0.0/sleep-cassette/SC4532E0-PSG.edf,TRUE,Header-only; no signal samples read.
Sleep-EDF Expanded v1.0.0,NOT_VERIFIED,SC4532E0-PSG.edf,NOT_VERIFIED,Temp rectal,OTHER,encoded in label; anatomical/reference interpretation requires contract review,1,DegC,SC EMG envelope documented; CAP representation NOT_VERIFIED per channel,https://physionet.org/files/sleep-edfx/1.0.0/sleep-cassette/SC4532E0-PSG.edf,TRUE,Header-only; no signal samples read.
Sleep-EDF Expanded v1.0.0,NOT_VERIFIED,SC4532E0-PSG.edf,NOT_VERIFIED,Event marker,OTHER,encoded in label; anatomical/reference interpretation requires contract review,1,,SC EMG envelope documented; CAP representation NOT_VERIFIED per channel,https://physionet.org/files/sleep-edfx/1.0.0/sleep-cassette/SC4532E0-PSG.edf,TRUE,Header-only; no signal samples read.
Sleep-EDF Expanded v1.0.0,NOT_VERIFIED,SC4541F0-PSG.edf,NOT_VERIFIED,EEG Fpz-Cz,EEG,encoded in label; anatomical/reference interpretation requires contract review,100,uV,SC EMG envelope documented; CAP representation NOT_VERIFIED per channel,https://physionet.org/files/sleep-edfx/1.0.0/sleep-cassette/SC4541F0-PSG.edf,TRUE,Header-only; no signal samples read.
Sleep-EDF Expanded v1.0.0,NOT_VERIFIED,SC4541F0-PSG.edf,NOT_VERIFIED,EEG Pz-Oz,EEG,encoded in label; anatomical/reference interpretation requires contract review,100,uV,SC EMG envelope documented; CAP representation NOT_VERIFIED per channel,https://physionet.org/files/sleep-edfx/1.0.0/sleep-cassette/SC4541F0-PSG.edf,TRUE,Header-only; no signal samples read.
Sleep-EDF Expanded v1.0.0,NOT_VERIFIED,SC4541F0-PSG.edf,NOT_VERIFIED,EOG horizontal,EOG,encoded in label; anatomical/reference interpretation requires contract review,100,uV,SC EMG envelope documented; CAP representation NOT_VERIFIED per channel,https://physionet.org/files/sleep-edfx/1.0.0/sleep-cassette/SC4541F0-PSG.edf,TRUE,Header-only; no signal samples read.
Sleep-EDF Expanded v1.0.0,NOT_VERIFIED,SC4541F0-PSG.edf,NOT_VERIFIED,Resp oro-nasal,OTHER,encoded in label; anatomical/reference interpretation requires contract review,1,,SC EMG envelope documented; CAP representation NOT_VERIFIED per channel,https://physionet.org/files/sleep-edfx/1.0.0/sleep-cassette/SC4541F0-PSG.edf,TRUE,Header-only; no signal samples read.
Sleep-EDF Expanded v1.0.0,NOT_VERIFIED,SC4541F0-PSG.edf,NOT_VERIFIED,EMG submental,EMG,encoded in label; anatomical/reference interpretation requires contract review,1,uV,SC EMG envelope documented; CAP representation NOT_VERIFIED per channel,https://physionet.org/files/sleep-edfx/1.0.0/sleep-cassette/SC4541F0-PSG.edf,TRUE,Header-only; no signal samples read.
Sleep-EDF Expanded v1.0.0,NOT_VERIFIED,SC4541F0-PSG.edf,NOT_VERIFIED,Temp rectal,OTHER,encoded in label; anatomical/reference interpretation requires contract review,1,DegC,SC EMG envelope documented; CAP representation NOT_VERIFIED per channel,https://physionet.org/files/sleep-edfx/1.0.0/sleep-cassette/SC4541F0-PSG.edf,TRUE,Header-only; no signal samples read.
Sleep-EDF Expanded v1.0.0,NOT_VERIFIED,SC4541F0-PSG.edf,NOT_VERIFIED,Event marker,OTHER,encoded in label; anatomical/reference interpretation requires contract review,1,,SC EMG envelope documented; CAP representation NOT_VERIFIED per channel,https://physionet.org/files/sleep-edfx/1.0.0/sleep-cassette/SC4541F0-PSG.edf,TRUE,Header-only; no signal samples read.
Sleep-EDF Expanded v1.0.0,NOT_VERIFIED,SC4542F0-PSG.edf,NOT_VERIFIED,EEG Fpz-Cz,EEG,encoded in label; anatomical/reference interpretation requires contract review,100,uV,SC EMG envelope documented; CAP representation NOT_VERIFIED per channel,https://physionet.org/files/sleep-edfx/1.0.0/sleep-cassette/SC4542F0-PSG.edf,TRUE,Header-only; no signal samples read.
Sleep-EDF Expanded v1.0.0,NOT_VERIFIED,SC4542F0-PSG.edf,NOT_VERIFIED,EEG Pz-Oz,EEG,encoded in label; anatomical/reference interpretation requires contract review,100,uV,SC EMG envelope documented; CAP representation NOT_VERIFIED per channel,https://physionet.org/files/sleep-edfx/1.0.0/sleep-cassette/SC4542F0-PSG.edf,TRUE,Header-only; no signal samples read.
Sleep-EDF Expanded v1.0.0,NOT_VERIFIED,SC4542F0-PSG.edf,NOT_VERIFIED,EOG horizontal,EOG,encoded in label; anatomical/reference interpretation requires contract review,100,uV,SC EMG envelope documented; CAP representation NOT_VERIFIED per channel,https://physionet.org/files/sleep-edfx/1.0.0/sleep-cassette/SC4542F0-PSG.edf,TRUE,Header-only; no signal samples read.
Sleep-EDF Expanded v1.0.0,NOT_VERIFIED,SC4542F0-PSG.edf,NOT_VERIFIED,Resp oro-nasal,OTHER,encoded in label; anatomical/reference interpretation requires contract review,1,,SC EMG envelope documented; CAP representation NOT_VERIFIED per channel,https://physionet.org/files/sleep-edfx/1.0.0/sleep-cassette/SC4542F0-PSG.edf,TRUE,Header-only; no signal samples read.
Sleep-EDF Expanded v1.0.0,NOT_VERIFIED,SC4542F0-PSG.edf,NOT_VERIFIED,EMG submental,EMG,encoded in label; anatomical/reference interpretation requires contract review,1,uV,SC EMG envelope documented; CAP representation NOT_VERIFIED per channel,https://physionet.org/files/sleep-edfx/1.0.0/sleep-cassette/SC4542F0-PSG.edf,TRUE,Header-only; no signal samples read.
Sleep-EDF Expanded v1.0.0,NOT_VERIFIED,SC4542F0-PSG.edf,NOT_VERIFIED,Temp rectal,OTHER,encoded in label; anatomical/reference interpretation requires contract review,1,DegC,SC EMG envelope documented; CAP representation NOT_VERIFIED per channel,https://physionet.org/files/sleep-edfx/1.0.0/sleep-cassette/SC4542F0-PSG.edf,TRUE,Header-only; no signal samples read.
Sleep-EDF Expanded v1.0.0,NOT_VERIFIED,SC4542F0-PSG.edf,NOT_VERIFIED,Event marker,OTHER,encoded in label; anatomical/reference interpretation requires contract review,1,,SC EMG envelope documented; CAP representation NOT_VERIFIED per channel,https://physionet.org/files/sleep-edfx/1.0.0/sleep-cassette/SC4542F0-PSG.edf,TRUE,Header-only; no signal samples read.
Sleep-EDF Expanded v1.0.0,NOT_VERIFIED,SC4551F0-PSG.edf,NOT_VERIFIED,EEG Fpz-Cz,EEG,encoded in label; anatomical/reference interpretation requires contract review,100,uV,SC EMG envelope documented; CAP representation NOT_VERIFIED per channel,https://physionet.org/files/sleep-edfx/1.0.0/sleep-cassette/SC4551F0-PSG.edf,TRUE,Header-only; no signal samples read.
Sleep-EDF Expanded v1.0.0,NOT_VERIFIED,SC4551F0-PSG.edf,NOT_VERIFIED,EEG Pz-Oz,EEG,encoded in label; anatomical/reference interpretation requires contract review,100,uV,SC EMG envelope documented; CAP representation NOT_VERIFIED per channel,https://physionet.org/files/sleep-edfx/1.0.0/sleep-cassette/SC4551F0-PSG.edf,TRUE,Header-only; no signal samples read.
Sleep-EDF Expanded v1.0.0,NOT_VERIFIED,SC4551F0-PSG.edf,NOT_VERIFIED,EOG horizontal,EOG,encoded in label; anatomical/reference interpretation requires contract review,100,uV,SC EMG envelope documented; CAP representation NOT_VERIFIED per channel,https://physionet.org/files/sleep-edfx/1.0.0/sleep-cassette/SC4551F0-PSG.edf,TRUE,Header-only; no signal samples read.
Sleep-EDF Expanded v1.0.0,NOT_VERIFIED,SC4551F0-PSG.edf,NOT_VERIFIED,Resp oro-nasal,OTHER,encoded in label; anatomical/reference interpretation requires contract review,1,,SC EMG envelope documented; CAP representation NOT_VERIFIED per channel,https://physionet.org/files/sleep-edfx/1.0.0/sleep-cassette/SC4551F0-PSG.edf,TRUE,Header-only; no signal samples read.
Sleep-EDF Expanded v1.0.0,NOT_VERIFIED,SC4551F0-PSG.edf,NOT_VERIFIED,EMG submental,EMG,encoded in label; anatomical/reference interpretation requires contract review,1,uV,SC EMG envelope documented; CAP representation NOT_VERIFIED per channel,https://physionet.org/files/sleep-edfx/1.0.0/sleep-cassette/SC4551F0-PSG.edf,TRUE,Header-only; no signal samples read.
Sleep-EDF Expanded v1.0.0,NOT_VERIFIED,SC4551F0-PSG.edf,NOT_VERIFIED,Temp rectal,OTHER,encoded in label; anatomical/reference interpretation requires contract review,1,,SC EMG envelope documented; CAP representation NOT_VERIFIED per channel,https://physionet.org/files/sleep-edfx/1.0.0/sleep-cassette/SC4551F0-PSG.edf,TRUE,Header-only; no signal samples read.
Sleep-EDF Expanded v1.0.0,NOT_VERIFIED,SC4551F0-PSG.edf,NOT_VERIFIED,Event marker,OTHER,encoded in label; anatomical/reference interpretation requires contract review,1,,SC EMG envelope documented; CAP representation NOT_VERIFIED per channel,https://physionet.org/files/sleep-edfx/1.0.0/sleep-cassette/SC4551F0-PSG.edf,TRUE,Header-only; no signal samples read.
Sleep-EDF Expanded v1.0.0,NOT_VERIFIED,SC4552F0-PSG.edf,NOT_VERIFIED,EEG Fpz-Cz,EEG,encoded in label; anatomical/reference interpretation requires contract review,100,uV,SC EMG envelope documented; CAP representation NOT_VERIFIED per channel,https://physionet.org/files/sleep-edfx/1.0.0/sleep-cassette/SC4552F0-PSG.edf,TRUE,Header-only; no signal samples read.
Sleep-EDF Expanded v1.0.0,NOT_VERIFIED,SC4552F0-PSG.edf,NOT_VERIFIED,EEG Pz-Oz,EEG,encoded in label; anatomical/reference interpretation requires contract review,100,uV,SC EMG envelope documented; CAP representation NOT_VERIFIED per channel,https://physionet.org/files/sleep-edfx/1.0.0/sleep-cassette/SC4552F0-PSG.edf,TRUE,Header-only; no signal samples read.
Sleep-EDF Expanded v1.0.0,NOT_VERIFIED,SC4552F0-PSG.edf,NOT_VERIFIED,EOG horizontal,EOG,encoded in label; anatomical/reference interpretation requires contract review,100,uV,SC EMG envelope documented; CAP representation NOT_VERIFIED per channel,https://physionet.org/files/sleep-edfx/1.0.0/sleep-cassette/SC4552F0-PSG.edf,TRUE,Header-only; no signal samples read.
Sleep-EDF Expanded v1.0.0,NOT_VERIFIED,SC4552F0-PSG.edf,NOT_VERIFIED,Resp oro-nasal,OTHER,encoded in label; anatomical/reference interpretation requires contract review,1,,SC EMG envelope documented; CAP representation NOT_VERIFIED per channel,https://physionet.org/files/sleep-edfx/1.0.0/sleep-cassette/SC4552F0-PSG.edf,TRUE,Header-only; no signal samples read.
Sleep-EDF Expanded v1.0.0,NOT_VERIFIED,SC4552F0-PSG.edf,NOT_VERIFIED,EMG submental,EMG,encoded in label; anatomical/reference interpretation requires contract review,1,uV,SC EMG envelope documented; CAP representation NOT_VERIFIED per channel,https://physionet.org/files/sleep-edfx/1.0.0/sleep-cassette/SC4552F0-PSG.edf,TRUE,Header-only; no signal samples read.
Sleep-EDF Expanded v1.0.0,NOT_VERIFIED,SC4552F0-PSG.edf,NOT_VERIFIED,Temp rectal,OTHER,encoded in label; anatomical/reference interpretation requires contract review,1,,SC EMG envelope documented; CAP representation NOT_VERIFIED per channel,https://physionet.org/files/sleep-edfx/1.0.0/sleep-cassette/SC4552F0-PSG.edf,TRUE,Header-only; no signal samples read.
Sleep-EDF Expanded v1.0.0,NOT_VERIFIED,SC4552F0-PSG.edf,NOT_VERIFIED,Event marker,OTHER,encoded in label; anatomical/reference interpretation requires contract review,1,,SC EMG envelope documented; CAP representation NOT_VERIFIED per channel,https://physionet.org/files/sleep-edfx/1.0.0/sleep-cassette/SC4552F0-PSG.edf,TRUE,Header-only; no signal samples read.
Sleep-EDF Expanded v1.0.0,NOT_VERIFIED,SC4561F0-PSG.edf,NOT_VERIFIED,EEG Fpz-Cz,EEG,encoded in label; anatomical/reference interpretation requires contract review,100,uV,SC EMG envelope documented; CAP representation NOT_VERIFIED per channel,https://physionet.org/files/sleep-edfx/1.0.0/sleep-cassette/SC4561F0-PSG.edf,TRUE,Header-only; no signal samples read.
Sleep-EDF Expanded v1.0.0,NOT_VERIFIED,SC4561F0-PSG.edf,NOT_VERIFIED,EEG Pz-Oz,EEG,encoded in label; anatomical/reference interpretation requires contract review,100,uV,SC EMG envelope documented; CAP representation NOT_VERIFIED per channel,https://physionet.org/files/sleep-edfx/1.0.0/sleep-cassette/SC4561F0-PSG.edf,TRUE,Header-only; no signal samples read.
Sleep-EDF Expanded v1.0.0,NOT_VERIFIED,SC4561F0-PSG.edf,NOT_VERIFIED,EOG horizontal,EOG,encoded in label; anatomical/reference interpretation requires contract review,100,uV,SC EMG envelope documented; CAP representation NOT_VERIFIED per channel,https://physionet.org/files/sleep-edfx/1.0.0/sleep-cassette/SC4561F0-PSG.edf,TRUE,Header-only; no signal samples read.
Sleep-EDF Expanded v1.0.0,NOT_VERIFIED,SC4561F0-PSG.edf,NOT_VERIFIED,Resp oro-nasal,OTHER,encoded in label; anatomical/reference interpretation requires contract review,1,,SC EMG envelope documented; CAP representation NOT_VERIFIED per channel,https://physionet.org/files/sleep-edfx/1.0.0/sleep-cassette/SC4561F0-PSG.edf,TRUE,Header-only; no signal samples read.
Sleep-EDF Expanded v1.0.0,NOT_VERIFIED,SC4561F0-PSG.edf,NOT_VERIFIED,EMG submental,EMG,encoded in label; anatomical/reference interpretation requires contract review,1,uV,SC EMG envelope documented; CAP representation NOT_VERIFIED per channel,https://physionet.org/files/sleep-edfx/1.0.0/sleep-cassette/SC4561F0-PSG.edf,TRUE,Header-only; no signal samples read.
Sleep-EDF Expanded v1.0.0,NOT_VERIFIED,SC4561F0-PSG.edf,NOT_VERIFIED,Temp rectal,OTHER,encoded in label; anatomical/reference interpretation requires contract review,1,DegC,SC EMG envelope documented; CAP representation NOT_VERIFIED per channel,https://physionet.org/files/sleep-edfx/1.0.0/sleep-cassette/SC4561F0-PSG.edf,TRUE,Header-only; no signal samples read.
Sleep-EDF Expanded v1.0.0,NOT_VERIFIED,SC4561F0-PSG.edf,NOT_VERIFIED,Event marker,OTHER,encoded in label; anatomical/reference interpretation requires contract review,1,,SC EMG envelope documented; CAP representation NOT_VERIFIED per channel,https://physionet.org/files/sleep-edfx/1.0.0/sleep-cassette/SC4561F0-PSG.edf,TRUE,Header-only; no signal samples read.
Sleep-EDF Expanded v1.0.0,NOT_VERIFIED,SC4562F0-PSG.edf,NOT_VERIFIED,EEG Fpz-Cz,EEG,encoded in label; anatomical/reference interpretation requires contract review,100,uV,SC EMG envelope documented; CAP representation NOT_VERIFIED per channel,https://physionet.org/files/sleep-edfx/1.0.0/sleep-cassette/SC4562F0-PSG.edf,TRUE,Header-only; no signal samples read.
Sleep-EDF Expanded v1.0.0,NOT_VERIFIED,SC4562F0-PSG.edf,NOT_VERIFIED,EEG Pz-Oz,EEG,encoded in label; anatomical/reference interpretation requires contract review,100,uV,SC EMG envelope documented; CAP representation NOT_VERIFIED per channel,https://physionet.org/files/sleep-edfx/1.0.0/sleep-cassette/SC4562F0-PSG.edf,TRUE,Header-only; no signal samples read.
Sleep-EDF Expanded v1.0.0,NOT_VERIFIED,SC4562F0-PSG.edf,NOT_VERIFIED,EOG horizontal,EOG,encoded in label; anatomical/reference interpretation requires contract review,100,uV,SC EMG envelope documented; CAP representation NOT_VERIFIED per channel,https://physionet.org/files/sleep-edfx/1.0.0/sleep-cassette/SC4562F0-PSG.edf,TRUE,Header-only; no signal samples read.
Sleep-EDF Expanded v1.0.0,NOT_VERIFIED,SC4562F0-PSG.edf,NOT_VERIFIED,Resp oro-nasal,OTHER,encoded in label; anatomical/reference interpretation requires contract review,1,,SC EMG envelope documented; CAP representation NOT_VERIFIED per channel,https://physionet.org/files/sleep-edfx/1.0.0/sleep-cassette/SC4562F0-PSG.edf,TRUE,Header-only; no signal samples read.
Sleep-EDF Expanded v1.0.0,NOT_VERIFIED,SC4562F0-PSG.edf,NOT_VERIFIED,EMG submental,EMG,encoded in label; anatomical/reference interpretation requires contract review,1,uV,SC EMG envelope documented; CAP representation NOT_VERIFIED per channel,https://physionet.org/files/sleep-edfx/1.0.0/sleep-cassette/SC4562F0-PSG.edf,TRUE,Header-only; no signal samples read.
Sleep-EDF Expanded v1.0.0,NOT_VERIFIED,SC4562F0-PSG.edf,NOT_VERIFIED,Temp rectal,OTHER,encoded in label; anatomical/reference interpretation requires contract review,1,DegC,SC EMG envelope documented; CAP representation NOT_VERIFIED per channel,https://physionet.org/files/sleep-edfx/1.0.0/sleep-cassette/SC4562F0-PSG.edf,TRUE,Header-only; no signal samples read.
Sleep-EDF Expanded v1.0.0,NOT_VERIFIED,SC4562F0-PSG.edf,NOT_VERIFIED,Event marker,OTHER,encoded in label; anatomical/reference interpretation requires contract review,1,,SC EMG envelope documented; CAP representation NOT_VERIFIED per channel,https://physionet.org/files/sleep-edfx/1.0.0/sleep-cassette/SC4562F0-PSG.edf,TRUE,Header-only; no signal samples read.
Sleep-EDF Expanded v1.0.0,NOT_VERIFIED,SC4571F0-PSG.edf,NOT_VERIFIED,EEG Fpz-Cz,EEG,encoded in label; anatomical/reference interpretation requires contract review,100,uV,SC EMG envelope documented; CAP representation NOT_VERIFIED per channel,https://physionet.org/files/sleep-edfx/1.0.0/sleep-cassette/SC4571F0-PSG.edf,TRUE,Header-only; no signal samples read.
Sleep-EDF Expanded v1.0.0,NOT_VERIFIED,SC4571F0-PSG.edf,NOT_VERIFIED,EEG Pz-Oz,EEG,encoded in label; anatomical/reference interpretation requires contract review,100,uV,SC EMG envelope documented; CAP representation NOT_VERIFIED per channel,https://physionet.org/files/sleep-edfx/1.0.0/sleep-cassette/SC4571F0-PSG.edf,TRUE,Header-only; no signal samples read.
Sleep-EDF Expanded v1.0.0,NOT_VERIFIED,SC4571F0-PSG.edf,NOT_VERIFIED,EOG horizontal,EOG,encoded in label; anatomical/reference interpretation requires contract review,100,uV,SC EMG envelope documented; CAP representation NOT_VERIFIED per channel,https://physionet.org/files/sleep-edfx/1.0.0/sleep-cassette/SC4571F0-PSG.edf,TRUE,Header-only; no signal samples read.
Sleep-EDF Expanded v1.0.0,NOT_VERIFIED,SC4571F0-PSG.edf,NOT_VERIFIED,Resp oro-nasal,OTHER,encoded in label; anatomical/reference interpretation requires contract review,1,,SC EMG envelope documented; CAP representation NOT_VERIFIED per channel,https://physionet.org/files/sleep-edfx/1.0.0/sleep-cassette/SC4571F0-PSG.edf,TRUE,Header-only; no signal samples read.
Sleep-EDF Expanded v1.0.0,NOT_VERIFIED,SC4571F0-PSG.edf,NOT_VERIFIED,EMG submental,EMG,encoded in label; anatomical/reference interpretation requires contract review,1,uV,SC EMG envelope documented; CAP representation NOT_VERIFIED per channel,https://physionet.org/files/sleep-edfx/1.0.0/sleep-cassette/SC4571F0-PSG.edf,TRUE,Header-only; no signal samples read.
Sleep-EDF Expanded v1.0.0,NOT_VERIFIED,SC4571F0-PSG.edf,NOT_VERIFIED,Temp rectal,OTHER,encoded in label; anatomical/reference interpretation requires contract review,1,,SC EMG envelope documented; CAP representation NOT_VERIFIED per channel,https://physionet.org/files/sleep-edfx/1.0.0/sleep-cassette/SC4571F0-PSG.edf,TRUE,Header-only; no signal samples read.
Sleep-EDF Expanded v1.0.0,NOT_VERIFIED,SC4571F0-PSG.edf,NOT_VERIFIED,Event marker,OTHER,encoded in label; anatomical/reference interpretation requires contract review,1,,SC EMG envelope documented; CAP representation NOT_VERIFIED per channel,https://physionet.org/files/sleep-edfx/1.0.0/sleep-cassette/SC4571F0-PSG.edf,TRUE,Header-only; no signal samples read.
Sleep-EDF Expanded v1.0.0,NOT_VERIFIED,SC4572F0-PSG.edf,NOT_VERIFIED,EEG Fpz-Cz,EEG,encoded in label; anatomical/reference interpretation requires contract review,100,uV,SC EMG envelope documented; CAP representation NOT_VERIFIED per channel,https://physionet.org/files/sleep-edfx/1.0.0/sleep-cassette/SC4572F0-PSG.edf,TRUE,Header-only; no signal samples read.
Sleep-EDF Expanded v1.0.0,NOT_VERIFIED,SC4572F0-PSG.edf,NOT_VERIFIED,EEG Pz-Oz,EEG,encoded in label; anatomical/reference interpretation requires contract review,100,uV,SC EMG envelope documented; CAP representation NOT_VERIFIED per channel,https://physionet.org/files/sleep-edfx/1.0.0/sleep-cassette/SC4572F0-PSG.edf,TRUE,Header-only; no signal samples read.
Sleep-EDF Expanded v1.0.0,NOT_VERIFIED,SC4572F0-PSG.edf,NOT_VERIFIED,EOG horizontal,EOG,encoded in label; anatomical/reference interpretation requires contract review,100,uV,SC EMG envelope documented; CAP representation NOT_VERIFIED per channel,https://physionet.org/files/sleep-edfx/1.0.0/sleep-cassette/SC4572F0-PSG.edf,TRUE,Header-only; no signal samples read.
Sleep-EDF Expanded v1.0.0,NOT_VERIFIED,SC4572F0-PSG.edf,NOT_VERIFIED,Resp oro-nasal,OTHER,encoded in label; anatomical/reference interpretation requires contract review,1,,SC EMG envelope documented; CAP representation NOT_VERIFIED per channel,https://physionet.org/files/sleep-edfx/1.0.0/sleep-cassette/SC4572F0-PSG.edf,TRUE,Header-only; no signal samples read.
Sleep-EDF Expanded v1.0.0,NOT_VERIFIED,SC4572F0-PSG.edf,NOT_VERIFIED,EMG submental,EMG,encoded in label; anatomical/reference interpretation requires contract review,1,uV,SC EMG envelope documented; CAP representation NOT_VERIFIED per channel,https://physionet.org/files/sleep-edfx/1.0.0/sleep-cassette/SC4572F0-PSG.edf,TRUE,Header-only; no signal samples read.
Sleep-EDF Expanded v1.0.0,NOT_VERIFIED,SC4572F0-PSG.edf,NOT_VERIFIED,Temp rectal,OTHER,encoded in label; anatomical/reference interpretation requires contract review,1,,SC EMG envelope documented; CAP representation NOT_VERIFIED per channel,https://physionet.org/files/sleep-edfx/1.0.0/sleep-cassette/SC4572F0-PSG.edf,TRUE,Header-only; no signal samples read.
Sleep-EDF Expanded v1.0.0,NOT_VERIFIED,SC4572F0-PSG.edf,NOT_VERIFIED,Event marker,OTHER,encoded in label; anatomical/reference interpretation requires contract review,1,,SC EMG envelope documented; CAP representation NOT_VERIFIED per channel,https://physionet.org/files/sleep-edfx/1.0.0/sleep-cassette/SC4572F0-PSG.edf,TRUE,Header-only; no signal samples read.
Sleep-EDF Expanded v1.0.0,NOT_VERIFIED,SC4581G0-PSG.edf,NOT_VERIFIED,EEG Fpz-Cz,EEG,encoded in label; anatomical/reference interpretation requires contract review,100,uV,SC EMG envelope documented; CAP representation NOT_VERIFIED per channel,https://physionet.org/files/sleep-edfx/1.0.0/sleep-cassette/SC4581G0-PSG.edf,TRUE,Header-only; no signal samples read.
Sleep-EDF Expanded v1.0.0,NOT_VERIFIED,SC4581G0-PSG.edf,NOT_VERIFIED,EEG Pz-Oz,EEG,encoded in label; anatomical/reference interpretation requires contract review,100,uV,SC EMG envelope documented; CAP representation NOT_VERIFIED per channel,https://physionet.org/files/sleep-edfx/1.0.0/sleep-cassette/SC4581G0-PSG.edf,TRUE,Header-only; no signal samples read.
Sleep-EDF Expanded v1.0.0,NOT_VERIFIED,SC4581G0-PSG.edf,NOT_VERIFIED,EOG horizontal,EOG,encoded in label; anatomical/reference interpretation requires contract review,100,uV,SC EMG envelope documented; CAP representation NOT_VERIFIED per channel,https://physionet.org/files/sleep-edfx/1.0.0/sleep-cassette/SC4581G0-PSG.edf,TRUE,Header-only; no signal samples read.
Sleep-EDF Expanded v1.0.0,NOT_VERIFIED,SC4581G0-PSG.edf,NOT_VERIFIED,Resp oro-nasal,OTHER,encoded in label; anatomical/reference interpretation requires contract review,1,,SC EMG envelope documented; CAP representation NOT_VERIFIED per channel,https://physionet.org/files/sleep-edfx/1.0.0/sleep-cassette/SC4581G0-PSG.edf,TRUE,Header-only; no signal samples read.
Sleep-EDF Expanded v1.0.0,NOT_VERIFIED,SC4581G0-PSG.edf,NOT_VERIFIED,EMG submental,EMG,encoded in label; anatomical/reference interpretation requires contract review,1,uV,SC EMG envelope documented; CAP representation NOT_VERIFIED per channel,https://physionet.org/files/sleep-edfx/1.0.0/sleep-cassette/SC4581G0-PSG.edf,TRUE,Header-only; no signal samples read.
Sleep-EDF Expanded v1.0.0,NOT_VERIFIED,SC4581G0-PSG.edf,NOT_VERIFIED,Temp rectal,OTHER,encoded in label; anatomical/reference interpretation requires contract review,1,,SC EMG envelope documented; CAP representation NOT_VERIFIED per channel,https://physionet.org/files/sleep-edfx/1.0.0/sleep-cassette/SC4581G0-PSG.edf,TRUE,Header-only; no signal samples read.
Sleep-EDF Expanded v1.0.0,NOT_VERIFIED,SC4581G0-PSG.edf,NOT_VERIFIED,Event marker,OTHER,encoded in label; anatomical/reference interpretation requires contract review,1,,SC EMG envelope documented; CAP representation NOT_VERIFIED per channel,https://physionet.org/files/sleep-edfx/1.0.0/sleep-cassette/SC4581G0-PSG.edf,TRUE,Header-only; no signal samples read.
Sleep-EDF Expanded v1.0.0,NOT_VERIFIED,SC4582G0-PSG.edf,NOT_VERIFIED,EEG Fpz-Cz,EEG,encoded in label; anatomical/reference interpretation requires contract review,100,uV,SC EMG envelope documented; CAP representation NOT_VERIFIED per channel,https://physionet.org/files/sleep-edfx/1.0.0/sleep-cassette/SC4582G0-PSG.edf,TRUE,Header-only; no signal samples read.
Sleep-EDF Expanded v1.0.0,NOT_VERIFIED,SC4582G0-PSG.edf,NOT_VERIFIED,EEG Pz-Oz,EEG,encoded in label; anatomical/reference interpretation requires contract review,100,uV,SC EMG envelope documented; CAP representation NOT_VERIFIED per channel,https://physionet.org/files/sleep-edfx/1.0.0/sleep-cassette/SC4582G0-PSG.edf,TRUE,Header-only; no signal samples read.
Sleep-EDF Expanded v1.0.0,NOT_VERIFIED,SC4582G0-PSG.edf,NOT_VERIFIED,EOG horizontal,EOG,encoded in label; anatomical/reference interpretation requires contract review,100,uV,SC EMG envelope documented; CAP representation NOT_VERIFIED per channel,https://physionet.org/files/sleep-edfx/1.0.0/sleep-cassette/SC4582G0-PSG.edf,TRUE,Header-only; no signal samples read.
Sleep-EDF Expanded v1.0.0,NOT_VERIFIED,SC4582G0-PSG.edf,NOT_VERIFIED,Resp oro-nasal,OTHER,encoded in label; anatomical/reference interpretation requires contract review,1,,SC EMG envelope documented; CAP representation NOT_VERIFIED per channel,https://physionet.org/files/sleep-edfx/1.0.0/sleep-cassette/SC4582G0-PSG.edf,TRUE,Header-only; no signal samples read.
Sleep-EDF Expanded v1.0.0,NOT_VERIFIED,SC4582G0-PSG.edf,NOT_VERIFIED,EMG submental,EMG,encoded in label; anatomical/reference interpretation requires contract review,1,uV,SC EMG envelope documented; CAP representation NOT_VERIFIED per channel,https://physionet.org/files/sleep-edfx/1.0.0/sleep-cassette/SC4582G0-PSG.edf,TRUE,Header-only; no signal samples read.
Sleep-EDF Expanded v1.0.0,NOT_VERIFIED,SC4582G0-PSG.edf,NOT_VERIFIED,Temp rectal,OTHER,encoded in label; anatomical/reference interpretation requires contract review,1,,SC EMG envelope documented; CAP representation NOT_VERIFIED per channel,https://physionet.org/files/sleep-edfx/1.0.0/sleep-cassette/SC4582G0-PSG.edf,TRUE,Header-only; no signal samples read.
Sleep-EDF Expanded v1.0.0,NOT_VERIFIED,SC4582G0-PSG.edf,NOT_VERIFIED,Event marker,OTHER,encoded in label; anatomical/reference interpretation requires contract review,1,,SC EMG envelope documented; CAP representation NOT_VERIFIED per channel,https://physionet.org/files/sleep-edfx/1.0.0/sleep-cassette/SC4582G0-PSG.edf,TRUE,Header-only; no signal samples read.
Sleep-EDF Expanded v1.0.0,NOT_VERIFIED,SC4591G0-PSG.edf,NOT_VERIFIED,EEG Fpz-Cz,EEG,encoded in label; anatomical/reference interpretation requires contract review,100,uV,SC EMG envelope documented; CAP representation NOT_VERIFIED per channel,https://physionet.org/files/sleep-edfx/1.0.0/sleep-cassette/SC4591G0-PSG.edf,TRUE,Header-only; no signal samples read.
Sleep-EDF Expanded v1.0.0,NOT_VERIFIED,SC4591G0-PSG.edf,NOT_VERIFIED,EEG Pz-Oz,EEG,encoded in label; anatomical/reference interpretation requires contract review,100,uV,SC EMG envelope documented; CAP representation NOT_VERIFIED per channel,https://physionet.org/files/sleep-edfx/1.0.0/sleep-cassette/SC4591G0-PSG.edf,TRUE,Header-only; no signal samples read.
Sleep-EDF Expanded v1.0.0,NOT_VERIFIED,SC4591G0-PSG.edf,NOT_VERIFIED,EOG horizontal,EOG,encoded in label; anatomical/reference interpretation requires contract review,100,uV,SC EMG envelope documented; CAP representation NOT_VERIFIED per channel,https://physionet.org/files/sleep-edfx/1.0.0/sleep-cassette/SC4591G0-PSG.edf,TRUE,Header-only; no signal samples read.
Sleep-EDF Expanded v1.0.0,NOT_VERIFIED,SC4591G0-PSG.edf,NOT_VERIFIED,Resp oro-nasal,OTHER,encoded in label; anatomical/reference interpretation requires contract review,1,,SC EMG envelope documented; CAP representation NOT_VERIFIED per channel,https://physionet.org/files/sleep-edfx/1.0.0/sleep-cassette/SC4591G0-PSG.edf,TRUE,Header-only; no signal samples read.
Sleep-EDF Expanded v1.0.0,NOT_VERIFIED,SC4591G0-PSG.edf,NOT_VERIFIED,EMG submental,EMG,encoded in label; anatomical/reference interpretation requires contract review,1,uV,SC EMG envelope documented; CAP representation NOT_VERIFIED per channel,https://physionet.org/files/sleep-edfx/1.0.0/sleep-cassette/SC4591G0-PSG.edf,TRUE,Header-only; no signal samples read.
Sleep-EDF Expanded v1.0.0,NOT_VERIFIED,SC4591G0-PSG.edf,NOT_VERIFIED,Temp rectal,OTHER,encoded in label; anatomical/reference interpretation requires contract review,1,,SC EMG envelope documented; CAP representation NOT_VERIFIED per channel,https://physionet.org/files/sleep-edfx/1.0.0/sleep-cassette/SC4591G0-PSG.edf,TRUE,Header-only; no signal samples read.
Sleep-EDF Expanded v1.0.0,NOT_VERIFIED,SC4591G0-PSG.edf,NOT_VERIFIED,Event marker,OTHER,encoded in label; anatomical/reference interpretation requires contract review,1,,SC EMG envelope documented; CAP representation NOT_VERIFIED per channel,https://physionet.org/files/sleep-edfx/1.0.0/sleep-cassette/SC4591G0-PSG.edf,TRUE,Header-only; no signal samples read.
Sleep-EDF Expanded v1.0.0,NOT_VERIFIED,SC4592G0-PSG.edf,NOT_VERIFIED,EEG Fpz-Cz,EEG,encoded in label; anatomical/reference interpretation requires contract review,100,uV,SC EMG envelope documented; CAP representation NOT_VERIFIED per channel,https://physionet.org/files/sleep-edfx/1.0.0/sleep-cassette/SC4592G0-PSG.edf,TRUE,Header-only; no signal samples read.
Sleep-EDF Expanded v1.0.0,NOT_VERIFIED,SC4592G0-PSG.edf,NOT_VERIFIED,EEG Pz-Oz,EEG,encoded in label; anatomical/reference interpretation requires contract review,100,uV,SC EMG envelope documented; CAP representation NOT_VERIFIED per channel,https://physionet.org/files/sleep-edfx/1.0.0/sleep-cassette/SC4592G0-PSG.edf,TRUE,Header-only; no signal samples read.
Sleep-EDF Expanded v1.0.0,NOT_VERIFIED,SC4592G0-PSG.edf,NOT_VERIFIED,EOG horizontal,EOG,encoded in label; anatomical/reference interpretation requires contract review,100,uV,SC EMG envelope documented; CAP representation NOT_VERIFIED per channel,https://physionet.org/files/sleep-edfx/1.0.0/sleep-cassette/SC4592G0-PSG.edf,TRUE,Header-only; no signal samples read.
Sleep-EDF Expanded v1.0.0,NOT_VERIFIED,SC4592G0-PSG.edf,NOT_VERIFIED,Resp oro-nasal,OTHER,encoded in label; anatomical/reference interpretation requires contract review,1,,SC EMG envelope documented; CAP representation NOT_VERIFIED per channel,https://physionet.org/files/sleep-edfx/1.0.0/sleep-cassette/SC4592G0-PSG.edf,TRUE,Header-only; no signal samples read.
Sleep-EDF Expanded v1.0.0,NOT_VERIFIED,SC4592G0-PSG.edf,NOT_VERIFIED,EMG submental,EMG,encoded in label; anatomical/reference interpretation requires contract review,1,uV,SC EMG envelope documented; CAP representation NOT_VERIFIED per channel,https://physionet.org/files/sleep-edfx/1.0.0/sleep-cassette/SC4592G0-PSG.edf,TRUE,Header-only; no signal samples read.
Sleep-EDF Expanded v1.0.0,NOT_VERIFIED,SC4592G0-PSG.edf,NOT_VERIFIED,Temp rectal,OTHER,encoded in label; anatomical/reference interpretation requires contract review,1,,SC EMG envelope documented; CAP representation NOT_VERIFIED per channel,https://physionet.org/files/sleep-edfx/1.0.0/sleep-cassette/SC4592G0-PSG.edf,TRUE,Header-only; no signal samples read.
Sleep-EDF Expanded v1.0.0,NOT_VERIFIED,SC4592G0-PSG.edf,NOT_VERIFIED,Event marker,OTHER,encoded in label; anatomical/reference interpretation requires contract review,1,,SC EMG envelope documented; CAP representation NOT_VERIFIED per channel,https://physionet.org/files/sleep-edfx/1.0.0/sleep-cassette/SC4592G0-PSG.edf,TRUE,Header-only; no signal samples read.
Sleep-EDF Expanded v1.0.0,NOT_VERIFIED,SC4601E0-PSG.edf,NOT_VERIFIED,EEG Fpz-Cz,EEG,encoded in label; anatomical/reference interpretation requires contract review,100,uV,SC EMG envelope documented; CAP representation NOT_VERIFIED per channel,https://physionet.org/files/sleep-edfx/1.0.0/sleep-cassette/SC4601E0-PSG.edf,TRUE,Header-only; no signal samples read.
Sleep-EDF Expanded v1.0.0,NOT_VERIFIED,SC4601E0-PSG.edf,NOT_VERIFIED,EEG Pz-Oz,EEG,encoded in label; anatomical/reference interpretation requires contract review,100,uV,SC EMG envelope documented; CAP representation NOT_VERIFIED per channel,https://physionet.org/files/sleep-edfx/1.0.0/sleep-cassette/SC4601E0-PSG.edf,TRUE,Header-only; no signal samples read.
Sleep-EDF Expanded v1.0.0,NOT_VERIFIED,SC4601E0-PSG.edf,NOT_VERIFIED,EOG horizontal,EOG,encoded in label; anatomical/reference interpretation requires contract review,100,uV,SC EMG envelope documented; CAP representation NOT_VERIFIED per channel,https://physionet.org/files/sleep-edfx/1.0.0/sleep-cassette/SC4601E0-PSG.edf,TRUE,Header-only; no signal samples read.
Sleep-EDF Expanded v1.0.0,NOT_VERIFIED,SC4601E0-PSG.edf,NOT_VERIFIED,Resp oro-nasal,OTHER,encoded in label; anatomical/reference interpretation requires contract review,1,,SC EMG envelope documented; CAP representation NOT_VERIFIED per channel,https://physionet.org/files/sleep-edfx/1.0.0/sleep-cassette/SC4601E0-PSG.edf,TRUE,Header-only; no signal samples read.
Sleep-EDF Expanded v1.0.0,NOT_VERIFIED,SC4601E0-PSG.edf,NOT_VERIFIED,EMG submental,EMG,encoded in label; anatomical/reference interpretation requires contract review,1,uV,SC EMG envelope documented; CAP representation NOT_VERIFIED per channel,https://physionet.org/files/sleep-edfx/1.0.0/sleep-cassette/SC4601E0-PSG.edf,TRUE,Header-only; no signal samples read.
Sleep-EDF Expanded v1.0.0,NOT_VERIFIED,SC4601E0-PSG.edf,NOT_VERIFIED,Temp rectal,OTHER,encoded in label; anatomical/reference interpretation requires contract review,1,DegC,SC EMG envelope documented; CAP representation NOT_VERIFIED per channel,https://physionet.org/files/sleep-edfx/1.0.0/sleep-cassette/SC4601E0-PSG.edf,TRUE,Header-only; no signal samples read.
Sleep-EDF Expanded v1.0.0,NOT_VERIFIED,SC4601E0-PSG.edf,NOT_VERIFIED,Event marker,OTHER,encoded in label; anatomical/reference interpretation requires contract review,1,,SC EMG envelope documented; CAP representation NOT_VERIFIED per channel,https://physionet.org/files/sleep-edfx/1.0.0/sleep-cassette/SC4601E0-PSG.edf,TRUE,Header-only; no signal samples read.
Sleep-EDF Expanded v1.0.0,NOT_VERIFIED,SC4602E0-PSG.edf,NOT_VERIFIED,EEG Fpz-Cz,EEG,encoded in label; anatomical/reference interpretation requires contract review,100,uV,SC EMG envelope documented; CAP representation NOT_VERIFIED per channel,https://physionet.org/files/sleep-edfx/1.0.0/sleep-cassette/SC4602E0-PSG.edf,TRUE,Header-only; no signal samples read.
Sleep-EDF Expanded v1.0.0,NOT_VERIFIED,SC4602E0-PSG.edf,NOT_VERIFIED,EEG Pz-Oz,EEG,encoded in label; anatomical/reference interpretation requires contract review,100,uV,SC EMG envelope documented; CAP representation NOT_VERIFIED per channel,https://physionet.org/files/sleep-edfx/1.0.0/sleep-cassette/SC4602E0-PSG.edf,TRUE,Header-only; no signal samples read.
Sleep-EDF Expanded v1.0.0,NOT_VERIFIED,SC4602E0-PSG.edf,NOT_VERIFIED,EOG horizontal,EOG,encoded in label; anatomical/reference interpretation requires contract review,100,uV,SC EMG envelope documented; CAP representation NOT_VERIFIED per channel,https://physionet.org/files/sleep-edfx/1.0.0/sleep-cassette/SC4602E0-PSG.edf,TRUE,Header-only; no signal samples read.
Sleep-EDF Expanded v1.0.0,NOT_VERIFIED,SC4602E0-PSG.edf,NOT_VERIFIED,Resp oro-nasal,OTHER,encoded in label; anatomical/reference interpretation requires contract review,1,,SC EMG envelope documented; CAP representation NOT_VERIFIED per channel,https://physionet.org/files/sleep-edfx/1.0.0/sleep-cassette/SC4602E0-PSG.edf,TRUE,Header-only; no signal samples read.
Sleep-EDF Expanded v1.0.0,NOT_VERIFIED,SC4602E0-PSG.edf,NOT_VERIFIED,EMG submental,EMG,encoded in label; anatomical/reference interpretation requires contract review,1,uV,SC EMG envelope documented; CAP representation NOT_VERIFIED per channel,https://physionet.org/files/sleep-edfx/1.0.0/sleep-cassette/SC4602E0-PSG.edf,TRUE,Header-only; no signal samples read.
Sleep-EDF Expanded v1.0.0,NOT_VERIFIED,SC4602E0-PSG.edf,NOT_VERIFIED,Temp rectal,OTHER,encoded in label; anatomical/reference interpretation requires contract review,1,DegC,SC EMG envelope documented; CAP representation NOT_VERIFIED per channel,https://physionet.org/files/sleep-edfx/1.0.0/sleep-cassette/SC4602E0-PSG.edf,TRUE,Header-only; no signal samples read.
Sleep-EDF Expanded v1.0.0,NOT_VERIFIED,SC4602E0-PSG.edf,NOT_VERIFIED,Event marker,OTHER,encoded in label; anatomical/reference interpretation requires contract review,1,,SC EMG envelope documented; CAP representation NOT_VERIFIED per channel,https://physionet.org/files/sleep-edfx/1.0.0/sleep-cassette/SC4602E0-PSG.edf,TRUE,Header-only; no signal samples read.
Sleep-EDF Expanded v1.0.0,NOT_VERIFIED,SC4611E0-PSG.edf,NOT_VERIFIED,EEG Fpz-Cz,EEG,encoded in label; anatomical/reference interpretation requires contract review,100,uV,SC EMG envelope documented; CAP representation NOT_VERIFIED per channel,https://physionet.org/files/sleep-edfx/1.0.0/sleep-cassette/SC4611E0-PSG.edf,TRUE,Header-only; no signal samples read.
Sleep-EDF Expanded v1.0.0,NOT_VERIFIED,SC4611E0-PSG.edf,NOT_VERIFIED,EEG Pz-Oz,EEG,encoded in label; anatomical/reference interpretation requires contract review,100,uV,SC EMG envelope documented; CAP representation NOT_VERIFIED per channel,https://physionet.org/files/sleep-edfx/1.0.0/sleep-cassette/SC4611E0-PSG.edf,TRUE,Header-only; no signal samples read.
Sleep-EDF Expanded v1.0.0,NOT_VERIFIED,SC4611E0-PSG.edf,NOT_VERIFIED,EOG horizontal,EOG,encoded in label; anatomical/reference interpretation requires contract review,100,uV,SC EMG envelope documented; CAP representation NOT_VERIFIED per channel,https://physionet.org/files/sleep-edfx/1.0.0/sleep-cassette/SC4611E0-PSG.edf,TRUE,Header-only; no signal samples read.
Sleep-EDF Expanded v1.0.0,NOT_VERIFIED,SC4611E0-PSG.edf,NOT_VERIFIED,Resp oro-nasal,OTHER,encoded in label; anatomical/reference interpretation requires contract review,1,,SC EMG envelope documented; CAP representation NOT_VERIFIED per channel,https://physionet.org/files/sleep-edfx/1.0.0/sleep-cassette/SC4611E0-PSG.edf,TRUE,Header-only; no signal samples read.
Sleep-EDF Expanded v1.0.0,NOT_VERIFIED,SC4611E0-PSG.edf,NOT_VERIFIED,EMG submental,EMG,encoded in label; anatomical/reference interpretation requires contract review,1,uV,SC EMG envelope documented; CAP representation NOT_VERIFIED per channel,https://physionet.org/files/sleep-edfx/1.0.0/sleep-cassette/SC4611E0-PSG.edf,TRUE,Header-only; no signal samples read.
Sleep-EDF Expanded v1.0.0,NOT_VERIFIED,SC4611E0-PSG.edf,NOT_VERIFIED,Temp rectal,OTHER,encoded in label; anatomical/reference interpretation requires contract review,1,,SC EMG envelope documented; CAP representation NOT_VERIFIED per channel,https://physionet.org/files/sleep-edfx/1.0.0/sleep-cassette/SC4611E0-PSG.edf,TRUE,Header-only; no signal samples read.
Sleep-EDF Expanded v1.0.0,NOT_VERIFIED,SC4611E0-PSG.edf,NOT_VERIFIED,Event marker,OTHER,encoded in label; anatomical/reference interpretation requires contract review,1,,SC EMG envelope documented; CAP representation NOT_VERIFIED per channel,https://physionet.org/files/sleep-edfx/1.0.0/sleep-cassette/SC4611E0-PSG.edf,TRUE,Header-only; no signal samples read.
Sleep-EDF Expanded v1.0.0,NOT_VERIFIED,SC4612E0-PSG.edf,NOT_VERIFIED,EEG Fpz-Cz,EEG,encoded in label; anatomical/reference interpretation requires contract review,100,uV,SC EMG envelope documented; CAP representation NOT_VERIFIED per channel,https://physionet.org/files/sleep-edfx/1.0.0/sleep-cassette/SC4612E0-PSG.edf,TRUE,Header-only; no signal samples read.
Sleep-EDF Expanded v1.0.0,NOT_VERIFIED,SC4612E0-PSG.edf,NOT_VERIFIED,EEG Pz-Oz,EEG,encoded in label; anatomical/reference interpretation requires contract review,100,uV,SC EMG envelope documented; CAP representation NOT_VERIFIED per channel,https://physionet.org/files/sleep-edfx/1.0.0/sleep-cassette/SC4612E0-PSG.edf,TRUE,Header-only; no signal samples read.
Sleep-EDF Expanded v1.0.0,NOT_VERIFIED,SC4612E0-PSG.edf,NOT_VERIFIED,EOG horizontal,EOG,encoded in label; anatomical/reference interpretation requires contract review,100,uV,SC EMG envelope documented; CAP representation NOT_VERIFIED per channel,https://physionet.org/files/sleep-edfx/1.0.0/sleep-cassette/SC4612E0-PSG.edf,TRUE,Header-only; no signal samples read.
Sleep-EDF Expanded v1.0.0,NOT_VERIFIED,SC4612E0-PSG.edf,NOT_VERIFIED,Resp oro-nasal,OTHER,encoded in label; anatomical/reference interpretation requires contract review,1,,SC EMG envelope documented; CAP representation NOT_VERIFIED per channel,https://physionet.org/files/sleep-edfx/1.0.0/sleep-cassette/SC4612E0-PSG.edf,TRUE,Header-only; no signal samples read.
Sleep-EDF Expanded v1.0.0,NOT_VERIFIED,SC4612E0-PSG.edf,NOT_VERIFIED,EMG submental,EMG,encoded in label; anatomical/reference interpretation requires contract review,1,uV,SC EMG envelope documented; CAP representation NOT_VERIFIED per channel,https://physionet.org/files/sleep-edfx/1.0.0/sleep-cassette/SC4612E0-PSG.edf,TRUE,Header-only; no signal samples read.
Sleep-EDF Expanded v1.0.0,NOT_VERIFIED,SC4612E0-PSG.edf,NOT_VERIFIED,Temp rectal,OTHER,encoded in label; anatomical/reference interpretation requires contract review,1,,SC EMG envelope documented; CAP representation NOT_VERIFIED per channel,https://physionet.org/files/sleep-edfx/1.0.0/sleep-cassette/SC4612E0-PSG.edf,TRUE,Header-only; no signal samples read.
Sleep-EDF Expanded v1.0.0,NOT_VERIFIED,SC4612E0-PSG.edf,NOT_VERIFIED,Event marker,OTHER,encoded in label; anatomical/reference interpretation requires contract review,1,,SC EMG envelope documented; CAP representation NOT_VERIFIED per channel,https://physionet.org/files/sleep-edfx/1.0.0/sleep-cassette/SC4612E0-PSG.edf,TRUE,Header-only; no signal samples read.
Sleep-EDF Expanded v1.0.0,NOT_VERIFIED,SC4621E0-PSG.edf,NOT_VERIFIED,EEG Fpz-Cz,EEG,encoded in label; anatomical/reference interpretation requires contract review,100,uV,SC EMG envelope documented; CAP representation NOT_VERIFIED per channel,https://physionet.org/files/sleep-edfx/1.0.0/sleep-cassette/SC4621E0-PSG.edf,TRUE,Header-only; no signal samples read.
Sleep-EDF Expanded v1.0.0,NOT_VERIFIED,SC4621E0-PSG.edf,NOT_VERIFIED,EEG Pz-Oz,EEG,encoded in label; anatomical/reference interpretation requires contract review,100,uV,SC EMG envelope documented; CAP representation NOT_VERIFIED per channel,https://physionet.org/files/sleep-edfx/1.0.0/sleep-cassette/SC4621E0-PSG.edf,TRUE,Header-only; no signal samples read.
Sleep-EDF Expanded v1.0.0,NOT_VERIFIED,SC4621E0-PSG.edf,NOT_VERIFIED,EOG horizontal,EOG,encoded in label; anatomical/reference interpretation requires contract review,100,uV,SC EMG envelope documented; CAP representation NOT_VERIFIED per channel,https://physionet.org/files/sleep-edfx/1.0.0/sleep-cassette/SC4621E0-PSG.edf,TRUE,Header-only; no signal samples read.
Sleep-EDF Expanded v1.0.0,NOT_VERIFIED,SC4621E0-PSG.edf,NOT_VERIFIED,Resp oro-nasal,OTHER,encoded in label; anatomical/reference interpretation requires contract review,1,,SC EMG envelope documented; CAP representation NOT_VERIFIED per channel,https://physionet.org/files/sleep-edfx/1.0.0/sleep-cassette/SC4621E0-PSG.edf,TRUE,Header-only; no signal samples read.
Sleep-EDF Expanded v1.0.0,NOT_VERIFIED,SC4621E0-PSG.edf,NOT_VERIFIED,EMG submental,EMG,encoded in label; anatomical/reference interpretation requires contract review,1,uV,SC EMG envelope documented; CAP representation NOT_VERIFIED per channel,https://physionet.org/files/sleep-edfx/1.0.0/sleep-cassette/SC4621E0-PSG.edf,TRUE,Header-only; no signal samples read.
Sleep-EDF Expanded v1.0.0,NOT_VERIFIED,SC4621E0-PSG.edf,NOT_VERIFIED,Temp rectal,OTHER,encoded in label; anatomical/reference interpretation requires contract review,1,,SC EMG envelope documented; CAP representation NOT_VERIFIED per channel,https://physionet.org/files/sleep-edfx/1.0.0/sleep-cassette/SC4621E0-PSG.edf,TRUE,Header-only; no signal samples read.
Sleep-EDF Expanded v1.0.0,NOT_VERIFIED,SC4621E0-PSG.edf,NOT_VERIFIED,Event marker,OTHER,encoded in label; anatomical/reference interpretation requires contract review,1,,SC EMG envelope documented; CAP representation NOT_VERIFIED per channel,https://physionet.org/files/sleep-edfx/1.0.0/sleep-cassette/SC4621E0-PSG.edf,TRUE,Header-only; no signal samples read.
Sleep-EDF Expanded v1.0.0,NOT_VERIFIED,SC4622E0-PSG.edf,NOT_VERIFIED,EEG Fpz-Cz,EEG,encoded in label; anatomical/reference interpretation requires contract review,100,uV,SC EMG envelope documented; CAP representation NOT_VERIFIED per channel,https://physionet.org/files/sleep-edfx/1.0.0/sleep-cassette/SC4622E0-PSG.edf,TRUE,Header-only; no signal samples read.
Sleep-EDF Expanded v1.0.0,NOT_VERIFIED,SC4622E0-PSG.edf,NOT_VERIFIED,EEG Pz-Oz,EEG,encoded in label; anatomical/reference interpretation requires contract review,100,uV,SC EMG envelope documented; CAP representation NOT_VERIFIED per channel,https://physionet.org/files/sleep-edfx/1.0.0/sleep-cassette/SC4622E0-PSG.edf,TRUE,Header-only; no signal samples read.
Sleep-EDF Expanded v1.0.0,NOT_VERIFIED,SC4622E0-PSG.edf,NOT_VERIFIED,EOG horizontal,EOG,encoded in label; anatomical/reference interpretation requires contract review,100,uV,SC EMG envelope documented; CAP representation NOT_VERIFIED per channel,https://physionet.org/files/sleep-edfx/1.0.0/sleep-cassette/SC4622E0-PSG.edf,TRUE,Header-only; no signal samples read.
Sleep-EDF Expanded v1.0.0,NOT_VERIFIED,SC4622E0-PSG.edf,NOT_VERIFIED,Resp oro-nasal,OTHER,encoded in label; anatomical/reference interpretation requires contract review,1,,SC EMG envelope documented; CAP representation NOT_VERIFIED per channel,https://physionet.org/files/sleep-edfx/1.0.0/sleep-cassette/SC4622E0-PSG.edf,TRUE,Header-only; no signal samples read.
Sleep-EDF Expanded v1.0.0,NOT_VERIFIED,SC4622E0-PSG.edf,NOT_VERIFIED,EMG submental,EMG,encoded in label; anatomical/reference interpretation requires contract review,1,uV,SC EMG envelope documented; CAP representation NOT_VERIFIED per channel,https://physionet.org/files/sleep-edfx/1.0.0/sleep-cassette/SC4622E0-PSG.edf,TRUE,Header-only; no signal samples read.
Sleep-EDF Expanded v1.0.0,NOT_VERIFIED,SC4622E0-PSG.edf,NOT_VERIFIED,Temp rectal,OTHER,encoded in label; anatomical/reference interpretation requires contract review,1,,SC EMG envelope documented; CAP representation NOT_VERIFIED per channel,https://physionet.org/files/sleep-edfx/1.0.0/sleep-cassette/SC4622E0-PSG.edf,TRUE,Header-only; no signal samples read.
Sleep-EDF Expanded v1.0.0,NOT_VERIFIED,SC4622E0-PSG.edf,NOT_VERIFIED,Event marker,OTHER,encoded in label; anatomical/reference interpretation requires contract review,1,,SC EMG envelope documented; CAP representation NOT_VERIFIED per channel,https://physionet.org/files/sleep-edfx/1.0.0/sleep-cassette/SC4622E0-PSG.edf,TRUE,Header-only; no signal samples read.
Sleep-EDF Expanded v1.0.0,NOT_VERIFIED,SC4631E0-PSG.edf,NOT_VERIFIED,EEG Fpz-Cz,EEG,encoded in label; anatomical/reference interpretation requires contract review,100,uV,SC EMG envelope documented; CAP representation NOT_VERIFIED per channel,https://physionet.org/files/sleep-edfx/1.0.0/sleep-cassette/SC4631E0-PSG.edf,TRUE,Header-only; no signal samples read.
Sleep-EDF Expanded v1.0.0,NOT_VERIFIED,SC4631E0-PSG.edf,NOT_VERIFIED,EEG Pz-Oz,EEG,encoded in label; anatomical/reference interpretation requires contract review,100,uV,SC EMG envelope documented; CAP representation NOT_VERIFIED per channel,https://physionet.org/files/sleep-edfx/1.0.0/sleep-cassette/SC4631E0-PSG.edf,TRUE,Header-only; no signal samples read.
Sleep-EDF Expanded v1.0.0,NOT_VERIFIED,SC4631E0-PSG.edf,NOT_VERIFIED,EOG horizontal,EOG,encoded in label; anatomical/reference interpretation requires contract review,100,uV,SC EMG envelope documented; CAP representation NOT_VERIFIED per channel,https://physionet.org/files/sleep-edfx/1.0.0/sleep-cassette/SC4631E0-PSG.edf,TRUE,Header-only; no signal samples read.
Sleep-EDF Expanded v1.0.0,NOT_VERIFIED,SC4631E0-PSG.edf,NOT_VERIFIED,Resp oro-nasal,OTHER,encoded in label; anatomical/reference interpretation requires contract review,1,,SC EMG envelope documented; CAP representation NOT_VERIFIED per channel,https://physionet.org/files/sleep-edfx/1.0.0/sleep-cassette/SC4631E0-PSG.edf,TRUE,Header-only; no signal samples read.
Sleep-EDF Expanded v1.0.0,NOT_VERIFIED,SC4631E0-PSG.edf,NOT_VERIFIED,EMG submental,EMG,encoded in label; anatomical/reference interpretation requires contract review,1,uV,SC EMG envelope documented; CAP representation NOT_VERIFIED per channel,https://physionet.org/files/sleep-edfx/1.0.0/sleep-cassette/SC4631E0-PSG.edf,TRUE,Header-only; no signal samples read.
Sleep-EDF Expanded v1.0.0,NOT_VERIFIED,SC4631E0-PSG.edf,NOT_VERIFIED,Temp rectal,OTHER,encoded in label; anatomical/reference interpretation requires contract review,1,DegC,SC EMG envelope documented; CAP representation NOT_VERIFIED per channel,https://physionet.org/files/sleep-edfx/1.0.0/sleep-cassette/SC4631E0-PSG.edf,TRUE,Header-only; no signal samples read.
Sleep-EDF Expanded v1.0.0,NOT_VERIFIED,SC4631E0-PSG.edf,NOT_VERIFIED,Event marker,OTHER,encoded in label; anatomical/reference interpretation requires contract review,1,,SC EMG envelope documented; CAP representation NOT_VERIFIED per channel,https://physionet.org/files/sleep-edfx/1.0.0/sleep-cassette/SC4631E0-PSG.edf,TRUE,Header-only; no signal samples read.
Sleep-EDF Expanded v1.0.0,NOT_VERIFIED,SC4632E0-PSG.edf,NOT_VERIFIED,EEG Fpz-Cz,EEG,encoded in label; anatomical/reference interpretation requires contract review,100,uV,SC EMG envelope documented; CAP representation NOT_VERIFIED per channel,https://physionet.org/files/sleep-edfx/1.0.0/sleep-cassette/SC4632E0-PSG.edf,TRUE,Header-only; no signal samples read.
Sleep-EDF Expanded v1.0.0,NOT_VERIFIED,SC4632E0-PSG.edf,NOT_VERIFIED,EEG Pz-Oz,EEG,encoded in label; anatomical/reference interpretation requires contract review,100,uV,SC EMG envelope documented; CAP representation NOT_VERIFIED per channel,https://physionet.org/files/sleep-edfx/1.0.0/sleep-cassette/SC4632E0-PSG.edf,TRUE,Header-only; no signal samples read.
Sleep-EDF Expanded v1.0.0,NOT_VERIFIED,SC4632E0-PSG.edf,NOT_VERIFIED,EOG horizontal,EOG,encoded in label; anatomical/reference interpretation requires contract review,100,uV,SC EMG envelope documented; CAP representation NOT_VERIFIED per channel,https://physionet.org/files/sleep-edfx/1.0.0/sleep-cassette/SC4632E0-PSG.edf,TRUE,Header-only; no signal samples read.
Sleep-EDF Expanded v1.0.0,NOT_VERIFIED,SC4632E0-PSG.edf,NOT_VERIFIED,Resp oro-nasal,OTHER,encoded in label; anatomical/reference interpretation requires contract review,1,,SC EMG envelope documented; CAP representation NOT_VERIFIED per channel,https://physionet.org/files/sleep-edfx/1.0.0/sleep-cassette/SC4632E0-PSG.edf,TRUE,Header-only; no signal samples read.
Sleep-EDF Expanded v1.0.0,NOT_VERIFIED,SC4632E0-PSG.edf,NOT_VERIFIED,EMG submental,EMG,encoded in label; anatomical/reference interpretation requires contract review,1,uV,SC EMG envelope documented; CAP representation NOT_VERIFIED per channel,https://physionet.org/files/sleep-edfx/1.0.0/sleep-cassette/SC4632E0-PSG.edf,TRUE,Header-only; no signal samples read.
Sleep-EDF Expanded v1.0.0,NOT_VERIFIED,SC4632E0-PSG.edf,NOT_VERIFIED,Temp rectal,OTHER,encoded in label; anatomical/reference interpretation requires contract review,1,DegC,SC EMG envelope documented; CAP representation NOT_VERIFIED per channel,https://physionet.org/files/sleep-edfx/1.0.0/sleep-cassette/SC4632E0-PSG.edf,TRUE,Header-only; no signal samples read.
Sleep-EDF Expanded v1.0.0,NOT_VERIFIED,SC4632E0-PSG.edf,NOT_VERIFIED,Event marker,OTHER,encoded in label; anatomical/reference interpretation requires contract review,1,,SC EMG envelope documented; CAP representation NOT_VERIFIED per channel,https://physionet.org/files/sleep-edfx/1.0.0/sleep-cassette/SC4632E0-PSG.edf,TRUE,Header-only; no signal samples read.
Sleep-EDF Expanded v1.0.0,NOT_VERIFIED,SC4641E0-PSG.edf,NOT_VERIFIED,EEG Fpz-Cz,EEG,encoded in label; anatomical/reference interpretation requires contract review,100,uV,SC EMG envelope documented; CAP representation NOT_VERIFIED per channel,https://physionet.org/files/sleep-edfx/1.0.0/sleep-cassette/SC4641E0-PSG.edf,TRUE,Header-only; no signal samples read.
Sleep-EDF Expanded v1.0.0,NOT_VERIFIED,SC4641E0-PSG.edf,NOT_VERIFIED,EEG Pz-Oz,EEG,encoded in label; anatomical/reference interpretation requires contract review,100,uV,SC EMG envelope documented; CAP representation NOT_VERIFIED per channel,https://physionet.org/files/sleep-edfx/1.0.0/sleep-cassette/SC4641E0-PSG.edf,TRUE,Header-only; no signal samples read.
Sleep-EDF Expanded v1.0.0,NOT_VERIFIED,SC4641E0-PSG.edf,NOT_VERIFIED,EOG horizontal,EOG,encoded in label; anatomical/reference interpretation requires contract review,100,uV,SC EMG envelope documented; CAP representation NOT_VERIFIED per channel,https://physionet.org/files/sleep-edfx/1.0.0/sleep-cassette/SC4641E0-PSG.edf,TRUE,Header-only; no signal samples read.
Sleep-EDF Expanded v1.0.0,NOT_VERIFIED,SC4641E0-PSG.edf,NOT_VERIFIED,Resp oro-nasal,OTHER,encoded in label; anatomical/reference interpretation requires contract review,1,,SC EMG envelope documented; CAP representation NOT_VERIFIED per channel,https://physionet.org/files/sleep-edfx/1.0.0/sleep-cassette/SC4641E0-PSG.edf,TRUE,Header-only; no signal samples read.
Sleep-EDF Expanded v1.0.0,NOT_VERIFIED,SC4641E0-PSG.edf,NOT_VERIFIED,EMG submental,EMG,encoded in label; anatomical/reference interpretation requires contract review,1,uV,SC EMG envelope documented; CAP representation NOT_VERIFIED per channel,https://physionet.org/files/sleep-edfx/1.0.0/sleep-cassette/SC4641E0-PSG.edf,TRUE,Header-only; no signal samples read.
Sleep-EDF Expanded v1.0.0,NOT_VERIFIED,SC4641E0-PSG.edf,NOT_VERIFIED,Temp rectal,OTHER,encoded in label; anatomical/reference interpretation requires contract review,1,,SC EMG envelope documented; CAP representation NOT_VERIFIED per channel,https://physionet.org/files/sleep-edfx/1.0.0/sleep-cassette/SC4641E0-PSG.edf,TRUE,Header-only; no signal samples read.
Sleep-EDF Expanded v1.0.0,NOT_VERIFIED,SC4641E0-PSG.edf,NOT_VERIFIED,Event marker,OTHER,encoded in label; anatomical/reference interpretation requires contract review,1,,SC EMG envelope documented; CAP representation NOT_VERIFIED per channel,https://physionet.org/files/sleep-edfx/1.0.0/sleep-cassette/SC4641E0-PSG.edf,TRUE,Header-only; no signal samples read.
Sleep-EDF Expanded v1.0.0,NOT_VERIFIED,SC4642E0-PSG.edf,NOT_VERIFIED,EEG Fpz-Cz,EEG,encoded in label; anatomical/reference interpretation requires contract review,100,uV,SC EMG envelope documented; CAP representation NOT_VERIFIED per channel,https://physionet.org/files/sleep-edfx/1.0.0/sleep-cassette/SC4642E0-PSG.edf,TRUE,Header-only; no signal samples read.
Sleep-EDF Expanded v1.0.0,NOT_VERIFIED,SC4642E0-PSG.edf,NOT_VERIFIED,EEG Pz-Oz,EEG,encoded in label; anatomical/reference interpretation requires contract review,100,uV,SC EMG envelope documented; CAP representation NOT_VERIFIED per channel,https://physionet.org/files/sleep-edfx/1.0.0/sleep-cassette/SC4642E0-PSG.edf,TRUE,Header-only; no signal samples read.
Sleep-EDF Expanded v1.0.0,NOT_VERIFIED,SC4642E0-PSG.edf,NOT_VERIFIED,EOG horizontal,EOG,encoded in label; anatomical/reference interpretation requires contract review,100,uV,SC EMG envelope documented; CAP representation NOT_VERIFIED per channel,https://physionet.org/files/sleep-edfx/1.0.0/sleep-cassette/SC4642E0-PSG.edf,TRUE,Header-only; no signal samples read.
Sleep-EDF Expanded v1.0.0,NOT_VERIFIED,SC4642E0-PSG.edf,NOT_VERIFIED,Resp oro-nasal,OTHER,encoded in label; anatomical/reference interpretation requires contract review,1,,SC EMG envelope documented; CAP representation NOT_VERIFIED per channel,https://physionet.org/files/sleep-edfx/1.0.0/sleep-cassette/SC4642E0-PSG.edf,TRUE,Header-only; no signal samples read.
Sleep-EDF Expanded v1.0.0,NOT_VERIFIED,SC4642E0-PSG.edf,NOT_VERIFIED,EMG submental,EMG,encoded in label; anatomical/reference interpretation requires contract review,1,uV,SC EMG envelope documented; CAP representation NOT_VERIFIED per channel,https://physionet.org/files/sleep-edfx/1.0.0/sleep-cassette/SC4642E0-PSG.edf,TRUE,Header-only; no signal samples read.
Sleep-EDF Expanded v1.0.0,NOT_VERIFIED,SC4642E0-PSG.edf,NOT_VERIFIED,Temp rectal,OTHER,encoded in label; anatomical/reference interpretation requires contract review,1,,SC EMG envelope documented; CAP representation NOT_VERIFIED per channel,https://physionet.org/files/sleep-edfx/1.0.0/sleep-cassette/SC4642E0-PSG.edf,TRUE,Header-only; no signal samples read.
Sleep-EDF Expanded v1.0.0,NOT_VERIFIED,SC4642E0-PSG.edf,NOT_VERIFIED,Event marker,OTHER,encoded in label; anatomical/reference interpretation requires contract review,1,,SC EMG envelope documented; CAP representation NOT_VERIFIED per channel,https://physionet.org/files/sleep-edfx/1.0.0/sleep-cassette/SC4642E0-PSG.edf,TRUE,Header-only; no signal samples read.
Sleep-EDF Expanded v1.0.0,NOT_VERIFIED,SC4651E0-PSG.edf,NOT_VERIFIED,EEG Fpz-Cz,EEG,encoded in label; anatomical/reference interpretation requires contract review,100,uV,SC EMG envelope documented; CAP representation NOT_VERIFIED per channel,https://physionet.org/files/sleep-edfx/1.0.0/sleep-cassette/SC4651E0-PSG.edf,TRUE,Header-only; no signal samples read.
Sleep-EDF Expanded v1.0.0,NOT_VERIFIED,SC4651E0-PSG.edf,NOT_VERIFIED,EEG Pz-Oz,EEG,encoded in label; anatomical/reference interpretation requires contract review,100,uV,SC EMG envelope documented; CAP representation NOT_VERIFIED per channel,https://physionet.org/files/sleep-edfx/1.0.0/sleep-cassette/SC4651E0-PSG.edf,TRUE,Header-only; no signal samples read.
Sleep-EDF Expanded v1.0.0,NOT_VERIFIED,SC4651E0-PSG.edf,NOT_VERIFIED,EOG horizontal,EOG,encoded in label; anatomical/reference interpretation requires contract review,100,uV,SC EMG envelope documented; CAP representation NOT_VERIFIED per channel,https://physionet.org/files/sleep-edfx/1.0.0/sleep-cassette/SC4651E0-PSG.edf,TRUE,Header-only; no signal samples read.
Sleep-EDF Expanded v1.0.0,NOT_VERIFIED,SC4651E0-PSG.edf,NOT_VERIFIED,Resp oro-nasal,OTHER,encoded in label; anatomical/reference interpretation requires contract review,1,,SC EMG envelope documented; CAP representation NOT_VERIFIED per channel,https://physionet.org/files/sleep-edfx/1.0.0/sleep-cassette/SC4651E0-PSG.edf,TRUE,Header-only; no signal samples read.
Sleep-EDF Expanded v1.0.0,NOT_VERIFIED,SC4651E0-PSG.edf,NOT_VERIFIED,EMG submental,EMG,encoded in label; anatomical/reference interpretation requires contract review,1,uV,SC EMG envelope documented; CAP representation NOT_VERIFIED per channel,https://physionet.org/files/sleep-edfx/1.0.0/sleep-cassette/SC4651E0-PSG.edf,TRUE,Header-only; no signal samples read.
Sleep-EDF Expanded v1.0.0,NOT_VERIFIED,SC4651E0-PSG.edf,NOT_VERIFIED,Temp rectal,OTHER,encoded in label; anatomical/reference interpretation requires contract review,1,DegC,SC EMG envelope documented; CAP representation NOT_VERIFIED per channel,https://physionet.org/files/sleep-edfx/1.0.0/sleep-cassette/SC4651E0-PSG.edf,TRUE,Header-only; no signal samples read.
Sleep-EDF Expanded v1.0.0,NOT_VERIFIED,SC4651E0-PSG.edf,NOT_VERIFIED,Event marker,OTHER,encoded in label; anatomical/reference interpretation requires contract review,1,,SC EMG envelope documented; CAP representation NOT_VERIFIED per channel,https://physionet.org/files/sleep-edfx/1.0.0/sleep-cassette/SC4651E0-PSG.edf,TRUE,Header-only; no signal samples read.
Sleep-EDF Expanded v1.0.0,NOT_VERIFIED,SC4652E0-PSG.edf,NOT_VERIFIED,EEG Fpz-Cz,EEG,encoded in label; anatomical/reference interpretation requires contract review,100,uV,SC EMG envelope documented; CAP representation NOT_VERIFIED per channel,https://physionet.org/files/sleep-edfx/1.0.0/sleep-cassette/SC4652E0-PSG.edf,TRUE,Header-only; no signal samples read.
Sleep-EDF Expanded v1.0.0,NOT_VERIFIED,SC4652E0-PSG.edf,NOT_VERIFIED,EEG Pz-Oz,EEG,encoded in label; anatomical/reference interpretation requires contract review,100,uV,SC EMG envelope documented; CAP representation NOT_VERIFIED per channel,https://physionet.org/files/sleep-edfx/1.0.0/sleep-cassette/SC4652E0-PSG.edf,TRUE,Header-only; no signal samples read.
Sleep-EDF Expanded v1.0.0,NOT_VERIFIED,SC4652E0-PSG.edf,NOT_VERIFIED,EOG horizontal,EOG,encoded in label; anatomical/reference interpretation requires contract review,100,uV,SC EMG envelope documented; CAP representation NOT_VERIFIED per channel,https://physionet.org/files/sleep-edfx/1.0.0/sleep-cassette/SC4652E0-PSG.edf,TRUE,Header-only; no signal samples read.
Sleep-EDF Expanded v1.0.0,NOT_VERIFIED,SC4652E0-PSG.edf,NOT_VERIFIED,Resp oro-nasal,OTHER,encoded in label; anatomical/reference interpretation requires contract review,1,,SC EMG envelope documented; CAP representation NOT_VERIFIED per channel,https://physionet.org/files/sleep-edfx/1.0.0/sleep-cassette/SC4652E0-PSG.edf,TRUE,Header-only; no signal samples read.
Sleep-EDF Expanded v1.0.0,NOT_VERIFIED,SC4652E0-PSG.edf,NOT_VERIFIED,EMG submental,EMG,encoded in label; anatomical/reference interpretation requires contract review,1,uV,SC EMG envelope documented; CAP representation NOT_VERIFIED per channel,https://physionet.org/files/sleep-edfx/1.0.0/sleep-cassette/SC4652E0-PSG.edf,TRUE,Header-only; no signal samples read.
Sleep-EDF Expanded v1.0.0,NOT_VERIFIED,SC4652E0-PSG.edf,NOT_VERIFIED,Temp rectal,OTHER,encoded in label; anatomical/reference interpretation requires contract review,1,DegC,SC EMG envelope documented; CAP representation NOT_VERIFIED per channel,https://physionet.org/files/sleep-edfx/1.0.0/sleep-cassette/SC4652E0-PSG.edf,TRUE,Header-only; no signal samples read.
Sleep-EDF Expanded v1.0.0,NOT_VERIFIED,SC4652E0-PSG.edf,NOT_VERIFIED,Event marker,OTHER,encoded in label; anatomical/reference interpretation requires contract review,1,,SC EMG envelope documented; CAP representation NOT_VERIFIED per channel,https://physionet.org/files/sleep-edfx/1.0.0/sleep-cassette/SC4652E0-PSG.edf,TRUE,Header-only; no signal samples read.
Sleep-EDF Expanded v1.0.0,NOT_VERIFIED,SC4661E0-PSG.edf,NOT_VERIFIED,EEG Fpz-Cz,EEG,encoded in label; anatomical/reference interpretation requires contract review,100,uV,SC EMG envelope documented; CAP representation NOT_VERIFIED per channel,https://physionet.org/files/sleep-edfx/1.0.0/sleep-cassette/SC4661E0-PSG.edf,TRUE,Header-only; no signal samples read.
Sleep-EDF Expanded v1.0.0,NOT_VERIFIED,SC4661E0-PSG.edf,NOT_VERIFIED,EEG Pz-Oz,EEG,encoded in label; anatomical/reference interpretation requires contract review,100,uV,SC EMG envelope documented; CAP representation NOT_VERIFIED per channel,https://physionet.org/files/sleep-edfx/1.0.0/sleep-cassette/SC4661E0-PSG.edf,TRUE,Header-only; no signal samples read.
Sleep-EDF Expanded v1.0.0,NOT_VERIFIED,SC4661E0-PSG.edf,NOT_VERIFIED,EOG horizontal,EOG,encoded in label; anatomical/reference interpretation requires contract review,100,uV,SC EMG envelope documented; CAP representation NOT_VERIFIED per channel,https://physionet.org/files/sleep-edfx/1.0.0/sleep-cassette/SC4661E0-PSG.edf,TRUE,Header-only; no signal samples read.
Sleep-EDF Expanded v1.0.0,NOT_VERIFIED,SC4661E0-PSG.edf,NOT_VERIFIED,Resp oro-nasal,OTHER,encoded in label; anatomical/reference interpretation requires contract review,1,,SC EMG envelope documented; CAP representation NOT_VERIFIED per channel,https://physionet.org/files/sleep-edfx/1.0.0/sleep-cassette/SC4661E0-PSG.edf,TRUE,Header-only; no signal samples read.
Sleep-EDF Expanded v1.0.0,NOT_VERIFIED,SC4661E0-PSG.edf,NOT_VERIFIED,EMG submental,EMG,encoded in label; anatomical/reference interpretation requires contract review,1,uV,SC EMG envelope documented; CAP representation NOT_VERIFIED per channel,https://physionet.org/files/sleep-edfx/1.0.0/sleep-cassette/SC4661E0-PSG.edf,TRUE,Header-only; no signal samples read.
Sleep-EDF Expanded v1.0.0,NOT_VERIFIED,SC4661E0-PSG.edf,NOT_VERIFIED,Temp rectal,OTHER,encoded in label; anatomical/reference interpretation requires contract review,1,,SC EMG envelope documented; CAP representation NOT_VERIFIED per channel,https://physionet.org/files/sleep-edfx/1.0.0/sleep-cassette/SC4661E0-PSG.edf,TRUE,Header-only; no signal samples read.
Sleep-EDF Expanded v1.0.0,NOT_VERIFIED,SC4661E0-PSG.edf,NOT_VERIFIED,Event marker,OTHER,encoded in label; anatomical/reference interpretation requires contract review,1,,SC EMG envelope documented; CAP representation NOT_VERIFIED per channel,https://physionet.org/files/sleep-edfx/1.0.0/sleep-cassette/SC4661E0-PSG.edf,TRUE,Header-only; no signal samples read.
Sleep-EDF Expanded v1.0.0,NOT_VERIFIED,SC4662E0-PSG.edf,NOT_VERIFIED,EEG Fpz-Cz,EEG,encoded in label; anatomical/reference interpretation requires contract review,100,uV,SC EMG envelope documented; CAP representation NOT_VERIFIED per channel,https://physionet.org/files/sleep-edfx/1.0.0/sleep-cassette/SC4662E0-PSG.edf,TRUE,Header-only; no signal samples read.
Sleep-EDF Expanded v1.0.0,NOT_VERIFIED,SC4662E0-PSG.edf,NOT_VERIFIED,EEG Pz-Oz,EEG,encoded in label; anatomical/reference interpretation requires contract review,100,uV,SC EMG envelope documented; CAP representation NOT_VERIFIED per channel,https://physionet.org/files/sleep-edfx/1.0.0/sleep-cassette/SC4662E0-PSG.edf,TRUE,Header-only; no signal samples read.
Sleep-EDF Expanded v1.0.0,NOT_VERIFIED,SC4662E0-PSG.edf,NOT_VERIFIED,EOG horizontal,EOG,encoded in label; anatomical/reference interpretation requires contract review,100,uV,SC EMG envelope documented; CAP representation NOT_VERIFIED per channel,https://physionet.org/files/sleep-edfx/1.0.0/sleep-cassette/SC4662E0-PSG.edf,TRUE,Header-only; no signal samples read.
Sleep-EDF Expanded v1.0.0,NOT_VERIFIED,SC4662E0-PSG.edf,NOT_VERIFIED,Resp oro-nasal,OTHER,encoded in label; anatomical/reference interpretation requires contract review,1,,SC EMG envelope documented; CAP representation NOT_VERIFIED per channel,https://physionet.org/files/sleep-edfx/1.0.0/sleep-cassette/SC4662E0-PSG.edf,TRUE,Header-only; no signal samples read.
Sleep-EDF Expanded v1.0.0,NOT_VERIFIED,SC4662E0-PSG.edf,NOT_VERIFIED,EMG submental,EMG,encoded in label; anatomical/reference interpretation requires contract review,1,uV,SC EMG envelope documented; CAP representation NOT_VERIFIED per channel,https://physionet.org/files/sleep-edfx/1.0.0/sleep-cassette/SC4662E0-PSG.edf,TRUE,Header-only; no signal samples read.
Sleep-EDF Expanded v1.0.0,NOT_VERIFIED,SC4662E0-PSG.edf,NOT_VERIFIED,Temp rectal,OTHER,encoded in label; anatomical/reference interpretation requires contract review,1,,SC EMG envelope documented; CAP representation NOT_VERIFIED per channel,https://physionet.org/files/sleep-edfx/1.0.0/sleep-cassette/SC4662E0-PSG.edf,TRUE,Header-only; no signal samples read.
Sleep-EDF Expanded v1.0.0,NOT_VERIFIED,SC4662E0-PSG.edf,NOT_VERIFIED,Event marker,OTHER,encoded in label; anatomical/reference interpretation requires contract review,1,,SC EMG envelope documented; CAP representation NOT_VERIFIED per channel,https://physionet.org/files/sleep-edfx/1.0.0/sleep-cassette/SC4662E0-PSG.edf,TRUE,Header-only; no signal samples read.
Sleep-EDF Expanded v1.0.0,NOT_VERIFIED,SC4671G0-PSG.edf,NOT_VERIFIED,EEG Fpz-Cz,EEG,encoded in label; anatomical/reference interpretation requires contract review,100,uV,SC EMG envelope documented; CAP representation NOT_VERIFIED per channel,https://physionet.org/files/sleep-edfx/1.0.0/sleep-cassette/SC4671G0-PSG.edf,TRUE,Header-only; no signal samples read.
Sleep-EDF Expanded v1.0.0,NOT_VERIFIED,SC4671G0-PSG.edf,NOT_VERIFIED,EEG Pz-Oz,EEG,encoded in label; anatomical/reference interpretation requires contract review,100,uV,SC EMG envelope documented; CAP representation NOT_VERIFIED per channel,https://physionet.org/files/sleep-edfx/1.0.0/sleep-cassette/SC4671G0-PSG.edf,TRUE,Header-only; no signal samples read.
Sleep-EDF Expanded v1.0.0,NOT_VERIFIED,SC4671G0-PSG.edf,NOT_VERIFIED,EOG horizontal,EOG,encoded in label; anatomical/reference interpretation requires contract review,100,uV,SC EMG envelope documented; CAP representation NOT_VERIFIED per channel,https://physionet.org/files/sleep-edfx/1.0.0/sleep-cassette/SC4671G0-PSG.edf,TRUE,Header-only; no signal samples read.
Sleep-EDF Expanded v1.0.0,NOT_VERIFIED,SC4671G0-PSG.edf,NOT_VERIFIED,Resp oro-nasal,OTHER,encoded in label; anatomical/reference interpretation requires contract review,1,,SC EMG envelope documented; CAP representation NOT_VERIFIED per channel,https://physionet.org/files/sleep-edfx/1.0.0/sleep-cassette/SC4671G0-PSG.edf,TRUE,Header-only; no signal samples read.
Sleep-EDF Expanded v1.0.0,NOT_VERIFIED,SC4671G0-PSG.edf,NOT_VERIFIED,EMG submental,EMG,encoded in label; anatomical/reference interpretation requires contract review,1,uV,SC EMG envelope documented; CAP representation NOT_VERIFIED per channel,https://physionet.org/files/sleep-edfx/1.0.0/sleep-cassette/SC4671G0-PSG.edf,TRUE,Header-only; no signal samples read.
Sleep-EDF Expanded v1.0.0,NOT_VERIFIED,SC4671G0-PSG.edf,NOT_VERIFIED,Temp rectal,OTHER,encoded in label; anatomical/reference interpretation requires contract review,1,,SC EMG envelope documented; CAP representation NOT_VERIFIED per channel,https://physionet.org/files/sleep-edfx/1.0.0/sleep-cassette/SC4671G0-PSG.edf,TRUE,Header-only; no signal samples read.
Sleep-EDF Expanded v1.0.0,NOT_VERIFIED,SC4671G0-PSG.edf,NOT_VERIFIED,Event marker,OTHER,encoded in label; anatomical/reference interpretation requires contract review,1,,SC EMG envelope documented; CAP representation NOT_VERIFIED per channel,https://physionet.org/files/sleep-edfx/1.0.0/sleep-cassette/SC4671G0-PSG.edf,TRUE,Header-only; no signal samples read.
Sleep-EDF Expanded v1.0.0,NOT_VERIFIED,SC4672G0-PSG.edf,NOT_VERIFIED,EEG Fpz-Cz,EEG,encoded in label; anatomical/reference interpretation requires contract review,100,uV,SC EMG envelope documented; CAP representation NOT_VERIFIED per channel,https://physionet.org/files/sleep-edfx/1.0.0/sleep-cassette/SC4672G0-PSG.edf,TRUE,Header-only; no signal samples read.
Sleep-EDF Expanded v1.0.0,NOT_VERIFIED,SC4672G0-PSG.edf,NOT_VERIFIED,EEG Pz-Oz,EEG,encoded in label; anatomical/reference interpretation requires contract review,100,uV,SC EMG envelope documented; CAP representation NOT_VERIFIED per channel,https://physionet.org/files/sleep-edfx/1.0.0/sleep-cassette/SC4672G0-PSG.edf,TRUE,Header-only; no signal samples read.
Sleep-EDF Expanded v1.0.0,NOT_VERIFIED,SC4672G0-PSG.edf,NOT_VERIFIED,EOG horizontal,EOG,encoded in label; anatomical/reference interpretation requires contract review,100,uV,SC EMG envelope documented; CAP representation NOT_VERIFIED per channel,https://physionet.org/files/sleep-edfx/1.0.0/sleep-cassette/SC4672G0-PSG.edf,TRUE,Header-only; no signal samples read.
Sleep-EDF Expanded v1.0.0,NOT_VERIFIED,SC4672G0-PSG.edf,NOT_VERIFIED,Resp oro-nasal,OTHER,encoded in label; anatomical/reference interpretation requires contract review,1,,SC EMG envelope documented; CAP representation NOT_VERIFIED per channel,https://physionet.org/files/sleep-edfx/1.0.0/sleep-cassette/SC4672G0-PSG.edf,TRUE,Header-only; no signal samples read.
Sleep-EDF Expanded v1.0.0,NOT_VERIFIED,SC4672G0-PSG.edf,NOT_VERIFIED,EMG submental,EMG,encoded in label; anatomical/reference interpretation requires contract review,1,uV,SC EMG envelope documented; CAP representation NOT_VERIFIED per channel,https://physionet.org/files/sleep-edfx/1.0.0/sleep-cassette/SC4672G0-PSG.edf,TRUE,Header-only; no signal samples read.
Sleep-EDF Expanded v1.0.0,NOT_VERIFIED,SC4672G0-PSG.edf,NOT_VERIFIED,Temp rectal,OTHER,encoded in label; anatomical/reference interpretation requires contract review,1,,SC EMG envelope documented; CAP representation NOT_VERIFIED per channel,https://physionet.org/files/sleep-edfx/1.0.0/sleep-cassette/SC4672G0-PSG.edf,TRUE,Header-only; no signal samples read.
Sleep-EDF Expanded v1.0.0,NOT_VERIFIED,SC4672G0-PSG.edf,NOT_VERIFIED,Event marker,OTHER,encoded in label; anatomical/reference interpretation requires contract review,1,,SC EMG envelope documented; CAP representation NOT_VERIFIED per channel,https://physionet.org/files/sleep-edfx/1.0.0/sleep-cassette/SC4672G0-PSG.edf,TRUE,Header-only; no signal samples read.
Sleep-EDF Expanded v1.0.0,NOT_VERIFIED,SC4701E0-PSG.edf,NOT_VERIFIED,EEG Fpz-Cz,EEG,encoded in label; anatomical/reference interpretation requires contract review,100,uV,SC EMG envelope documented; CAP representation NOT_VERIFIED per channel,https://physionet.org/files/sleep-edfx/1.0.0/sleep-cassette/SC4701E0-PSG.edf,TRUE,Header-only; no signal samples read.
Sleep-EDF Expanded v1.0.0,NOT_VERIFIED,SC4701E0-PSG.edf,NOT_VERIFIED,EEG Pz-Oz,EEG,encoded in label; anatomical/reference interpretation requires contract review,100,uV,SC EMG envelope documented; CAP representation NOT_VERIFIED per channel,https://physionet.org/files/sleep-edfx/1.0.0/sleep-cassette/SC4701E0-PSG.edf,TRUE,Header-only; no signal samples read.
Sleep-EDF Expanded v1.0.0,NOT_VERIFIED,SC4701E0-PSG.edf,NOT_VERIFIED,EOG horizontal,EOG,encoded in label; anatomical/reference interpretation requires contract review,100,uV,SC EMG envelope documented; CAP representation NOT_VERIFIED per channel,https://physionet.org/files/sleep-edfx/1.0.0/sleep-cassette/SC4701E0-PSG.edf,TRUE,Header-only; no signal samples read.
Sleep-EDF Expanded v1.0.0,NOT_VERIFIED,SC4701E0-PSG.edf,NOT_VERIFIED,Resp oro-nasal,OTHER,encoded in label; anatomical/reference interpretation requires contract review,1,,SC EMG envelope documented; CAP representation NOT_VERIFIED per channel,https://physionet.org/files/sleep-edfx/1.0.0/sleep-cassette/SC4701E0-PSG.edf,TRUE,Header-only; no signal samples read.
Sleep-EDF Expanded v1.0.0,NOT_VERIFIED,SC4701E0-PSG.edf,NOT_VERIFIED,EMG submental,EMG,encoded in label; anatomical/reference interpretation requires contract review,1,uV,SC EMG envelope documented; CAP representation NOT_VERIFIED per channel,https://physionet.org/files/sleep-edfx/1.0.0/sleep-cassette/SC4701E0-PSG.edf,TRUE,Header-only; no signal samples read.
Sleep-EDF Expanded v1.0.0,NOT_VERIFIED,SC4701E0-PSG.edf,NOT_VERIFIED,Temp rectal,OTHER,encoded in label; anatomical/reference interpretation requires contract review,1,,SC EMG envelope documented; CAP representation NOT_VERIFIED per channel,https://physionet.org/files/sleep-edfx/1.0.0/sleep-cassette/SC4701E0-PSG.edf,TRUE,Header-only; no signal samples read.
Sleep-EDF Expanded v1.0.0,NOT_VERIFIED,SC4701E0-PSG.edf,NOT_VERIFIED,Event marker,OTHER,encoded in label; anatomical/reference interpretation requires contract review,1,,SC EMG envelope documented; CAP representation NOT_VERIFIED per channel,https://physionet.org/files/sleep-edfx/1.0.0/sleep-cassette/SC4701E0-PSG.edf,TRUE,Header-only; no signal samples read.
Sleep-EDF Expanded v1.0.0,NOT_VERIFIED,SC4702E0-PSG.edf,NOT_VERIFIED,EEG Fpz-Cz,EEG,encoded in label; anatomical/reference interpretation requires contract review,100,uV,SC EMG envelope documented; CAP representation NOT_VERIFIED per channel,https://physionet.org/files/sleep-edfx/1.0.0/sleep-cassette/SC4702E0-PSG.edf,TRUE,Header-only; no signal samples read.
Sleep-EDF Expanded v1.0.0,NOT_VERIFIED,SC4702E0-PSG.edf,NOT_VERIFIED,EEG Pz-Oz,EEG,encoded in label; anatomical/reference interpretation requires contract review,100,uV,SC EMG envelope documented; CAP representation NOT_VERIFIED per channel,https://physionet.org/files/sleep-edfx/1.0.0/sleep-cassette/SC4702E0-PSG.edf,TRUE,Header-only; no signal samples read.
Sleep-EDF Expanded v1.0.0,NOT_VERIFIED,SC4702E0-PSG.edf,NOT_VERIFIED,EOG horizontal,EOG,encoded in label; anatomical/reference interpretation requires contract review,100,uV,SC EMG envelope documented; CAP representation NOT_VERIFIED per channel,https://physionet.org/files/sleep-edfx/1.0.0/sleep-cassette/SC4702E0-PSG.edf,TRUE,Header-only; no signal samples read.
Sleep-EDF Expanded v1.0.0,NOT_VERIFIED,SC4702E0-PSG.edf,NOT_VERIFIED,Resp oro-nasal,OTHER,encoded in label; anatomical/reference interpretation requires contract review,1,,SC EMG envelope documented; CAP representation NOT_VERIFIED per channel,https://physionet.org/files/sleep-edfx/1.0.0/sleep-cassette/SC4702E0-PSG.edf,TRUE,Header-only; no signal samples read.
Sleep-EDF Expanded v1.0.0,NOT_VERIFIED,SC4702E0-PSG.edf,NOT_VERIFIED,EMG submental,EMG,encoded in label; anatomical/reference interpretation requires contract review,1,uV,SC EMG envelope documented; CAP representation NOT_VERIFIED per channel,https://physionet.org/files/sleep-edfx/1.0.0/sleep-cassette/SC4702E0-PSG.edf,TRUE,Header-only; no signal samples read.
Sleep-EDF Expanded v1.0.0,NOT_VERIFIED,SC4702E0-PSG.edf,NOT_VERIFIED,Temp rectal,OTHER,encoded in label; anatomical/reference interpretation requires contract review,1,,SC EMG envelope documented; CAP representation NOT_VERIFIED per channel,https://physionet.org/files/sleep-edfx/1.0.0/sleep-cassette/SC4702E0-PSG.edf,TRUE,Header-only; no signal samples read.
Sleep-EDF Expanded v1.0.0,NOT_VERIFIED,SC4702E0-PSG.edf,NOT_VERIFIED,Event marker,OTHER,encoded in label; anatomical/reference interpretation requires contract review,1,,SC EMG envelope documented; CAP representation NOT_VERIFIED per channel,https://physionet.org/files/sleep-edfx/1.0.0/sleep-cassette/SC4702E0-PSG.edf,TRUE,Header-only; no signal samples read.
Sleep-EDF Expanded v1.0.0,NOT_VERIFIED,SC4711E0-PSG.edf,NOT_VERIFIED,EEG Fpz-Cz,EEG,encoded in label; anatomical/reference interpretation requires contract review,100,uV,SC EMG envelope documented; CAP representation NOT_VERIFIED per channel,https://physionet.org/files/sleep-edfx/1.0.0/sleep-cassette/SC4711E0-PSG.edf,TRUE,Header-only; no signal samples read.
Sleep-EDF Expanded v1.0.0,NOT_VERIFIED,SC4711E0-PSG.edf,NOT_VERIFIED,EEG Pz-Oz,EEG,encoded in label; anatomical/reference interpretation requires contract review,100,uV,SC EMG envelope documented; CAP representation NOT_VERIFIED per channel,https://physionet.org/files/sleep-edfx/1.0.0/sleep-cassette/SC4711E0-PSG.edf,TRUE,Header-only; no signal samples read.
Sleep-EDF Expanded v1.0.0,NOT_VERIFIED,SC4711E0-PSG.edf,NOT_VERIFIED,EOG horizontal,EOG,encoded in label; anatomical/reference interpretation requires contract review,100,uV,SC EMG envelope documented; CAP representation NOT_VERIFIED per channel,https://physionet.org/files/sleep-edfx/1.0.0/sleep-cassette/SC4711E0-PSG.edf,TRUE,Header-only; no signal samples read.
Sleep-EDF Expanded v1.0.0,NOT_VERIFIED,SC4711E0-PSG.edf,NOT_VERIFIED,Resp oro-nasal,OTHER,encoded in label; anatomical/reference interpretation requires contract review,1,,SC EMG envelope documented; CAP representation NOT_VERIFIED per channel,https://physionet.org/files/sleep-edfx/1.0.0/sleep-cassette/SC4711E0-PSG.edf,TRUE,Header-only; no signal samples read.
Sleep-EDF Expanded v1.0.0,NOT_VERIFIED,SC4711E0-PSG.edf,NOT_VERIFIED,EMG submental,EMG,encoded in label; anatomical/reference interpretation requires contract review,1,uV,SC EMG envelope documented; CAP representation NOT_VERIFIED per channel,https://physionet.org/files/sleep-edfx/1.0.0/sleep-cassette/SC4711E0-PSG.edf,TRUE,Header-only; no signal samples read.
Sleep-EDF Expanded v1.0.0,NOT_VERIFIED,SC4711E0-PSG.edf,NOT_VERIFIED,Temp rectal,OTHER,encoded in label; anatomical/reference interpretation requires contract review,1,,SC EMG envelope documented; CAP representation NOT_VERIFIED per channel,https://physionet.org/files/sleep-edfx/1.0.0/sleep-cassette/SC4711E0-PSG.edf,TRUE,Header-only; no signal samples read.
Sleep-EDF Expanded v1.0.0,NOT_VERIFIED,SC4711E0-PSG.edf,NOT_VERIFIED,Event marker,OTHER,encoded in label; anatomical/reference interpretation requires contract review,1,,SC EMG envelope documented; CAP representation NOT_VERIFIED per channel,https://physionet.org/files/sleep-edfx/1.0.0/sleep-cassette/SC4711E0-PSG.edf,TRUE,Header-only; no signal samples read.
Sleep-EDF Expanded v1.0.0,NOT_VERIFIED,SC4712E0-PSG.edf,NOT_VERIFIED,EEG Fpz-Cz,EEG,encoded in label; anatomical/reference interpretation requires contract review,100,uV,SC EMG envelope documented; CAP representation NOT_VERIFIED per channel,https://physionet.org/files/sleep-edfx/1.0.0/sleep-cassette/SC4712E0-PSG.edf,TRUE,Header-only; no signal samples read.
Sleep-EDF Expanded v1.0.0,NOT_VERIFIED,SC4712E0-PSG.edf,NOT_VERIFIED,EEG Pz-Oz,EEG,encoded in label; anatomical/reference interpretation requires contract review,100,uV,SC EMG envelope documented; CAP representation NOT_VERIFIED per channel,https://physionet.org/files/sleep-edfx/1.0.0/sleep-cassette/SC4712E0-PSG.edf,TRUE,Header-only; no signal samples read.
Sleep-EDF Expanded v1.0.0,NOT_VERIFIED,SC4712E0-PSG.edf,NOT_VERIFIED,EOG horizontal,EOG,encoded in label; anatomical/reference interpretation requires contract review,100,uV,SC EMG envelope documented; CAP representation NOT_VERIFIED per channel,https://physionet.org/files/sleep-edfx/1.0.0/sleep-cassette/SC4712E0-PSG.edf,TRUE,Header-only; no signal samples read.
Sleep-EDF Expanded v1.0.0,NOT_VERIFIED,SC4712E0-PSG.edf,NOT_VERIFIED,Resp oro-nasal,OTHER,encoded in label; anatomical/reference interpretation requires contract review,1,,SC EMG envelope documented; CAP representation NOT_VERIFIED per channel,https://physionet.org/files/sleep-edfx/1.0.0/sleep-cassette/SC4712E0-PSG.edf,TRUE,Header-only; no signal samples read.
Sleep-EDF Expanded v1.0.0,NOT_VERIFIED,SC4712E0-PSG.edf,NOT_VERIFIED,EMG submental,EMG,encoded in label; anatomical/reference interpretation requires contract review,1,uV,SC EMG envelope documented; CAP representation NOT_VERIFIED per channel,https://physionet.org/files/sleep-edfx/1.0.0/sleep-cassette/SC4712E0-PSG.edf,TRUE,Header-only; no signal samples read.
Sleep-EDF Expanded v1.0.0,NOT_VERIFIED,SC4712E0-PSG.edf,NOT_VERIFIED,Temp rectal,OTHER,encoded in label; anatomical/reference interpretation requires contract review,1,DegC,SC EMG envelope documented; CAP representation NOT_VERIFIED per channel,https://physionet.org/files/sleep-edfx/1.0.0/sleep-cassette/SC4712E0-PSG.edf,TRUE,Header-only; no signal samples read.
Sleep-EDF Expanded v1.0.0,NOT_VERIFIED,SC4712E0-PSG.edf,NOT_VERIFIED,Event marker,OTHER,encoded in label; anatomical/reference interpretation requires contract review,1,,SC EMG envelope documented; CAP representation NOT_VERIFIED per channel,https://physionet.org/files/sleep-edfx/1.0.0/sleep-cassette/SC4712E0-PSG.edf,TRUE,Header-only; no signal samples read.
Sleep-EDF Expanded v1.0.0,NOT_VERIFIED,SC4722E0-PSG.edf,NOT_VERIFIED,EEG Fpz-Cz,EEG,encoded in label; anatomical/reference interpretation requires contract review,100,uV,SC EMG envelope documented; CAP representation NOT_VERIFIED per channel,https://physionet.org/files/sleep-edfx/1.0.0/sleep-cassette/SC4722E0-PSG.edf,TRUE,Header-only; no signal samples read.
Sleep-EDF Expanded v1.0.0,NOT_VERIFIED,SC4722E0-PSG.edf,NOT_VERIFIED,EEG Pz-Oz,EEG,encoded in label; anatomical/reference interpretation requires contract review,100,uV,SC EMG envelope documented; CAP representation NOT_VERIFIED per channel,https://physionet.org/files/sleep-edfx/1.0.0/sleep-cassette/SC4722E0-PSG.edf,TRUE,Header-only; no signal samples read.
Sleep-EDF Expanded v1.0.0,NOT_VERIFIED,SC4722E0-PSG.edf,NOT_VERIFIED,EOG horizontal,EOG,encoded in label; anatomical/reference interpretation requires contract review,100,uV,SC EMG envelope documented; CAP representation NOT_VERIFIED per channel,https://physionet.org/files/sleep-edfx/1.0.0/sleep-cassette/SC4722E0-PSG.edf,TRUE,Header-only; no signal samples read.
Sleep-EDF Expanded v1.0.0,NOT_VERIFIED,SC4722E0-PSG.edf,NOT_VERIFIED,Resp oro-nasal,OTHER,encoded in label; anatomical/reference interpretation requires contract review,1,,SC EMG envelope documented; CAP representation NOT_VERIFIED per channel,https://physionet.org/files/sleep-edfx/1.0.0/sleep-cassette/SC4722E0-PSG.edf,TRUE,Header-only; no signal samples read.
Sleep-EDF Expanded v1.0.0,NOT_VERIFIED,SC4722E0-PSG.edf,NOT_VERIFIED,EMG submental,EMG,encoded in label; anatomical/reference interpretation requires contract review,1,uV,SC EMG envelope documented; CAP representation NOT_VERIFIED per channel,https://physionet.org/files/sleep-edfx/1.0.0/sleep-cassette/SC4722E0-PSG.edf,TRUE,Header-only; no signal samples read.
Sleep-EDF Expanded v1.0.0,NOT_VERIFIED,SC4722E0-PSG.edf,NOT_VERIFIED,Temp rectal,OTHER,encoded in label; anatomical/reference interpretation requires contract review,1,,SC EMG envelope documented; CAP representation NOT_VERIFIED per channel,https://physionet.org/files/sleep-edfx/1.0.0/sleep-cassette/SC4722E0-PSG.edf,TRUE,Header-only; no signal samples read.
Sleep-EDF Expanded v1.0.0,NOT_VERIFIED,SC4722E0-PSG.edf,NOT_VERIFIED,Event marker,OTHER,encoded in label; anatomical/reference interpretation requires contract review,1,,SC EMG envelope documented; CAP representation NOT_VERIFIED per channel,https://physionet.org/files/sleep-edfx/1.0.0/sleep-cassette/SC4722E0-PSG.edf,TRUE,Header-only; no signal samples read.
Sleep-EDF Expanded v1.0.0,NOT_VERIFIED,SC4731E0-PSG.edf,NOT_VERIFIED,EEG Fpz-Cz,EEG,encoded in label; anatomical/reference interpretation requires contract review,100,uV,SC EMG envelope documented; CAP representation NOT_VERIFIED per channel,https://physionet.org/files/sleep-edfx/1.0.0/sleep-cassette/SC4731E0-PSG.edf,TRUE,Header-only; no signal samples read.
Sleep-EDF Expanded v1.0.0,NOT_VERIFIED,SC4731E0-PSG.edf,NOT_VERIFIED,EEG Pz-Oz,EEG,encoded in label; anatomical/reference interpretation requires contract review,100,uV,SC EMG envelope documented; CAP representation NOT_VERIFIED per channel,https://physionet.org/files/sleep-edfx/1.0.0/sleep-cassette/SC4731E0-PSG.edf,TRUE,Header-only; no signal samples read.
Sleep-EDF Expanded v1.0.0,NOT_VERIFIED,SC4731E0-PSG.edf,NOT_VERIFIED,EOG horizontal,EOG,encoded in label; anatomical/reference interpretation requires contract review,100,uV,SC EMG envelope documented; CAP representation NOT_VERIFIED per channel,https://physionet.org/files/sleep-edfx/1.0.0/sleep-cassette/SC4731E0-PSG.edf,TRUE,Header-only; no signal samples read.
Sleep-EDF Expanded v1.0.0,NOT_VERIFIED,SC4731E0-PSG.edf,NOT_VERIFIED,Resp oro-nasal,OTHER,encoded in label; anatomical/reference interpretation requires contract review,1,,SC EMG envelope documented; CAP representation NOT_VERIFIED per channel,https://physionet.org/files/sleep-edfx/1.0.0/sleep-cassette/SC4731E0-PSG.edf,TRUE,Header-only; no signal samples read.
Sleep-EDF Expanded v1.0.0,NOT_VERIFIED,SC4731E0-PSG.edf,NOT_VERIFIED,EMG submental,EMG,encoded in label; anatomical/reference interpretation requires contract review,1,uV,SC EMG envelope documented; CAP representation NOT_VERIFIED per channel,https://physionet.org/files/sleep-edfx/1.0.0/sleep-cassette/SC4731E0-PSG.edf,TRUE,Header-only; no signal samples read.
Sleep-EDF Expanded v1.0.0,NOT_VERIFIED,SC4731E0-PSG.edf,NOT_VERIFIED,Temp rectal,OTHER,encoded in label; anatomical/reference interpretation requires contract review,1,DegC,SC EMG envelope documented; CAP representation NOT_VERIFIED per channel,https://physionet.org/files/sleep-edfx/1.0.0/sleep-cassette/SC4731E0-PSG.edf,TRUE,Header-only; no signal samples read.
Sleep-EDF Expanded v1.0.0,NOT_VERIFIED,SC4731E0-PSG.edf,NOT_VERIFIED,Event marker,OTHER,encoded in label; anatomical/reference interpretation requires contract review,1,,SC EMG envelope documented; CAP representation NOT_VERIFIED per channel,https://physionet.org/files/sleep-edfx/1.0.0/sleep-cassette/SC4731E0-PSG.edf,TRUE,Header-only; no signal samples read.
Sleep-EDF Expanded v1.0.0,NOT_VERIFIED,SC4732E0-PSG.edf,NOT_VERIFIED,EEG Fpz-Cz,EEG,encoded in label; anatomical/reference interpretation requires contract review,100,uV,SC EMG envelope documented; CAP representation NOT_VERIFIED per channel,https://physionet.org/files/sleep-edfx/1.0.0/sleep-cassette/SC4732E0-PSG.edf,TRUE,Header-only; no signal samples read.
Sleep-EDF Expanded v1.0.0,NOT_VERIFIED,SC4732E0-PSG.edf,NOT_VERIFIED,EEG Pz-Oz,EEG,encoded in label; anatomical/reference interpretation requires contract review,100,uV,SC EMG envelope documented; CAP representation NOT_VERIFIED per channel,https://physionet.org/files/sleep-edfx/1.0.0/sleep-cassette/SC4732E0-PSG.edf,TRUE,Header-only; no signal samples read.
Sleep-EDF Expanded v1.0.0,NOT_VERIFIED,SC4732E0-PSG.edf,NOT_VERIFIED,EOG horizontal,EOG,encoded in label; anatomical/reference interpretation requires contract review,100,uV,SC EMG envelope documented; CAP representation NOT_VERIFIED per channel,https://physionet.org/files/sleep-edfx/1.0.0/sleep-cassette/SC4732E0-PSG.edf,TRUE,Header-only; no signal samples read.
Sleep-EDF Expanded v1.0.0,NOT_VERIFIED,SC4732E0-PSG.edf,NOT_VERIFIED,Resp oro-nasal,OTHER,encoded in label; anatomical/reference interpretation requires contract review,1,,SC EMG envelope documented; CAP representation NOT_VERIFIED per channel,https://physionet.org/files/sleep-edfx/1.0.0/sleep-cassette/SC4732E0-PSG.edf,TRUE,Header-only; no signal samples read.
Sleep-EDF Expanded v1.0.0,NOT_VERIFIED,SC4732E0-PSG.edf,NOT_VERIFIED,EMG submental,EMG,encoded in label; anatomical/reference interpretation requires contract review,1,uV,SC EMG envelope documented; CAP representation NOT_VERIFIED per channel,https://physionet.org/files/sleep-edfx/1.0.0/sleep-cassette/SC4732E0-PSG.edf,TRUE,Header-only; no signal samples read.
Sleep-EDF Expanded v1.0.0,NOT_VERIFIED,SC4732E0-PSG.edf,NOT_VERIFIED,Temp rectal,OTHER,encoded in label; anatomical/reference interpretation requires contract review,1,DegC,SC EMG envelope documented; CAP representation NOT_VERIFIED per channel,https://physionet.org/files/sleep-edfx/1.0.0/sleep-cassette/SC4732E0-PSG.edf,TRUE,Header-only; no signal samples read.
Sleep-EDF Expanded v1.0.0,NOT_VERIFIED,SC4732E0-PSG.edf,NOT_VERIFIED,Event marker,OTHER,encoded in label; anatomical/reference interpretation requires contract review,1,,SC EMG envelope documented; CAP representation NOT_VERIFIED per channel,https://physionet.org/files/sleep-edfx/1.0.0/sleep-cassette/SC4732E0-PSG.edf,TRUE,Header-only; no signal samples read.
Sleep-EDF Expanded v1.0.0,NOT_VERIFIED,SC4741E0-PSG.edf,NOT_VERIFIED,EEG Fpz-Cz,EEG,encoded in label; anatomical/reference interpretation requires contract review,100,uV,SC EMG envelope documented; CAP representation NOT_VERIFIED per channel,https://physionet.org/files/sleep-edfx/1.0.0/sleep-cassette/SC4741E0-PSG.edf,TRUE,Header-only; no signal samples read.
Sleep-EDF Expanded v1.0.0,NOT_VERIFIED,SC4741E0-PSG.edf,NOT_VERIFIED,EEG Pz-Oz,EEG,encoded in label; anatomical/reference interpretation requires contract review,100,uV,SC EMG envelope documented; CAP representation NOT_VERIFIED per channel,https://physionet.org/files/sleep-edfx/1.0.0/sleep-cassette/SC4741E0-PSG.edf,TRUE,Header-only; no signal samples read.
Sleep-EDF Expanded v1.0.0,NOT_VERIFIED,SC4741E0-PSG.edf,NOT_VERIFIED,EOG horizontal,EOG,encoded in label; anatomical/reference interpretation requires contract review,100,uV,SC EMG envelope documented; CAP representation NOT_VERIFIED per channel,https://physionet.org/files/sleep-edfx/1.0.0/sleep-cassette/SC4741E0-PSG.edf,TRUE,Header-only; no signal samples read.
Sleep-EDF Expanded v1.0.0,NOT_VERIFIED,SC4741E0-PSG.edf,NOT_VERIFIED,Resp oro-nasal,OTHER,encoded in label; anatomical/reference interpretation requires contract review,1,,SC EMG envelope documented; CAP representation NOT_VERIFIED per channel,https://physionet.org/files/sleep-edfx/1.0.0/sleep-cassette/SC4741E0-PSG.edf,TRUE,Header-only; no signal samples read.
Sleep-EDF Expanded v1.0.0,NOT_VERIFIED,SC4741E0-PSG.edf,NOT_VERIFIED,EMG submental,EMG,encoded in label; anatomical/reference interpretation requires contract review,1,uV,SC EMG envelope documented; CAP representation NOT_VERIFIED per channel,https://physionet.org/files/sleep-edfx/1.0.0/sleep-cassette/SC4741E0-PSG.edf,TRUE,Header-only; no signal samples read.
Sleep-EDF Expanded v1.0.0,NOT_VERIFIED,SC4741E0-PSG.edf,NOT_VERIFIED,Temp rectal,OTHER,encoded in label; anatomical/reference interpretation requires contract review,1,DegC,SC EMG envelope documented; CAP representation NOT_VERIFIED per channel,https://physionet.org/files/sleep-edfx/1.0.0/sleep-cassette/SC4741E0-PSG.edf,TRUE,Header-only; no signal samples read.
Sleep-EDF Expanded v1.0.0,NOT_VERIFIED,SC4741E0-PSG.edf,NOT_VERIFIED,Event marker,OTHER,encoded in label; anatomical/reference interpretation requires contract review,1,,SC EMG envelope documented; CAP representation NOT_VERIFIED per channel,https://physionet.org/files/sleep-edfx/1.0.0/sleep-cassette/SC4741E0-PSG.edf,TRUE,Header-only; no signal samples read.
Sleep-EDF Expanded v1.0.0,NOT_VERIFIED,SC4742E0-PSG.edf,NOT_VERIFIED,EEG Fpz-Cz,EEG,encoded in label; anatomical/reference interpretation requires contract review,100,uV,SC EMG envelope documented; CAP representation NOT_VERIFIED per channel,https://physionet.org/files/sleep-edfx/1.0.0/sleep-cassette/SC4742E0-PSG.edf,TRUE,Header-only; no signal samples read.
Sleep-EDF Expanded v1.0.0,NOT_VERIFIED,SC4742E0-PSG.edf,NOT_VERIFIED,EEG Pz-Oz,EEG,encoded in label; anatomical/reference interpretation requires contract review,100,uV,SC EMG envelope documented; CAP representation NOT_VERIFIED per channel,https://physionet.org/files/sleep-edfx/1.0.0/sleep-cassette/SC4742E0-PSG.edf,TRUE,Header-only; no signal samples read.
Sleep-EDF Expanded v1.0.0,NOT_VERIFIED,SC4742E0-PSG.edf,NOT_VERIFIED,EOG horizontal,EOG,encoded in label; anatomical/reference interpretation requires contract review,100,uV,SC EMG envelope documented; CAP representation NOT_VERIFIED per channel,https://physionet.org/files/sleep-edfx/1.0.0/sleep-cassette/SC4742E0-PSG.edf,TRUE,Header-only; no signal samples read.
Sleep-EDF Expanded v1.0.0,NOT_VERIFIED,SC4742E0-PSG.edf,NOT_VERIFIED,Resp oro-nasal,OTHER,encoded in label; anatomical/reference interpretation requires contract review,1,,SC EMG envelope documented; CAP representation NOT_VERIFIED per channel,https://physionet.org/files/sleep-edfx/1.0.0/sleep-cassette/SC4742E0-PSG.edf,TRUE,Header-only; no signal samples read.
Sleep-EDF Expanded v1.0.0,NOT_VERIFIED,SC4742E0-PSG.edf,NOT_VERIFIED,EMG submental,EMG,encoded in label; anatomical/reference interpretation requires contract review,1,uV,SC EMG envelope documented; CAP representation NOT_VERIFIED per channel,https://physionet.org/files/sleep-edfx/1.0.0/sleep-cassette/SC4742E0-PSG.edf,TRUE,Header-only; no signal samples read.
Sleep-EDF Expanded v1.0.0,NOT_VERIFIED,SC4742E0-PSG.edf,NOT_VERIFIED,Temp rectal,OTHER,encoded in label; anatomical/reference interpretation requires contract review,1,DegC,SC EMG envelope documented; CAP representation NOT_VERIFIED per channel,https://physionet.org/files/sleep-edfx/1.0.0/sleep-cassette/SC4742E0-PSG.edf,TRUE,Header-only; no signal samples read.
Sleep-EDF Expanded v1.0.0,NOT_VERIFIED,SC4742E0-PSG.edf,NOT_VERIFIED,Event marker,OTHER,encoded in label; anatomical/reference interpretation requires contract review,1,,SC EMG envelope documented; CAP representation NOT_VERIFIED per channel,https://physionet.org/files/sleep-edfx/1.0.0/sleep-cassette/SC4742E0-PSG.edf,TRUE,Header-only; no signal samples read.
Sleep-EDF Expanded v1.0.0,NOT_VERIFIED,SC4751E0-PSG.edf,NOT_VERIFIED,EEG Fpz-Cz,EEG,encoded in label; anatomical/reference interpretation requires contract review,100,uV,SC EMG envelope documented; CAP representation NOT_VERIFIED per channel,https://physionet.org/files/sleep-edfx/1.0.0/sleep-cassette/SC4751E0-PSG.edf,TRUE,Header-only; no signal samples read.
Sleep-EDF Expanded v1.0.0,NOT_VERIFIED,SC4751E0-PSG.edf,NOT_VERIFIED,EEG Pz-Oz,EEG,encoded in label; anatomical/reference interpretation requires contract review,100,uV,SC EMG envelope documented; CAP representation NOT_VERIFIED per channel,https://physionet.org/files/sleep-edfx/1.0.0/sleep-cassette/SC4751E0-PSG.edf,TRUE,Header-only; no signal samples read.
Sleep-EDF Expanded v1.0.0,NOT_VERIFIED,SC4751E0-PSG.edf,NOT_VERIFIED,EOG horizontal,EOG,encoded in label; anatomical/reference interpretation requires contract review,100,uV,SC EMG envelope documented; CAP representation NOT_VERIFIED per channel,https://physionet.org/files/sleep-edfx/1.0.0/sleep-cassette/SC4751E0-PSG.edf,TRUE,Header-only; no signal samples read.
Sleep-EDF Expanded v1.0.0,NOT_VERIFIED,SC4751E0-PSG.edf,NOT_VERIFIED,Resp oro-nasal,OTHER,encoded in label; anatomical/reference interpretation requires contract review,1,,SC EMG envelope documented; CAP representation NOT_VERIFIED per channel,https://physionet.org/files/sleep-edfx/1.0.0/sleep-cassette/SC4751E0-PSG.edf,TRUE,Header-only; no signal samples read.
Sleep-EDF Expanded v1.0.0,NOT_VERIFIED,SC4751E0-PSG.edf,NOT_VERIFIED,EMG submental,EMG,encoded in label; anatomical/reference interpretation requires contract review,1,uV,SC EMG envelope documented; CAP representation NOT_VERIFIED per channel,https://physionet.org/files/sleep-edfx/1.0.0/sleep-cassette/SC4751E0-PSG.edf,TRUE,Header-only; no signal samples read.
Sleep-EDF Expanded v1.0.0,NOT_VERIFIED,SC4751E0-PSG.edf,NOT_VERIFIED,Temp rectal,OTHER,encoded in label; anatomical/reference interpretation requires contract review,1,DegC,SC EMG envelope documented; CAP representation NOT_VERIFIED per channel,https://physionet.org/files/sleep-edfx/1.0.0/sleep-cassette/SC4751E0-PSG.edf,TRUE,Header-only; no signal samples read.
Sleep-EDF Expanded v1.0.0,NOT_VERIFIED,SC4751E0-PSG.edf,NOT_VERIFIED,Event marker,OTHER,encoded in label; anatomical/reference interpretation requires contract review,1,,SC EMG envelope documented; CAP representation NOT_VERIFIED per channel,https://physionet.org/files/sleep-edfx/1.0.0/sleep-cassette/SC4751E0-PSG.edf,TRUE,Header-only; no signal samples read.
Sleep-EDF Expanded v1.0.0,NOT_VERIFIED,SC4752E0-PSG.edf,NOT_VERIFIED,EEG Fpz-Cz,EEG,encoded in label; anatomical/reference interpretation requires contract review,100,uV,SC EMG envelope documented; CAP representation NOT_VERIFIED per channel,https://physionet.org/files/sleep-edfx/1.0.0/sleep-cassette/SC4752E0-PSG.edf,TRUE,Header-only; no signal samples read.
Sleep-EDF Expanded v1.0.0,NOT_VERIFIED,SC4752E0-PSG.edf,NOT_VERIFIED,EEG Pz-Oz,EEG,encoded in label; anatomical/reference interpretation requires contract review,100,uV,SC EMG envelope documented; CAP representation NOT_VERIFIED per channel,https://physionet.org/files/sleep-edfx/1.0.0/sleep-cassette/SC4752E0-PSG.edf,TRUE,Header-only; no signal samples read.
Sleep-EDF Expanded v1.0.0,NOT_VERIFIED,SC4752E0-PSG.edf,NOT_VERIFIED,EOG horizontal,EOG,encoded in label; anatomical/reference interpretation requires contract review,100,uV,SC EMG envelope documented; CAP representation NOT_VERIFIED per channel,https://physionet.org/files/sleep-edfx/1.0.0/sleep-cassette/SC4752E0-PSG.edf,TRUE,Header-only; no signal samples read.
Sleep-EDF Expanded v1.0.0,NOT_VERIFIED,SC4752E0-PSG.edf,NOT_VERIFIED,Resp oro-nasal,OTHER,encoded in label; anatomical/reference interpretation requires contract review,1,,SC EMG envelope documented; CAP representation NOT_VERIFIED per channel,https://physionet.org/files/sleep-edfx/1.0.0/sleep-cassette/SC4752E0-PSG.edf,TRUE,Header-only; no signal samples read.
Sleep-EDF Expanded v1.0.0,NOT_VERIFIED,SC4752E0-PSG.edf,NOT_VERIFIED,EMG submental,EMG,encoded in label; anatomical/reference interpretation requires contract review,1,uV,SC EMG envelope documented; CAP representation NOT_VERIFIED per channel,https://physionet.org/files/sleep-edfx/1.0.0/sleep-cassette/SC4752E0-PSG.edf,TRUE,Header-only; no signal samples read.
Sleep-EDF Expanded v1.0.0,NOT_VERIFIED,SC4752E0-PSG.edf,NOT_VERIFIED,Temp rectal,OTHER,encoded in label; anatomical/reference interpretation requires contract review,1,DegC,SC EMG envelope documented; CAP representation NOT_VERIFIED per channel,https://physionet.org/files/sleep-edfx/1.0.0/sleep-cassette/SC4752E0-PSG.edf,TRUE,Header-only; no signal samples read.
Sleep-EDF Expanded v1.0.0,NOT_VERIFIED,SC4752E0-PSG.edf,NOT_VERIFIED,Event marker,OTHER,encoded in label; anatomical/reference interpretation requires contract review,1,,SC EMG envelope documented; CAP representation NOT_VERIFIED per channel,https://physionet.org/files/sleep-edfx/1.0.0/sleep-cassette/SC4752E0-PSG.edf,TRUE,Header-only; no signal samples read.
Sleep-EDF Expanded v1.0.0,NOT_VERIFIED,SC4761E0-PSG.edf,NOT_VERIFIED,EEG Fpz-Cz,EEG,encoded in label; anatomical/reference interpretation requires contract review,100,uV,SC EMG envelope documented; CAP representation NOT_VERIFIED per channel,https://physionet.org/files/sleep-edfx/1.0.0/sleep-cassette/SC4761E0-PSG.edf,TRUE,Header-only; no signal samples read.
Sleep-EDF Expanded v1.0.0,NOT_VERIFIED,SC4761E0-PSG.edf,NOT_VERIFIED,EEG Pz-Oz,EEG,encoded in label; anatomical/reference interpretation requires contract review,100,uV,SC EMG envelope documented; CAP representation NOT_VERIFIED per channel,https://physionet.org/files/sleep-edfx/1.0.0/sleep-cassette/SC4761E0-PSG.edf,TRUE,Header-only; no signal samples read.
Sleep-EDF Expanded v1.0.0,NOT_VERIFIED,SC4761E0-PSG.edf,NOT_VERIFIED,EOG horizontal,EOG,encoded in label; anatomical/reference interpretation requires contract review,100,uV,SC EMG envelope documented; CAP representation NOT_VERIFIED per channel,https://physionet.org/files/sleep-edfx/1.0.0/sleep-cassette/SC4761E0-PSG.edf,TRUE,Header-only; no signal samples read.
Sleep-EDF Expanded v1.0.0,NOT_VERIFIED,SC4761E0-PSG.edf,NOT_VERIFIED,Resp oro-nasal,OTHER,encoded in label; anatomical/reference interpretation requires contract review,1,,SC EMG envelope documented; CAP representation NOT_VERIFIED per channel,https://physionet.org/files/sleep-edfx/1.0.0/sleep-cassette/SC4761E0-PSG.edf,TRUE,Header-only; no signal samples read.
Sleep-EDF Expanded v1.0.0,NOT_VERIFIED,SC4761E0-PSG.edf,NOT_VERIFIED,EMG submental,EMG,encoded in label; anatomical/reference interpretation requires contract review,1,uV,SC EMG envelope documented; CAP representation NOT_VERIFIED per channel,https://physionet.org/files/sleep-edfx/1.0.0/sleep-cassette/SC4761E0-PSG.edf,TRUE,Header-only; no signal samples read.
Sleep-EDF Expanded v1.0.0,NOT_VERIFIED,SC4761E0-PSG.edf,NOT_VERIFIED,Temp rectal,OTHER,encoded in label; anatomical/reference interpretation requires contract review,1,,SC EMG envelope documented; CAP representation NOT_VERIFIED per channel,https://physionet.org/files/sleep-edfx/1.0.0/sleep-cassette/SC4761E0-PSG.edf,TRUE,Header-only; no signal samples read.
Sleep-EDF Expanded v1.0.0,NOT_VERIFIED,SC4761E0-PSG.edf,NOT_VERIFIED,Event marker,OTHER,encoded in label; anatomical/reference interpretation requires contract review,1,,SC EMG envelope documented; CAP representation NOT_VERIFIED per channel,https://physionet.org/files/sleep-edfx/1.0.0/sleep-cassette/SC4761E0-PSG.edf,TRUE,Header-only; no signal samples read.
Sleep-EDF Expanded v1.0.0,NOT_VERIFIED,SC4762E0-PSG.edf,NOT_VERIFIED,EEG Fpz-Cz,EEG,encoded in label; anatomical/reference interpretation requires contract review,100,uV,SC EMG envelope documented; CAP representation NOT_VERIFIED per channel,https://physionet.org/files/sleep-edfx/1.0.0/sleep-cassette/SC4762E0-PSG.edf,TRUE,Header-only; no signal samples read.
Sleep-EDF Expanded v1.0.0,NOT_VERIFIED,SC4762E0-PSG.edf,NOT_VERIFIED,EEG Pz-Oz,EEG,encoded in label; anatomical/reference interpretation requires contract review,100,uV,SC EMG envelope documented; CAP representation NOT_VERIFIED per channel,https://physionet.org/files/sleep-edfx/1.0.0/sleep-cassette/SC4762E0-PSG.edf,TRUE,Header-only; no signal samples read.
Sleep-EDF Expanded v1.0.0,NOT_VERIFIED,SC4762E0-PSG.edf,NOT_VERIFIED,EOG horizontal,EOG,encoded in label; anatomical/reference interpretation requires contract review,100,uV,SC EMG envelope documented; CAP representation NOT_VERIFIED per channel,https://physionet.org/files/sleep-edfx/1.0.0/sleep-cassette/SC4762E0-PSG.edf,TRUE,Header-only; no signal samples read.
Sleep-EDF Expanded v1.0.0,NOT_VERIFIED,SC4762E0-PSG.edf,NOT_VERIFIED,Resp oro-nasal,OTHER,encoded in label; anatomical/reference interpretation requires contract review,1,,SC EMG envelope documented; CAP representation NOT_VERIFIED per channel,https://physionet.org/files/sleep-edfx/1.0.0/sleep-cassette/SC4762E0-PSG.edf,TRUE,Header-only; no signal samples read.
Sleep-EDF Expanded v1.0.0,NOT_VERIFIED,SC4762E0-PSG.edf,NOT_VERIFIED,EMG submental,EMG,encoded in label; anatomical/reference interpretation requires contract review,1,uV,SC EMG envelope documented; CAP representation NOT_VERIFIED per channel,https://physionet.org/files/sleep-edfx/1.0.0/sleep-cassette/SC4762E0-PSG.edf,TRUE,Header-only; no signal samples read.
Sleep-EDF Expanded v1.0.0,NOT_VERIFIED,SC4762E0-PSG.edf,NOT_VERIFIED,Temp rectal,OTHER,encoded in label; anatomical/reference interpretation requires contract review,1,,SC EMG envelope documented; CAP representation NOT_VERIFIED per channel,https://physionet.org/files/sleep-edfx/1.0.0/sleep-cassette/SC4762E0-PSG.edf,TRUE,Header-only; no signal samples read.
Sleep-EDF Expanded v1.0.0,NOT_VERIFIED,SC4762E0-PSG.edf,NOT_VERIFIED,Event marker,OTHER,encoded in label; anatomical/reference interpretation requires contract review,1,,SC EMG envelope documented; CAP representation NOT_VERIFIED per channel,https://physionet.org/files/sleep-edfx/1.0.0/sleep-cassette/SC4762E0-PSG.edf,TRUE,Header-only; no signal samples read.
Sleep-EDF Expanded v1.0.0,NOT_VERIFIED,SC4771G0-PSG.edf,NOT_VERIFIED,EEG Fpz-Cz,EEG,encoded in label; anatomical/reference interpretation requires contract review,100,uV,SC EMG envelope documented; CAP representation NOT_VERIFIED per channel,https://physionet.org/files/sleep-edfx/1.0.0/sleep-cassette/SC4771G0-PSG.edf,TRUE,Header-only; no signal samples read.
Sleep-EDF Expanded v1.0.0,NOT_VERIFIED,SC4771G0-PSG.edf,NOT_VERIFIED,EEG Pz-Oz,EEG,encoded in label; anatomical/reference interpretation requires contract review,100,uV,SC EMG envelope documented; CAP representation NOT_VERIFIED per channel,https://physionet.org/files/sleep-edfx/1.0.0/sleep-cassette/SC4771G0-PSG.edf,TRUE,Header-only; no signal samples read.
Sleep-EDF Expanded v1.0.0,NOT_VERIFIED,SC4771G0-PSG.edf,NOT_VERIFIED,EOG horizontal,EOG,encoded in label; anatomical/reference interpretation requires contract review,100,uV,SC EMG envelope documented; CAP representation NOT_VERIFIED per channel,https://physionet.org/files/sleep-edfx/1.0.0/sleep-cassette/SC4771G0-PSG.edf,TRUE,Header-only; no signal samples read.
Sleep-EDF Expanded v1.0.0,NOT_VERIFIED,SC4771G0-PSG.edf,NOT_VERIFIED,Resp oro-nasal,OTHER,encoded in label; anatomical/reference interpretation requires contract review,1,,SC EMG envelope documented; CAP representation NOT_VERIFIED per channel,https://physionet.org/files/sleep-edfx/1.0.0/sleep-cassette/SC4771G0-PSG.edf,TRUE,Header-only; no signal samples read.
Sleep-EDF Expanded v1.0.0,NOT_VERIFIED,SC4771G0-PSG.edf,NOT_VERIFIED,EMG submental,EMG,encoded in label; anatomical/reference interpretation requires contract review,1,uV,SC EMG envelope documented; CAP representation NOT_VERIFIED per channel,https://physionet.org/files/sleep-edfx/1.0.0/sleep-cassette/SC4771G0-PSG.edf,TRUE,Header-only; no signal samples read.
Sleep-EDF Expanded v1.0.0,NOT_VERIFIED,SC4771G0-PSG.edf,NOT_VERIFIED,Temp rectal,OTHER,encoded in label; anatomical/reference interpretation requires contract review,1,,SC EMG envelope documented; CAP representation NOT_VERIFIED per channel,https://physionet.org/files/sleep-edfx/1.0.0/sleep-cassette/SC4771G0-PSG.edf,TRUE,Header-only; no signal samples read.
Sleep-EDF Expanded v1.0.0,NOT_VERIFIED,SC4771G0-PSG.edf,NOT_VERIFIED,Event marker,OTHER,encoded in label; anatomical/reference interpretation requires contract review,1,,SC EMG envelope documented; CAP representation NOT_VERIFIED per channel,https://physionet.org/files/sleep-edfx/1.0.0/sleep-cassette/SC4771G0-PSG.edf,TRUE,Header-only; no signal samples read.
Sleep-EDF Expanded v1.0.0,NOT_VERIFIED,SC4772G0-PSG.edf,NOT_VERIFIED,EEG Fpz-Cz,EEG,encoded in label; anatomical/reference interpretation requires contract review,100,uV,SC EMG envelope documented; CAP representation NOT_VERIFIED per channel,https://physionet.org/files/sleep-edfx/1.0.0/sleep-cassette/SC4772G0-PSG.edf,TRUE,Header-only; no signal samples read.
Sleep-EDF Expanded v1.0.0,NOT_VERIFIED,SC4772G0-PSG.edf,NOT_VERIFIED,EEG Pz-Oz,EEG,encoded in label; anatomical/reference interpretation requires contract review,100,uV,SC EMG envelope documented; CAP representation NOT_VERIFIED per channel,https://physionet.org/files/sleep-edfx/1.0.0/sleep-cassette/SC4772G0-PSG.edf,TRUE,Header-only; no signal samples read.
Sleep-EDF Expanded v1.0.0,NOT_VERIFIED,SC4772G0-PSG.edf,NOT_VERIFIED,EOG horizontal,EOG,encoded in label; anatomical/reference interpretation requires contract review,100,uV,SC EMG envelope documented; CAP representation NOT_VERIFIED per channel,https://physionet.org/files/sleep-edfx/1.0.0/sleep-cassette/SC4772G0-PSG.edf,TRUE,Header-only; no signal samples read.
Sleep-EDF Expanded v1.0.0,NOT_VERIFIED,SC4772G0-PSG.edf,NOT_VERIFIED,Resp oro-nasal,OTHER,encoded in label; anatomical/reference interpretation requires contract review,1,,SC EMG envelope documented; CAP representation NOT_VERIFIED per channel,https://physionet.org/files/sleep-edfx/1.0.0/sleep-cassette/SC4772G0-PSG.edf,TRUE,Header-only; no signal samples read.
Sleep-EDF Expanded v1.0.0,NOT_VERIFIED,SC4772G0-PSG.edf,NOT_VERIFIED,EMG submental,EMG,encoded in label; anatomical/reference interpretation requires contract review,1,uV,SC EMG envelope documented; CAP representation NOT_VERIFIED per channel,https://physionet.org/files/sleep-edfx/1.0.0/sleep-cassette/SC4772G0-PSG.edf,TRUE,Header-only; no signal samples read.
Sleep-EDF Expanded v1.0.0,NOT_VERIFIED,SC4772G0-PSG.edf,NOT_VERIFIED,Temp rectal,OTHER,encoded in label; anatomical/reference interpretation requires contract review,1,,SC EMG envelope documented; CAP representation NOT_VERIFIED per channel,https://physionet.org/files/sleep-edfx/1.0.0/sleep-cassette/SC4772G0-PSG.edf,TRUE,Header-only; no signal samples read.
Sleep-EDF Expanded v1.0.0,NOT_VERIFIED,SC4772G0-PSG.edf,NOT_VERIFIED,Event marker,OTHER,encoded in label; anatomical/reference interpretation requires contract review,1,,SC EMG envelope documented; CAP representation NOT_VERIFIED per channel,https://physionet.org/files/sleep-edfx/1.0.0/sleep-cassette/SC4772G0-PSG.edf,TRUE,Header-only; no signal samples read.
Sleep-EDF Expanded v1.0.0,NOT_VERIFIED,SC4801G0-PSG.edf,NOT_VERIFIED,EEG Fpz-Cz,EEG,encoded in label; anatomical/reference interpretation requires contract review,100,uV,SC EMG envelope documented; CAP representation NOT_VERIFIED per channel,https://physionet.org/files/sleep-edfx/1.0.0/sleep-cassette/SC4801G0-PSG.edf,TRUE,Header-only; no signal samples read.
Sleep-EDF Expanded v1.0.0,NOT_VERIFIED,SC4801G0-PSG.edf,NOT_VERIFIED,EEG Pz-Oz,EEG,encoded in label; anatomical/reference interpretation requires contract review,100,uV,SC EMG envelope documented; CAP representation NOT_VERIFIED per channel,https://physionet.org/files/sleep-edfx/1.0.0/sleep-cassette/SC4801G0-PSG.edf,TRUE,Header-only; no signal samples read.
Sleep-EDF Expanded v1.0.0,NOT_VERIFIED,SC4801G0-PSG.edf,NOT_VERIFIED,EOG horizontal,EOG,encoded in label; anatomical/reference interpretation requires contract review,100,uV,SC EMG envelope documented; CAP representation NOT_VERIFIED per channel,https://physionet.org/files/sleep-edfx/1.0.0/sleep-cassette/SC4801G0-PSG.edf,TRUE,Header-only; no signal samples read.
Sleep-EDF Expanded v1.0.0,NOT_VERIFIED,SC4801G0-PSG.edf,NOT_VERIFIED,Resp oro-nasal,OTHER,encoded in label; anatomical/reference interpretation requires contract review,1,,SC EMG envelope documented; CAP representation NOT_VERIFIED per channel,https://physionet.org/files/sleep-edfx/1.0.0/sleep-cassette/SC4801G0-PSG.edf,TRUE,Header-only; no signal samples read.
Sleep-EDF Expanded v1.0.0,NOT_VERIFIED,SC4801G0-PSG.edf,NOT_VERIFIED,EMG submental,EMG,encoded in label; anatomical/reference interpretation requires contract review,1,uV,SC EMG envelope documented; CAP representation NOT_VERIFIED per channel,https://physionet.org/files/sleep-edfx/1.0.0/sleep-cassette/SC4801G0-PSG.edf,TRUE,Header-only; no signal samples read.
Sleep-EDF Expanded v1.0.0,NOT_VERIFIED,SC4801G0-PSG.edf,NOT_VERIFIED,Temp rectal,OTHER,encoded in label; anatomical/reference interpretation requires contract review,1,,SC EMG envelope documented; CAP representation NOT_VERIFIED per channel,https://physionet.org/files/sleep-edfx/1.0.0/sleep-cassette/SC4801G0-PSG.edf,TRUE,Header-only; no signal samples read.
Sleep-EDF Expanded v1.0.0,NOT_VERIFIED,SC4801G0-PSG.edf,NOT_VERIFIED,Event marker,OTHER,encoded in label; anatomical/reference interpretation requires contract review,1,,SC EMG envelope documented; CAP representation NOT_VERIFIED per channel,https://physionet.org/files/sleep-edfx/1.0.0/sleep-cassette/SC4801G0-PSG.edf,TRUE,Header-only; no signal samples read.
Sleep-EDF Expanded v1.0.0,NOT_VERIFIED,SC4802G0-PSG.edf,NOT_VERIFIED,EEG Fpz-Cz,EEG,encoded in label; anatomical/reference interpretation requires contract review,100,uV,SC EMG envelope documented; CAP representation NOT_VERIFIED per channel,https://physionet.org/files/sleep-edfx/1.0.0/sleep-cassette/SC4802G0-PSG.edf,TRUE,Header-only; no signal samples read.
Sleep-EDF Expanded v1.0.0,NOT_VERIFIED,SC4802G0-PSG.edf,NOT_VERIFIED,EEG Pz-Oz,EEG,encoded in label; anatomical/reference interpretation requires contract review,100,uV,SC EMG envelope documented; CAP representation NOT_VERIFIED per channel,https://physionet.org/files/sleep-edfx/1.0.0/sleep-cassette/SC4802G0-PSG.edf,TRUE,Header-only; no signal samples read.
Sleep-EDF Expanded v1.0.0,NOT_VERIFIED,SC4802G0-PSG.edf,NOT_VERIFIED,EOG horizontal,EOG,encoded in label; anatomical/reference interpretation requires contract review,100,uV,SC EMG envelope documented; CAP representation NOT_VERIFIED per channel,https://physionet.org/files/sleep-edfx/1.0.0/sleep-cassette/SC4802G0-PSG.edf,TRUE,Header-only; no signal samples read.
Sleep-EDF Expanded v1.0.0,NOT_VERIFIED,SC4802G0-PSG.edf,NOT_VERIFIED,Resp oro-nasal,OTHER,encoded in label; anatomical/reference interpretation requires contract review,1,,SC EMG envelope documented; CAP representation NOT_VERIFIED per channel,https://physionet.org/files/sleep-edfx/1.0.0/sleep-cassette/SC4802G0-PSG.edf,TRUE,Header-only; no signal samples read.
Sleep-EDF Expanded v1.0.0,NOT_VERIFIED,SC4802G0-PSG.edf,NOT_VERIFIED,EMG submental,EMG,encoded in label; anatomical/reference interpretation requires contract review,1,uV,SC EMG envelope documented; CAP representation NOT_VERIFIED per channel,https://physionet.org/files/sleep-edfx/1.0.0/sleep-cassette/SC4802G0-PSG.edf,TRUE,Header-only; no signal samples read.
Sleep-EDF Expanded v1.0.0,NOT_VERIFIED,SC4802G0-PSG.edf,NOT_VERIFIED,Temp rectal,OTHER,encoded in label; anatomical/reference interpretation requires contract review,1,,SC EMG envelope documented; CAP representation NOT_VERIFIED per channel,https://physionet.org/files/sleep-edfx/1.0.0/sleep-cassette/SC4802G0-PSG.edf,TRUE,Header-only; no signal samples read.
Sleep-EDF Expanded v1.0.0,NOT_VERIFIED,SC4802G0-PSG.edf,NOT_VERIFIED,Event marker,OTHER,encoded in label; anatomical/reference interpretation requires contract review,1,,SC EMG envelope documented; CAP representation NOT_VERIFIED per channel,https://physionet.org/files/sleep-edfx/1.0.0/sleep-cassette/SC4802G0-PSG.edf,TRUE,Header-only; no signal samples read.
Sleep-EDF Expanded v1.0.0,NOT_VERIFIED,SC4811G0-PSG.edf,NOT_VERIFIED,EEG Fpz-Cz,EEG,encoded in label; anatomical/reference interpretation requires contract review,100,uV,SC EMG envelope documented; CAP representation NOT_VERIFIED per channel,https://physionet.org/files/sleep-edfx/1.0.0/sleep-cassette/SC4811G0-PSG.edf,TRUE,Header-only; no signal samples read.
Sleep-EDF Expanded v1.0.0,NOT_VERIFIED,SC4811G0-PSG.edf,NOT_VERIFIED,EEG Pz-Oz,EEG,encoded in label; anatomical/reference interpretation requires contract review,100,uV,SC EMG envelope documented; CAP representation NOT_VERIFIED per channel,https://physionet.org/files/sleep-edfx/1.0.0/sleep-cassette/SC4811G0-PSG.edf,TRUE,Header-only; no signal samples read.
Sleep-EDF Expanded v1.0.0,NOT_VERIFIED,SC4811G0-PSG.edf,NOT_VERIFIED,EOG horizontal,EOG,encoded in label; anatomical/reference interpretation requires contract review,100,uV,SC EMG envelope documented; CAP representation NOT_VERIFIED per channel,https://physionet.org/files/sleep-edfx/1.0.0/sleep-cassette/SC4811G0-PSG.edf,TRUE,Header-only; no signal samples read.
Sleep-EDF Expanded v1.0.0,NOT_VERIFIED,SC4811G0-PSG.edf,NOT_VERIFIED,Resp oro-nasal,OTHER,encoded in label; anatomical/reference interpretation requires contract review,1,,SC EMG envelope documented; CAP representation NOT_VERIFIED per channel,https://physionet.org/files/sleep-edfx/1.0.0/sleep-cassette/SC4811G0-PSG.edf,TRUE,Header-only; no signal samples read.
Sleep-EDF Expanded v1.0.0,NOT_VERIFIED,SC4811G0-PSG.edf,NOT_VERIFIED,EMG submental,EMG,encoded in label; anatomical/reference interpretation requires contract review,1,uV,SC EMG envelope documented; CAP representation NOT_VERIFIED per channel,https://physionet.org/files/sleep-edfx/1.0.0/sleep-cassette/SC4811G0-PSG.edf,TRUE,Header-only; no signal samples read.
Sleep-EDF Expanded v1.0.0,NOT_VERIFIED,SC4811G0-PSG.edf,NOT_VERIFIED,Temp rectal,OTHER,encoded in label; anatomical/reference interpretation requires contract review,1,,SC EMG envelope documented; CAP representation NOT_VERIFIED per channel,https://physionet.org/files/sleep-edfx/1.0.0/sleep-cassette/SC4811G0-PSG.edf,TRUE,Header-only; no signal samples read.
Sleep-EDF Expanded v1.0.0,NOT_VERIFIED,SC4811G0-PSG.edf,NOT_VERIFIED,Event marker,OTHER,encoded in label; anatomical/reference interpretation requires contract review,1,,SC EMG envelope documented; CAP representation NOT_VERIFIED per channel,https://physionet.org/files/sleep-edfx/1.0.0/sleep-cassette/SC4811G0-PSG.edf,TRUE,Header-only; no signal samples read.
Sleep-EDF Expanded v1.0.0,NOT_VERIFIED,SC4812G0-PSG.edf,NOT_VERIFIED,EEG Fpz-Cz,EEG,encoded in label; anatomical/reference interpretation requires contract review,100,uV,SC EMG envelope documented; CAP representation NOT_VERIFIED per channel,https://physionet.org/files/sleep-edfx/1.0.0/sleep-cassette/SC4812G0-PSG.edf,TRUE,Header-only; no signal samples read.
Sleep-EDF Expanded v1.0.0,NOT_VERIFIED,SC4812G0-PSG.edf,NOT_VERIFIED,EEG Pz-Oz,EEG,encoded in label; anatomical/reference interpretation requires contract review,100,uV,SC EMG envelope documented; CAP representation NOT_VERIFIED per channel,https://physionet.org/files/sleep-edfx/1.0.0/sleep-cassette/SC4812G0-PSG.edf,TRUE,Header-only; no signal samples read.
Sleep-EDF Expanded v1.0.0,NOT_VERIFIED,SC4812G0-PSG.edf,NOT_VERIFIED,EOG horizontal,EOG,encoded in label; anatomical/reference interpretation requires contract review,100,uV,SC EMG envelope documented; CAP representation NOT_VERIFIED per channel,https://physionet.org/files/sleep-edfx/1.0.0/sleep-cassette/SC4812G0-PSG.edf,TRUE,Header-only; no signal samples read.
Sleep-EDF Expanded v1.0.0,NOT_VERIFIED,SC4812G0-PSG.edf,NOT_VERIFIED,Resp oro-nasal,OTHER,encoded in label; anatomical/reference interpretation requires contract review,1,,SC EMG envelope documented; CAP representation NOT_VERIFIED per channel,https://physionet.org/files/sleep-edfx/1.0.0/sleep-cassette/SC4812G0-PSG.edf,TRUE,Header-only; no signal samples read.
Sleep-EDF Expanded v1.0.0,NOT_VERIFIED,SC4812G0-PSG.edf,NOT_VERIFIED,EMG submental,EMG,encoded in label; anatomical/reference interpretation requires contract review,1,uV,SC EMG envelope documented; CAP representation NOT_VERIFIED per channel,https://physionet.org/files/sleep-edfx/1.0.0/sleep-cassette/SC4812G0-PSG.edf,TRUE,Header-only; no signal samples read.
Sleep-EDF Expanded v1.0.0,NOT_VERIFIED,SC4812G0-PSG.edf,NOT_VERIFIED,Temp rectal,OTHER,encoded in label; anatomical/reference interpretation requires contract review,1,,SC EMG envelope documented; CAP representation NOT_VERIFIED per channel,https://physionet.org/files/sleep-edfx/1.0.0/sleep-cassette/SC4812G0-PSG.edf,TRUE,Header-only; no signal samples read.
Sleep-EDF Expanded v1.0.0,NOT_VERIFIED,SC4812G0-PSG.edf,NOT_VERIFIED,Event marker,OTHER,encoded in label; anatomical/reference interpretation requires contract review,1,,SC EMG envelope documented; CAP representation NOT_VERIFIED per channel,https://physionet.org/files/sleep-edfx/1.0.0/sleep-cassette/SC4812G0-PSG.edf,TRUE,Header-only; no signal samples read.
Sleep-EDF Expanded v1.0.0,NOT_VERIFIED,SC4821G0-PSG.edf,NOT_VERIFIED,EEG Fpz-Cz,EEG,encoded in label; anatomical/reference interpretation requires contract review,100,uV,SC EMG envelope documented; CAP representation NOT_VERIFIED per channel,https://physionet.org/files/sleep-edfx/1.0.0/sleep-cassette/SC4821G0-PSG.edf,TRUE,Header-only; no signal samples read.
Sleep-EDF Expanded v1.0.0,NOT_VERIFIED,SC4821G0-PSG.edf,NOT_VERIFIED,EEG Pz-Oz,EEG,encoded in label; anatomical/reference interpretation requires contract review,100,uV,SC EMG envelope documented; CAP representation NOT_VERIFIED per channel,https://physionet.org/files/sleep-edfx/1.0.0/sleep-cassette/SC4821G0-PSG.edf,TRUE,Header-only; no signal samples read.
Sleep-EDF Expanded v1.0.0,NOT_VERIFIED,SC4821G0-PSG.edf,NOT_VERIFIED,EOG horizontal,EOG,encoded in label; anatomical/reference interpretation requires contract review,100,uV,SC EMG envelope documented; CAP representation NOT_VERIFIED per channel,https://physionet.org/files/sleep-edfx/1.0.0/sleep-cassette/SC4821G0-PSG.edf,TRUE,Header-only; no signal samples read.
Sleep-EDF Expanded v1.0.0,NOT_VERIFIED,SC4821G0-PSG.edf,NOT_VERIFIED,Resp oro-nasal,OTHER,encoded in label; anatomical/reference interpretation requires contract review,1,,SC EMG envelope documented; CAP representation NOT_VERIFIED per channel,https://physionet.org/files/sleep-edfx/1.0.0/sleep-cassette/SC4821G0-PSG.edf,TRUE,Header-only; no signal samples read.
Sleep-EDF Expanded v1.0.0,NOT_VERIFIED,SC4821G0-PSG.edf,NOT_VERIFIED,EMG submental,EMG,encoded in label; anatomical/reference interpretation requires contract review,1,uV,SC EMG envelope documented; CAP representation NOT_VERIFIED per channel,https://physionet.org/files/sleep-edfx/1.0.0/sleep-cassette/SC4821G0-PSG.edf,TRUE,Header-only; no signal samples read.
Sleep-EDF Expanded v1.0.0,NOT_VERIFIED,SC4821G0-PSG.edf,NOT_VERIFIED,Temp rectal,OTHER,encoded in label; anatomical/reference interpretation requires contract review,1,,SC EMG envelope documented; CAP representation NOT_VERIFIED per channel,https://physionet.org/files/sleep-edfx/1.0.0/sleep-cassette/SC4821G0-PSG.edf,TRUE,Header-only; no signal samples read.
Sleep-EDF Expanded v1.0.0,NOT_VERIFIED,SC4821G0-PSG.edf,NOT_VERIFIED,Event marker,OTHER,encoded in label; anatomical/reference interpretation requires contract review,1,,SC EMG envelope documented; CAP representation NOT_VERIFIED per channel,https://physionet.org/files/sleep-edfx/1.0.0/sleep-cassette/SC4821G0-PSG.edf,TRUE,Header-only; no signal samples read.
Sleep-EDF Expanded v1.0.0,NOT_VERIFIED,SC4822G0-PSG.edf,NOT_VERIFIED,EEG Fpz-Cz,EEG,encoded in label; anatomical/reference interpretation requires contract review,100,uV,SC EMG envelope documented; CAP representation NOT_VERIFIED per channel,https://physionet.org/files/sleep-edfx/1.0.0/sleep-cassette/SC4822G0-PSG.edf,TRUE,Header-only; no signal samples read.
Sleep-EDF Expanded v1.0.0,NOT_VERIFIED,SC4822G0-PSG.edf,NOT_VERIFIED,EEG Pz-Oz,EEG,encoded in label; anatomical/reference interpretation requires contract review,100,uV,SC EMG envelope documented; CAP representation NOT_VERIFIED per channel,https://physionet.org/files/sleep-edfx/1.0.0/sleep-cassette/SC4822G0-PSG.edf,TRUE,Header-only; no signal samples read.
Sleep-EDF Expanded v1.0.0,NOT_VERIFIED,SC4822G0-PSG.edf,NOT_VERIFIED,EOG horizontal,EOG,encoded in label; anatomical/reference interpretation requires contract review,100,uV,SC EMG envelope documented; CAP representation NOT_VERIFIED per channel,https://physionet.org/files/sleep-edfx/1.0.0/sleep-cassette/SC4822G0-PSG.edf,TRUE,Header-only; no signal samples read.
Sleep-EDF Expanded v1.0.0,NOT_VERIFIED,SC4822G0-PSG.edf,NOT_VERIFIED,Resp oro-nasal,OTHER,encoded in label; anatomical/reference interpretation requires contract review,1,,SC EMG envelope documented; CAP representation NOT_VERIFIED per channel,https://physionet.org/files/sleep-edfx/1.0.0/sleep-cassette/SC4822G0-PSG.edf,TRUE,Header-only; no signal samples read.
Sleep-EDF Expanded v1.0.0,NOT_VERIFIED,SC4822G0-PSG.edf,NOT_VERIFIED,EMG submental,EMG,encoded in label; anatomical/reference interpretation requires contract review,1,uV,SC EMG envelope documented; CAP representation NOT_VERIFIED per channel,https://physionet.org/files/sleep-edfx/1.0.0/sleep-cassette/SC4822G0-PSG.edf,TRUE,Header-only; no signal samples read.
Sleep-EDF Expanded v1.0.0,NOT_VERIFIED,SC4822G0-PSG.edf,NOT_VERIFIED,Temp rectal,OTHER,encoded in label; anatomical/reference interpretation requires contract review,1,,SC EMG envelope documented; CAP representation NOT_VERIFIED per channel,https://physionet.org/files/sleep-edfx/1.0.0/sleep-cassette/SC4822G0-PSG.edf,TRUE,Header-only; no signal samples read.
Sleep-EDF Expanded v1.0.0,NOT_VERIFIED,SC4822G0-PSG.edf,NOT_VERIFIED,Event marker,OTHER,encoded in label; anatomical/reference interpretation requires contract review,1,,SC EMG envelope documented; CAP representation NOT_VERIFIED per channel,https://physionet.org/files/sleep-edfx/1.0.0/sleep-cassette/SC4822G0-PSG.edf,TRUE,Header-only; no signal samples read.
Sleep-EDF Expanded v1.0.0,NOT_VERIFIED,ST7011J0-PSG.edf,NOT_VERIFIED,EEG Fpz-Cz,EEG,encoded in label; anatomical/reference interpretation requires contract review,100,uV,SC EMG envelope documented; CAP representation NOT_VERIFIED per channel,https://physionet.org/files/sleep-edfx/1.0.0/sleep-telemetry/ST7011J0-PSG.edf,TRUE,Header-only; no signal samples read.
Sleep-EDF Expanded v1.0.0,NOT_VERIFIED,ST7011J0-PSG.edf,NOT_VERIFIED,EEG Pz-Oz,EEG,encoded in label; anatomical/reference interpretation requires contract review,100,uV,SC EMG envelope documented; CAP representation NOT_VERIFIED per channel,https://physionet.org/files/sleep-edfx/1.0.0/sleep-telemetry/ST7011J0-PSG.edf,TRUE,Header-only; no signal samples read.
Sleep-EDF Expanded v1.0.0,NOT_VERIFIED,ST7011J0-PSG.edf,NOT_VERIFIED,EOG horizontal,EOG,encoded in label; anatomical/reference interpretation requires contract review,100,uV,SC EMG envelope documented; CAP representation NOT_VERIFIED per channel,https://physionet.org/files/sleep-edfx/1.0.0/sleep-telemetry/ST7011J0-PSG.edf,TRUE,Header-only; no signal samples read.
Sleep-EDF Expanded v1.0.0,NOT_VERIFIED,ST7011J0-PSG.edf,NOT_VERIFIED,EMG submental,EMG,encoded in label; anatomical/reference interpretation requires contract review,100,uV,SC EMG envelope documented; CAP representation NOT_VERIFIED per channel,https://physionet.org/files/sleep-edfx/1.0.0/sleep-telemetry/ST7011J0-PSG.edf,TRUE,Header-only; no signal samples read.
Sleep-EDF Expanded v1.0.0,NOT_VERIFIED,ST7011J0-PSG.edf,NOT_VERIFIED,Marker,OTHER,encoded in label; anatomical/reference interpretation requires contract review,10,ID+M-E,SC EMG envelope documented; CAP representation NOT_VERIFIED per channel,https://physionet.org/files/sleep-edfx/1.0.0/sleep-telemetry/ST7011J0-PSG.edf,TRUE,Header-only; no signal samples read.
Sleep-EDF Expanded v1.0.0,NOT_VERIFIED,ST7012J0-PSG.edf,NOT_VERIFIED,EEG Fpz-Cz,EEG,encoded in label; anatomical/reference interpretation requires contract review,100,uV,SC EMG envelope documented; CAP representation NOT_VERIFIED per channel,https://physionet.org/files/sleep-edfx/1.0.0/sleep-telemetry/ST7012J0-PSG.edf,TRUE,Header-only; no signal samples read.
Sleep-EDF Expanded v1.0.0,NOT_VERIFIED,ST7012J0-PSG.edf,NOT_VERIFIED,EEG Pz-Oz,EEG,encoded in label; anatomical/reference interpretation requires contract review,100,uV,SC EMG envelope documented; CAP representation NOT_VERIFIED per channel,https://physionet.org/files/sleep-edfx/1.0.0/sleep-telemetry/ST7012J0-PSG.edf,TRUE,Header-only; no signal samples read.
Sleep-EDF Expanded v1.0.0,NOT_VERIFIED,ST7012J0-PSG.edf,NOT_VERIFIED,EOG horizontal,EOG,encoded in label; anatomical/reference interpretation requires contract review,100,uV,SC EMG envelope documented; CAP representation NOT_VERIFIED per channel,https://physionet.org/files/sleep-edfx/1.0.0/sleep-telemetry/ST7012J0-PSG.edf,TRUE,Header-only; no signal samples read.
Sleep-EDF Expanded v1.0.0,NOT_VERIFIED,ST7012J0-PSG.edf,NOT_VERIFIED,EMG submental,EMG,encoded in label; anatomical/reference interpretation requires contract review,100,uV,SC EMG envelope documented; CAP representation NOT_VERIFIED per channel,https://physionet.org/files/sleep-edfx/1.0.0/sleep-telemetry/ST7012J0-PSG.edf,TRUE,Header-only; no signal samples read.
Sleep-EDF Expanded v1.0.0,NOT_VERIFIED,ST7012J0-PSG.edf,NOT_VERIFIED,Marker,OTHER,encoded in label; anatomical/reference interpretation requires contract review,10,ID+M-E,SC EMG envelope documented; CAP representation NOT_VERIFIED per channel,https://physionet.org/files/sleep-edfx/1.0.0/sleep-telemetry/ST7012J0-PSG.edf,TRUE,Header-only; no signal samples read.
Sleep-EDF Expanded v1.0.0,NOT_VERIFIED,ST7021J0-PSG.edf,NOT_VERIFIED,EEG Fpz-Cz,EEG,encoded in label; anatomical/reference interpretation requires contract review,100,uV,SC EMG envelope documented; CAP representation NOT_VERIFIED per channel,https://physionet.org/files/sleep-edfx/1.0.0/sleep-telemetry/ST7021J0-PSG.edf,TRUE,Header-only; no signal samples read.
Sleep-EDF Expanded v1.0.0,NOT_VERIFIED,ST7021J0-PSG.edf,NOT_VERIFIED,EEG Pz-Oz,EEG,encoded in label; anatomical/reference interpretation requires contract review,100,uV,SC EMG envelope documented; CAP representation NOT_VERIFIED per channel,https://physionet.org/files/sleep-edfx/1.0.0/sleep-telemetry/ST7021J0-PSG.edf,TRUE,Header-only; no signal samples read.
Sleep-EDF Expanded v1.0.0,NOT_VERIFIED,ST7021J0-PSG.edf,NOT_VERIFIED,EOG horizontal,EOG,encoded in label; anatomical/reference interpretation requires contract review,100,uV,SC EMG envelope documented; CAP representation NOT_VERIFIED per channel,https://physionet.org/files/sleep-edfx/1.0.0/sleep-telemetry/ST7021J0-PSG.edf,TRUE,Header-only; no signal samples read.
Sleep-EDF Expanded v1.0.0,NOT_VERIFIED,ST7021J0-PSG.edf,NOT_VERIFIED,EMG submental,EMG,encoded in label; anatomical/reference interpretation requires contract review,100,uV,SC EMG envelope documented; CAP representation NOT_VERIFIED per channel,https://physionet.org/files/sleep-edfx/1.0.0/sleep-telemetry/ST7021J0-PSG.edf,TRUE,Header-only; no signal samples read.
Sleep-EDF Expanded v1.0.0,NOT_VERIFIED,ST7021J0-PSG.edf,NOT_VERIFIED,Marker,OTHER,encoded in label; anatomical/reference interpretation requires contract review,10,ID+M-E,SC EMG envelope documented; CAP representation NOT_VERIFIED per channel,https://physionet.org/files/sleep-edfx/1.0.0/sleep-telemetry/ST7021J0-PSG.edf,TRUE,Header-only; no signal samples read.
Sleep-EDF Expanded v1.0.0,NOT_VERIFIED,ST7022J0-PSG.edf,NOT_VERIFIED,EEG Fpz-Cz,EEG,encoded in label; anatomical/reference interpretation requires contract review,100,uV,SC EMG envelope documented; CAP representation NOT_VERIFIED per channel,https://physionet.org/files/sleep-edfx/1.0.0/sleep-telemetry/ST7022J0-PSG.edf,TRUE,Header-only; no signal samples read.
Sleep-EDF Expanded v1.0.0,NOT_VERIFIED,ST7022J0-PSG.edf,NOT_VERIFIED,EEG Pz-Oz,EEG,encoded in label; anatomical/reference interpretation requires contract review,100,uV,SC EMG envelope documented; CAP representation NOT_VERIFIED per channel,https://physionet.org/files/sleep-edfx/1.0.0/sleep-telemetry/ST7022J0-PSG.edf,TRUE,Header-only; no signal samples read.
Sleep-EDF Expanded v1.0.0,NOT_VERIFIED,ST7022J0-PSG.edf,NOT_VERIFIED,EOG horizontal,EOG,encoded in label; anatomical/reference interpretation requires contract review,100,uV,SC EMG envelope documented; CAP representation NOT_VERIFIED per channel,https://physionet.org/files/sleep-edfx/1.0.0/sleep-telemetry/ST7022J0-PSG.edf,TRUE,Header-only; no signal samples read.
Sleep-EDF Expanded v1.0.0,NOT_VERIFIED,ST7022J0-PSG.edf,NOT_VERIFIED,EMG submental,EMG,encoded in label; anatomical/reference interpretation requires contract review,100,uV,SC EMG envelope documented; CAP representation NOT_VERIFIED per channel,https://physionet.org/files/sleep-edfx/1.0.0/sleep-telemetry/ST7022J0-PSG.edf,TRUE,Header-only; no signal samples read.
Sleep-EDF Expanded v1.0.0,NOT_VERIFIED,ST7022J0-PSG.edf,NOT_VERIFIED,Marker,OTHER,encoded in label; anatomical/reference interpretation requires contract review,10,ID+M-E,SC EMG envelope documented; CAP representation NOT_VERIFIED per channel,https://physionet.org/files/sleep-edfx/1.0.0/sleep-telemetry/ST7022J0-PSG.edf,TRUE,Header-only; no signal samples read.
Sleep-EDF Expanded v1.0.0,NOT_VERIFIED,ST7041J0-PSG.edf,NOT_VERIFIED,EEG Fpz-Cz,EEG,encoded in label; anatomical/reference interpretation requires contract review,100,uV,SC EMG envelope documented; CAP representation NOT_VERIFIED per channel,https://physionet.org/files/sleep-edfx/1.0.0/sleep-telemetry/ST7041J0-PSG.edf,TRUE,Header-only; no signal samples read.
Sleep-EDF Expanded v1.0.0,NOT_VERIFIED,ST7041J0-PSG.edf,NOT_VERIFIED,EEG Pz-Oz,EEG,encoded in label; anatomical/reference interpretation requires contract review,100,uV,SC EMG envelope documented; CAP representation NOT_VERIFIED per channel,https://physionet.org/files/sleep-edfx/1.0.0/sleep-telemetry/ST7041J0-PSG.edf,TRUE,Header-only; no signal samples read.
Sleep-EDF Expanded v1.0.0,NOT_VERIFIED,ST7041J0-PSG.edf,NOT_VERIFIED,EOG horizontal,EOG,encoded in label; anatomical/reference interpretation requires contract review,100,uV,SC EMG envelope documented; CAP representation NOT_VERIFIED per channel,https://physionet.org/files/sleep-edfx/1.0.0/sleep-telemetry/ST7041J0-PSG.edf,TRUE,Header-only; no signal samples read.
Sleep-EDF Expanded v1.0.0,NOT_VERIFIED,ST7041J0-PSG.edf,NOT_VERIFIED,EMG submental,EMG,encoded in label; anatomical/reference interpretation requires contract review,100,uV,SC EMG envelope documented; CAP representation NOT_VERIFIED per channel,https://physionet.org/files/sleep-edfx/1.0.0/sleep-telemetry/ST7041J0-PSG.edf,TRUE,Header-only; no signal samples read.
Sleep-EDF Expanded v1.0.0,NOT_VERIFIED,ST7041J0-PSG.edf,NOT_VERIFIED,Marker,OTHER,encoded in label; anatomical/reference interpretation requires contract review,10,ID+M-E,SC EMG envelope documented; CAP representation NOT_VERIFIED per channel,https://physionet.org/files/sleep-edfx/1.0.0/sleep-telemetry/ST7041J0-PSG.edf,TRUE,Header-only; no signal samples read.
Sleep-EDF Expanded v1.0.0,NOT_VERIFIED,ST7042J0-PSG.edf,NOT_VERIFIED,EEG Fpz-Cz,EEG,encoded in label; anatomical/reference interpretation requires contract review,100,uV,SC EMG envelope documented; CAP representation NOT_VERIFIED per channel,https://physionet.org/files/sleep-edfx/1.0.0/sleep-telemetry/ST7042J0-PSG.edf,TRUE,Header-only; no signal samples read.
Sleep-EDF Expanded v1.0.0,NOT_VERIFIED,ST7042J0-PSG.edf,NOT_VERIFIED,EEG Pz-Oz,EEG,encoded in label; anatomical/reference interpretation requires contract review,100,uV,SC EMG envelope documented; CAP representation NOT_VERIFIED per channel,https://physionet.org/files/sleep-edfx/1.0.0/sleep-telemetry/ST7042J0-PSG.edf,TRUE,Header-only; no signal samples read.
Sleep-EDF Expanded v1.0.0,NOT_VERIFIED,ST7042J0-PSG.edf,NOT_VERIFIED,EOG horizontal,EOG,encoded in label; anatomical/reference interpretation requires contract review,100,uV,SC EMG envelope documented; CAP representation NOT_VERIFIED per channel,https://physionet.org/files/sleep-edfx/1.0.0/sleep-telemetry/ST7042J0-PSG.edf,TRUE,Header-only; no signal samples read.
Sleep-EDF Expanded v1.0.0,NOT_VERIFIED,ST7042J0-PSG.edf,NOT_VERIFIED,EMG submental,EMG,encoded in label; anatomical/reference interpretation requires contract review,100,uV,SC EMG envelope documented; CAP representation NOT_VERIFIED per channel,https://physionet.org/files/sleep-edfx/1.0.0/sleep-telemetry/ST7042J0-PSG.edf,TRUE,Header-only; no signal samples read.
Sleep-EDF Expanded v1.0.0,NOT_VERIFIED,ST7042J0-PSG.edf,NOT_VERIFIED,Marker,OTHER,encoded in label; anatomical/reference interpretation requires contract review,10,ID+M-E,SC EMG envelope documented; CAP representation NOT_VERIFIED per channel,https://physionet.org/files/sleep-edfx/1.0.0/sleep-telemetry/ST7042J0-PSG.edf,TRUE,Header-only; no signal samples read.
Sleep-EDF Expanded v1.0.0,NOT_VERIFIED,ST7051J0-PSG.edf,NOT_VERIFIED,EEG Fpz-Cz,EEG,encoded in label; anatomical/reference interpretation requires contract review,100,uV,SC EMG envelope documented; CAP representation NOT_VERIFIED per channel,https://physionet.org/files/sleep-edfx/1.0.0/sleep-telemetry/ST7051J0-PSG.edf,TRUE,Header-only; no signal samples read.
Sleep-EDF Expanded v1.0.0,NOT_VERIFIED,ST7051J0-PSG.edf,NOT_VERIFIED,EEG Pz-Oz,EEG,encoded in label; anatomical/reference interpretation requires contract review,100,uV,SC EMG envelope documented; CAP representation NOT_VERIFIED per channel,https://physionet.org/files/sleep-edfx/1.0.0/sleep-telemetry/ST7051J0-PSG.edf,TRUE,Header-only; no signal samples read.
Sleep-EDF Expanded v1.0.0,NOT_VERIFIED,ST7051J0-PSG.edf,NOT_VERIFIED,EOG horizontal,EOG,encoded in label; anatomical/reference interpretation requires contract review,100,uV,SC EMG envelope documented; CAP representation NOT_VERIFIED per channel,https://physionet.org/files/sleep-edfx/1.0.0/sleep-telemetry/ST7051J0-PSG.edf,TRUE,Header-only; no signal samples read.
Sleep-EDF Expanded v1.0.0,NOT_VERIFIED,ST7051J0-PSG.edf,NOT_VERIFIED,EMG submental,EMG,encoded in label; anatomical/reference interpretation requires contract review,100,uV,SC EMG envelope documented; CAP representation NOT_VERIFIED per channel,https://physionet.org/files/sleep-edfx/1.0.0/sleep-telemetry/ST7051J0-PSG.edf,TRUE,Header-only; no signal samples read.
Sleep-EDF Expanded v1.0.0,NOT_VERIFIED,ST7051J0-PSG.edf,NOT_VERIFIED,Marker,OTHER,encoded in label; anatomical/reference interpretation requires contract review,10,ID+M-E,SC EMG envelope documented; CAP representation NOT_VERIFIED per channel,https://physionet.org/files/sleep-edfx/1.0.0/sleep-telemetry/ST7051J0-PSG.edf,TRUE,Header-only; no signal samples read.
Sleep-EDF Expanded v1.0.0,NOT_VERIFIED,ST7052J0-PSG.edf,NOT_VERIFIED,EEG Fpz-Cz,EEG,encoded in label; anatomical/reference interpretation requires contract review,100,uV,SC EMG envelope documented; CAP representation NOT_VERIFIED per channel,https://physionet.org/files/sleep-edfx/1.0.0/sleep-telemetry/ST7052J0-PSG.edf,TRUE,Header-only; no signal samples read.
Sleep-EDF Expanded v1.0.0,NOT_VERIFIED,ST7052J0-PSG.edf,NOT_VERIFIED,EEG Pz-Oz,EEG,encoded in label; anatomical/reference interpretation requires contract review,100,uV,SC EMG envelope documented; CAP representation NOT_VERIFIED per channel,https://physionet.org/files/sleep-edfx/1.0.0/sleep-telemetry/ST7052J0-PSG.edf,TRUE,Header-only; no signal samples read.
Sleep-EDF Expanded v1.0.0,NOT_VERIFIED,ST7052J0-PSG.edf,NOT_VERIFIED,EOG horizontal,EOG,encoded in label; anatomical/reference interpretation requires contract review,100,uV,SC EMG envelope documented; CAP representation NOT_VERIFIED per channel,https://physionet.org/files/sleep-edfx/1.0.0/sleep-telemetry/ST7052J0-PSG.edf,TRUE,Header-only; no signal samples read.
Sleep-EDF Expanded v1.0.0,NOT_VERIFIED,ST7052J0-PSG.edf,NOT_VERIFIED,EMG submental,EMG,encoded in label; anatomical/reference interpretation requires contract review,100,uV,SC EMG envelope documented; CAP representation NOT_VERIFIED per channel,https://physionet.org/files/sleep-edfx/1.0.0/sleep-telemetry/ST7052J0-PSG.edf,TRUE,Header-only; no signal samples read.
Sleep-EDF Expanded v1.0.0,NOT_VERIFIED,ST7052J0-PSG.edf,NOT_VERIFIED,Marker,OTHER,encoded in label; anatomical/reference interpretation requires contract review,10,ID+M-E,SC EMG envelope documented; CAP representation NOT_VERIFIED per channel,https://physionet.org/files/sleep-edfx/1.0.0/sleep-telemetry/ST7052J0-PSG.edf,TRUE,Header-only; no signal samples read.
Sleep-EDF Expanded v1.0.0,NOT_VERIFIED,ST7061J0-PSG.edf,NOT_VERIFIED,EEG Fpz-Cz,EEG,encoded in label; anatomical/reference interpretation requires contract review,100,uV,SC EMG envelope documented; CAP representation NOT_VERIFIED per channel,https://physionet.org/files/sleep-edfx/1.0.0/sleep-telemetry/ST7061J0-PSG.edf,TRUE,Header-only; no signal samples read.
Sleep-EDF Expanded v1.0.0,NOT_VERIFIED,ST7061J0-PSG.edf,NOT_VERIFIED,EEG Pz-Oz,EEG,encoded in label; anatomical/reference interpretation requires contract review,100,uV,SC EMG envelope documented; CAP representation NOT_VERIFIED per channel,https://physionet.org/files/sleep-edfx/1.0.0/sleep-telemetry/ST7061J0-PSG.edf,TRUE,Header-only; no signal samples read.
Sleep-EDF Expanded v1.0.0,NOT_VERIFIED,ST7061J0-PSG.edf,NOT_VERIFIED,EOG horizontal,EOG,encoded in label; anatomical/reference interpretation requires contract review,100,uV,SC EMG envelope documented; CAP representation NOT_VERIFIED per channel,https://physionet.org/files/sleep-edfx/1.0.0/sleep-telemetry/ST7061J0-PSG.edf,TRUE,Header-only; no signal samples read.
Sleep-EDF Expanded v1.0.0,NOT_VERIFIED,ST7061J0-PSG.edf,NOT_VERIFIED,EMG submental,EMG,encoded in label; anatomical/reference interpretation requires contract review,100,uV,SC EMG envelope documented; CAP representation NOT_VERIFIED per channel,https://physionet.org/files/sleep-edfx/1.0.0/sleep-telemetry/ST7061J0-PSG.edf,TRUE,Header-only; no signal samples read.
Sleep-EDF Expanded v1.0.0,NOT_VERIFIED,ST7061J0-PSG.edf,NOT_VERIFIED,Marker,OTHER,encoded in label; anatomical/reference interpretation requires contract review,10,ID+M-E,SC EMG envelope documented; CAP representation NOT_VERIFIED per channel,https://physionet.org/files/sleep-edfx/1.0.0/sleep-telemetry/ST7061J0-PSG.edf,TRUE,Header-only; no signal samples read.
Sleep-EDF Expanded v1.0.0,NOT_VERIFIED,ST7062J0-PSG.edf,NOT_VERIFIED,EEG Fpz-Cz,EEG,encoded in label; anatomical/reference interpretation requires contract review,100,uV,SC EMG envelope documented; CAP representation NOT_VERIFIED per channel,https://physionet.org/files/sleep-edfx/1.0.0/sleep-telemetry/ST7062J0-PSG.edf,TRUE,Header-only; no signal samples read.
Sleep-EDF Expanded v1.0.0,NOT_VERIFIED,ST7062J0-PSG.edf,NOT_VERIFIED,EEG Pz-Oz,EEG,encoded in label; anatomical/reference interpretation requires contract review,100,uV,SC EMG envelope documented; CAP representation NOT_VERIFIED per channel,https://physionet.org/files/sleep-edfx/1.0.0/sleep-telemetry/ST7062J0-PSG.edf,TRUE,Header-only; no signal samples read.
Sleep-EDF Expanded v1.0.0,NOT_VERIFIED,ST7062J0-PSG.edf,NOT_VERIFIED,EOG horizontal,EOG,encoded in label; anatomical/reference interpretation requires contract review,100,uV,SC EMG envelope documented; CAP representation NOT_VERIFIED per channel,https://physionet.org/files/sleep-edfx/1.0.0/sleep-telemetry/ST7062J0-PSG.edf,TRUE,Header-only; no signal samples read.
Sleep-EDF Expanded v1.0.0,NOT_VERIFIED,ST7062J0-PSG.edf,NOT_VERIFIED,EMG submental,EMG,encoded in label; anatomical/reference interpretation requires contract review,100,uV,SC EMG envelope documented; CAP representation NOT_VERIFIED per channel,https://physionet.org/files/sleep-edfx/1.0.0/sleep-telemetry/ST7062J0-PSG.edf,TRUE,Header-only; no signal samples read.
Sleep-EDF Expanded v1.0.0,NOT_VERIFIED,ST7062J0-PSG.edf,NOT_VERIFIED,Marker,OTHER,encoded in label; anatomical/reference interpretation requires contract review,10,ID+M-E,SC EMG envelope documented; CAP representation NOT_VERIFIED per channel,https://physionet.org/files/sleep-edfx/1.0.0/sleep-telemetry/ST7062J0-PSG.edf,TRUE,Header-only; no signal samples read.
Sleep-EDF Expanded v1.0.0,NOT_VERIFIED,ST7071J0-PSG.edf,NOT_VERIFIED,EEG Fpz-Cz,EEG,encoded in label; anatomical/reference interpretation requires contract review,100,uV,SC EMG envelope documented; CAP representation NOT_VERIFIED per channel,https://physionet.org/files/sleep-edfx/1.0.0/sleep-telemetry/ST7071J0-PSG.edf,TRUE,Header-only; no signal samples read.
Sleep-EDF Expanded v1.0.0,NOT_VERIFIED,ST7071J0-PSG.edf,NOT_VERIFIED,EEG Pz-Oz,EEG,encoded in label; anatomical/reference interpretation requires contract review,100,uV,SC EMG envelope documented; CAP representation NOT_VERIFIED per channel,https://physionet.org/files/sleep-edfx/1.0.0/sleep-telemetry/ST7071J0-PSG.edf,TRUE,Header-only; no signal samples read.
Sleep-EDF Expanded v1.0.0,NOT_VERIFIED,ST7071J0-PSG.edf,NOT_VERIFIED,EOG horizontal,EOG,encoded in label; anatomical/reference interpretation requires contract review,100,uV,SC EMG envelope documented; CAP representation NOT_VERIFIED per channel,https://physionet.org/files/sleep-edfx/1.0.0/sleep-telemetry/ST7071J0-PSG.edf,TRUE,Header-only; no signal samples read.
Sleep-EDF Expanded v1.0.0,NOT_VERIFIED,ST7071J0-PSG.edf,NOT_VERIFIED,EMG submental,EMG,encoded in label; anatomical/reference interpretation requires contract review,100,uV,SC EMG envelope documented; CAP representation NOT_VERIFIED per channel,https://physionet.org/files/sleep-edfx/1.0.0/sleep-telemetry/ST7071J0-PSG.edf,TRUE,Header-only; no signal samples read.
Sleep-EDF Expanded v1.0.0,NOT_VERIFIED,ST7071J0-PSG.edf,NOT_VERIFIED,Marker,OTHER,encoded in label; anatomical/reference interpretation requires contract review,10,ID+M-E,SC EMG envelope documented; CAP representation NOT_VERIFIED per channel,https://physionet.org/files/sleep-edfx/1.0.0/sleep-telemetry/ST7071J0-PSG.edf,TRUE,Header-only; no signal samples read.
Sleep-EDF Expanded v1.0.0,NOT_VERIFIED,ST7072J0-PSG.edf,NOT_VERIFIED,EEG Fpz-Cz,EEG,encoded in label; anatomical/reference interpretation requires contract review,100,uV,SC EMG envelope documented; CAP representation NOT_VERIFIED per channel,https://physionet.org/files/sleep-edfx/1.0.0/sleep-telemetry/ST7072J0-PSG.edf,TRUE,Header-only; no signal samples read.
Sleep-EDF Expanded v1.0.0,NOT_VERIFIED,ST7072J0-PSG.edf,NOT_VERIFIED,EEG Pz-Oz,EEG,encoded in label; anatomical/reference interpretation requires contract review,100,uV,SC EMG envelope documented; CAP representation NOT_VERIFIED per channel,https://physionet.org/files/sleep-edfx/1.0.0/sleep-telemetry/ST7072J0-PSG.edf,TRUE,Header-only; no signal samples read.
Sleep-EDF Expanded v1.0.0,NOT_VERIFIED,ST7072J0-PSG.edf,NOT_VERIFIED,EOG horizontal,EOG,encoded in label; anatomical/reference interpretation requires contract review,100,uV,SC EMG envelope documented; CAP representation NOT_VERIFIED per channel,https://physionet.org/files/sleep-edfx/1.0.0/sleep-telemetry/ST7072J0-PSG.edf,TRUE,Header-only; no signal samples read.
Sleep-EDF Expanded v1.0.0,NOT_VERIFIED,ST7072J0-PSG.edf,NOT_VERIFIED,EMG submental,EMG,encoded in label; anatomical/reference interpretation requires contract review,100,uV,SC EMG envelope documented; CAP representation NOT_VERIFIED per channel,https://physionet.org/files/sleep-edfx/1.0.0/sleep-telemetry/ST7072J0-PSG.edf,TRUE,Header-only; no signal samples read.
Sleep-EDF Expanded v1.0.0,NOT_VERIFIED,ST7072J0-PSG.edf,NOT_VERIFIED,Marker,OTHER,encoded in label; anatomical/reference interpretation requires contract review,10,ID+M-E,SC EMG envelope documented; CAP representation NOT_VERIFIED per channel,https://physionet.org/files/sleep-edfx/1.0.0/sleep-telemetry/ST7072J0-PSG.edf,TRUE,Header-only; no signal samples read.
Sleep-EDF Expanded v1.0.0,NOT_VERIFIED,ST7081J0-PSG.edf,NOT_VERIFIED,EEG Fpz-Cz,EEG,encoded in label; anatomical/reference interpretation requires contract review,100,uV,SC EMG envelope documented; CAP representation NOT_VERIFIED per channel,https://physionet.org/files/sleep-edfx/1.0.0/sleep-telemetry/ST7081J0-PSG.edf,TRUE,Header-only; no signal samples read.
Sleep-EDF Expanded v1.0.0,NOT_VERIFIED,ST7081J0-PSG.edf,NOT_VERIFIED,EEG Pz-Oz,EEG,encoded in label; anatomical/reference interpretation requires contract review,100,uV,SC EMG envelope documented; CAP representation NOT_VERIFIED per channel,https://physionet.org/files/sleep-edfx/1.0.0/sleep-telemetry/ST7081J0-PSG.edf,TRUE,Header-only; no signal samples read.
Sleep-EDF Expanded v1.0.0,NOT_VERIFIED,ST7081J0-PSG.edf,NOT_VERIFIED,EOG horizontal,EOG,encoded in label; anatomical/reference interpretation requires contract review,100,uV,SC EMG envelope documented; CAP representation NOT_VERIFIED per channel,https://physionet.org/files/sleep-edfx/1.0.0/sleep-telemetry/ST7081J0-PSG.edf,TRUE,Header-only; no signal samples read.
Sleep-EDF Expanded v1.0.0,NOT_VERIFIED,ST7081J0-PSG.edf,NOT_VERIFIED,EMG submental,EMG,encoded in label; anatomical/reference interpretation requires contract review,100,uV,SC EMG envelope documented; CAP representation NOT_VERIFIED per channel,https://physionet.org/files/sleep-edfx/1.0.0/sleep-telemetry/ST7081J0-PSG.edf,TRUE,Header-only; no signal samples read.
Sleep-EDF Expanded v1.0.0,NOT_VERIFIED,ST7081J0-PSG.edf,NOT_VERIFIED,Marker,OTHER,encoded in label; anatomical/reference interpretation requires contract review,10,ID+M-E,SC EMG envelope documented; CAP representation NOT_VERIFIED per channel,https://physionet.org/files/sleep-edfx/1.0.0/sleep-telemetry/ST7081J0-PSG.edf,TRUE,Header-only; no signal samples read.
Sleep-EDF Expanded v1.0.0,NOT_VERIFIED,ST7082J0-PSG.edf,NOT_VERIFIED,EEG Fpz-Cz,EEG,encoded in label; anatomical/reference interpretation requires contract review,100,uV,SC EMG envelope documented; CAP representation NOT_VERIFIED per channel,https://physionet.org/files/sleep-edfx/1.0.0/sleep-telemetry/ST7082J0-PSG.edf,TRUE,Header-only; no signal samples read.
Sleep-EDF Expanded v1.0.0,NOT_VERIFIED,ST7082J0-PSG.edf,NOT_VERIFIED,EEG Pz-Oz,EEG,encoded in label; anatomical/reference interpretation requires contract review,100,uV,SC EMG envelope documented; CAP representation NOT_VERIFIED per channel,https://physionet.org/files/sleep-edfx/1.0.0/sleep-telemetry/ST7082J0-PSG.edf,TRUE,Header-only; no signal samples read.
Sleep-EDF Expanded v1.0.0,NOT_VERIFIED,ST7082J0-PSG.edf,NOT_VERIFIED,EOG horizontal,EOG,encoded in label; anatomical/reference interpretation requires contract review,100,uV,SC EMG envelope documented; CAP representation NOT_VERIFIED per channel,https://physionet.org/files/sleep-edfx/1.0.0/sleep-telemetry/ST7082J0-PSG.edf,TRUE,Header-only; no signal samples read.
Sleep-EDF Expanded v1.0.0,NOT_VERIFIED,ST7082J0-PSG.edf,NOT_VERIFIED,EMG submental,EMG,encoded in label; anatomical/reference interpretation requires contract review,100,uV,SC EMG envelope documented; CAP representation NOT_VERIFIED per channel,https://physionet.org/files/sleep-edfx/1.0.0/sleep-telemetry/ST7082J0-PSG.edf,TRUE,Header-only; no signal samples read.
Sleep-EDF Expanded v1.0.0,NOT_VERIFIED,ST7082J0-PSG.edf,NOT_VERIFIED,Marker,OTHER,encoded in label; anatomical/reference interpretation requires contract review,10,ID+M-E,SC EMG envelope documented; CAP representation NOT_VERIFIED per channel,https://physionet.org/files/sleep-edfx/1.0.0/sleep-telemetry/ST7082J0-PSG.edf,TRUE,Header-only; no signal samples read.
Sleep-EDF Expanded v1.0.0,NOT_VERIFIED,ST7091J0-PSG.edf,NOT_VERIFIED,EEG Fpz-Cz,EEG,encoded in label; anatomical/reference interpretation requires contract review,100,uV,SC EMG envelope documented; CAP representation NOT_VERIFIED per channel,https://physionet.org/files/sleep-edfx/1.0.0/sleep-telemetry/ST7091J0-PSG.edf,TRUE,Header-only; no signal samples read.
Sleep-EDF Expanded v1.0.0,NOT_VERIFIED,ST7091J0-PSG.edf,NOT_VERIFIED,EEG Pz-Oz,EEG,encoded in label; anatomical/reference interpretation requires contract review,100,uV,SC EMG envelope documented; CAP representation NOT_VERIFIED per channel,https://physionet.org/files/sleep-edfx/1.0.0/sleep-telemetry/ST7091J0-PSG.edf,TRUE,Header-only; no signal samples read.
Sleep-EDF Expanded v1.0.0,NOT_VERIFIED,ST7091J0-PSG.edf,NOT_VERIFIED,EOG horizontal,EOG,encoded in label; anatomical/reference interpretation requires contract review,100,uV,SC EMG envelope documented; CAP representation NOT_VERIFIED per channel,https://physionet.org/files/sleep-edfx/1.0.0/sleep-telemetry/ST7091J0-PSG.edf,TRUE,Header-only; no signal samples read.
Sleep-EDF Expanded v1.0.0,NOT_VERIFIED,ST7091J0-PSG.edf,NOT_VERIFIED,EMG submental,EMG,encoded in label; anatomical/reference interpretation requires contract review,100,uV,SC EMG envelope documented; CAP representation NOT_VERIFIED per channel,https://physionet.org/files/sleep-edfx/1.0.0/sleep-telemetry/ST7091J0-PSG.edf,TRUE,Header-only; no signal samples read.
Sleep-EDF Expanded v1.0.0,NOT_VERIFIED,ST7091J0-PSG.edf,NOT_VERIFIED,Marker,OTHER,encoded in label; anatomical/reference interpretation requires contract review,10,ID+M-E,SC EMG envelope documented; CAP representation NOT_VERIFIED per channel,https://physionet.org/files/sleep-edfx/1.0.0/sleep-telemetry/ST7091J0-PSG.edf,TRUE,Header-only; no signal samples read.
Sleep-EDF Expanded v1.0.0,NOT_VERIFIED,ST7092J0-PSG.edf,NOT_VERIFIED,EEG Fpz-Cz,EEG,encoded in label; anatomical/reference interpretation requires contract review,100,uV,SC EMG envelope documented; CAP representation NOT_VERIFIED per channel,https://physionet.org/files/sleep-edfx/1.0.0/sleep-telemetry/ST7092J0-PSG.edf,TRUE,Header-only; no signal samples read.
Sleep-EDF Expanded v1.0.0,NOT_VERIFIED,ST7092J0-PSG.edf,NOT_VERIFIED,EEG Pz-Oz,EEG,encoded in label; anatomical/reference interpretation requires contract review,100,uV,SC EMG envelope documented; CAP representation NOT_VERIFIED per channel,https://physionet.org/files/sleep-edfx/1.0.0/sleep-telemetry/ST7092J0-PSG.edf,TRUE,Header-only; no signal samples read.
Sleep-EDF Expanded v1.0.0,NOT_VERIFIED,ST7092J0-PSG.edf,NOT_VERIFIED,EOG horizontal,EOG,encoded in label; anatomical/reference interpretation requires contract review,100,uV,SC EMG envelope documented; CAP representation NOT_VERIFIED per channel,https://physionet.org/files/sleep-edfx/1.0.0/sleep-telemetry/ST7092J0-PSG.edf,TRUE,Header-only; no signal samples read.
Sleep-EDF Expanded v1.0.0,NOT_VERIFIED,ST7092J0-PSG.edf,NOT_VERIFIED,EMG submental,EMG,encoded in label; anatomical/reference interpretation requires contract review,100,uV,SC EMG envelope documented; CAP representation NOT_VERIFIED per channel,https://physionet.org/files/sleep-edfx/1.0.0/sleep-telemetry/ST7092J0-PSG.edf,TRUE,Header-only; no signal samples read.
Sleep-EDF Expanded v1.0.0,NOT_VERIFIED,ST7092J0-PSG.edf,NOT_VERIFIED,Marker,OTHER,encoded in label; anatomical/reference interpretation requires contract review,10,ID+M-E,SC EMG envelope documented; CAP representation NOT_VERIFIED per channel,https://physionet.org/files/sleep-edfx/1.0.0/sleep-telemetry/ST7092J0-PSG.edf,TRUE,Header-only; no signal samples read.
Sleep-EDF Expanded v1.0.0,NOT_VERIFIED,ST7101J0-PSG.edf,NOT_VERIFIED,EEG Fpz-Cz,EEG,encoded in label; anatomical/reference interpretation requires contract review,100,uV,SC EMG envelope documented; CAP representation NOT_VERIFIED per channel,https://physionet.org/files/sleep-edfx/1.0.0/sleep-telemetry/ST7101J0-PSG.edf,TRUE,Header-only; no signal samples read.
Sleep-EDF Expanded v1.0.0,NOT_VERIFIED,ST7101J0-PSG.edf,NOT_VERIFIED,EEG Pz-Oz,EEG,encoded in label; anatomical/reference interpretation requires contract review,100,uV,SC EMG envelope documented; CAP representation NOT_VERIFIED per channel,https://physionet.org/files/sleep-edfx/1.0.0/sleep-telemetry/ST7101J0-PSG.edf,TRUE,Header-only; no signal samples read.
Sleep-EDF Expanded v1.0.0,NOT_VERIFIED,ST7101J0-PSG.edf,NOT_VERIFIED,EOG horizontal,EOG,encoded in label; anatomical/reference interpretation requires contract review,100,uV,SC EMG envelope documented; CAP representation NOT_VERIFIED per channel,https://physionet.org/files/sleep-edfx/1.0.0/sleep-telemetry/ST7101J0-PSG.edf,TRUE,Header-only; no signal samples read.
Sleep-EDF Expanded v1.0.0,NOT_VERIFIED,ST7101J0-PSG.edf,NOT_VERIFIED,EMG submental,EMG,encoded in label; anatomical/reference interpretation requires contract review,100,uV,SC EMG envelope documented; CAP representation NOT_VERIFIED per channel,https://physionet.org/files/sleep-edfx/1.0.0/sleep-telemetry/ST7101J0-PSG.edf,TRUE,Header-only; no signal samples read.
Sleep-EDF Expanded v1.0.0,NOT_VERIFIED,ST7101J0-PSG.edf,NOT_VERIFIED,Marker,OTHER,encoded in label; anatomical/reference interpretation requires contract review,10,ID+M-E,SC EMG envelope documented; CAP representation NOT_VERIFIED per channel,https://physionet.org/files/sleep-edfx/1.0.0/sleep-telemetry/ST7101J0-PSG.edf,TRUE,Header-only; no signal samples read.
Sleep-EDF Expanded v1.0.0,NOT_VERIFIED,ST7102J0-PSG.edf,NOT_VERIFIED,EEG Fpz-Cz,EEG,encoded in label; anatomical/reference interpretation requires contract review,100,uV,SC EMG envelope documented; CAP representation NOT_VERIFIED per channel,https://physionet.org/files/sleep-edfx/1.0.0/sleep-telemetry/ST7102J0-PSG.edf,TRUE,Header-only; no signal samples read.
Sleep-EDF Expanded v1.0.0,NOT_VERIFIED,ST7102J0-PSG.edf,NOT_VERIFIED,EEG Pz-Oz,EEG,encoded in label; anatomical/reference interpretation requires contract review,100,uV,SC EMG envelope documented; CAP representation NOT_VERIFIED per channel,https://physionet.org/files/sleep-edfx/1.0.0/sleep-telemetry/ST7102J0-PSG.edf,TRUE,Header-only; no signal samples read.
Sleep-EDF Expanded v1.0.0,NOT_VERIFIED,ST7102J0-PSG.edf,NOT_VERIFIED,EOG horizontal,EOG,encoded in label; anatomical/reference interpretation requires contract review,100,uV,SC EMG envelope documented; CAP representation NOT_VERIFIED per channel,https://physionet.org/files/sleep-edfx/1.0.0/sleep-telemetry/ST7102J0-PSG.edf,TRUE,Header-only; no signal samples read.
Sleep-EDF Expanded v1.0.0,NOT_VERIFIED,ST7102J0-PSG.edf,NOT_VERIFIED,EMG submental,EMG,encoded in label; anatomical/reference interpretation requires contract review,100,uV,SC EMG envelope documented; CAP representation NOT_VERIFIED per channel,https://physionet.org/files/sleep-edfx/1.0.0/sleep-telemetry/ST7102J0-PSG.edf,TRUE,Header-only; no signal samples read.
Sleep-EDF Expanded v1.0.0,NOT_VERIFIED,ST7102J0-PSG.edf,NOT_VERIFIED,Marker,OTHER,encoded in label; anatomical/reference interpretation requires contract review,10,ID+M-E,SC EMG envelope documented; CAP representation NOT_VERIFIED per channel,https://physionet.org/files/sleep-edfx/1.0.0/sleep-telemetry/ST7102J0-PSG.edf,TRUE,Header-only; no signal samples read.
Sleep-EDF Expanded v1.0.0,NOT_VERIFIED,ST7111J0-PSG.edf,NOT_VERIFIED,EEG Fpz-Cz,EEG,encoded in label; anatomical/reference interpretation requires contract review,100,uV,SC EMG envelope documented; CAP representation NOT_VERIFIED per channel,https://physionet.org/files/sleep-edfx/1.0.0/sleep-telemetry/ST7111J0-PSG.edf,TRUE,Header-only; no signal samples read.
Sleep-EDF Expanded v1.0.0,NOT_VERIFIED,ST7111J0-PSG.edf,NOT_VERIFIED,EEG Pz-Oz,EEG,encoded in label; anatomical/reference interpretation requires contract review,100,uV,SC EMG envelope documented; CAP representation NOT_VERIFIED per channel,https://physionet.org/files/sleep-edfx/1.0.0/sleep-telemetry/ST7111J0-PSG.edf,TRUE,Header-only; no signal samples read.
Sleep-EDF Expanded v1.0.0,NOT_VERIFIED,ST7111J0-PSG.edf,NOT_VERIFIED,EOG horizontal,EOG,encoded in label; anatomical/reference interpretation requires contract review,100,uV,SC EMG envelope documented; CAP representation NOT_VERIFIED per channel,https://physionet.org/files/sleep-edfx/1.0.0/sleep-telemetry/ST7111J0-PSG.edf,TRUE,Header-only; no signal samples read.
Sleep-EDF Expanded v1.0.0,NOT_VERIFIED,ST7111J0-PSG.edf,NOT_VERIFIED,EMG submental,EMG,encoded in label; anatomical/reference interpretation requires contract review,100,uV,SC EMG envelope documented; CAP representation NOT_VERIFIED per channel,https://physionet.org/files/sleep-edfx/1.0.0/sleep-telemetry/ST7111J0-PSG.edf,TRUE,Header-only; no signal samples read.
Sleep-EDF Expanded v1.0.0,NOT_VERIFIED,ST7111J0-PSG.edf,NOT_VERIFIED,Marker,OTHER,encoded in label; anatomical/reference interpretation requires contract review,10,ID+M-E,SC EMG envelope documented; CAP representation NOT_VERIFIED per channel,https://physionet.org/files/sleep-edfx/1.0.0/sleep-telemetry/ST7111J0-PSG.edf,TRUE,Header-only; no signal samples read.
Sleep-EDF Expanded v1.0.0,NOT_VERIFIED,ST7112J0-PSG.edf,NOT_VERIFIED,EEG Fpz-Cz,EEG,encoded in label; anatomical/reference interpretation requires contract review,100,uV,SC EMG envelope documented; CAP representation NOT_VERIFIED per channel,https://physionet.org/files/sleep-edfx/1.0.0/sleep-telemetry/ST7112J0-PSG.edf,TRUE,Header-only; no signal samples read.
Sleep-EDF Expanded v1.0.0,NOT_VERIFIED,ST7112J0-PSG.edf,NOT_VERIFIED,EEG Pz-Oz,EEG,encoded in label; anatomical/reference interpretation requires contract review,100,uV,SC EMG envelope documented; CAP representation NOT_VERIFIED per channel,https://physionet.org/files/sleep-edfx/1.0.0/sleep-telemetry/ST7112J0-PSG.edf,TRUE,Header-only; no signal samples read.
Sleep-EDF Expanded v1.0.0,NOT_VERIFIED,ST7112J0-PSG.edf,NOT_VERIFIED,EOG horizontal,EOG,encoded in label; anatomical/reference interpretation requires contract review,100,uV,SC EMG envelope documented; CAP representation NOT_VERIFIED per channel,https://physionet.org/files/sleep-edfx/1.0.0/sleep-telemetry/ST7112J0-PSG.edf,TRUE,Header-only; no signal samples read.
Sleep-EDF Expanded v1.0.0,NOT_VERIFIED,ST7112J0-PSG.edf,NOT_VERIFIED,EMG submental,EMG,encoded in label; anatomical/reference interpretation requires contract review,100,uV,SC EMG envelope documented; CAP representation NOT_VERIFIED per channel,https://physionet.org/files/sleep-edfx/1.0.0/sleep-telemetry/ST7112J0-PSG.edf,TRUE,Header-only; no signal samples read.
Sleep-EDF Expanded v1.0.0,NOT_VERIFIED,ST7112J0-PSG.edf,NOT_VERIFIED,Marker,OTHER,encoded in label; anatomical/reference interpretation requires contract review,10,ID+M-E,SC EMG envelope documented; CAP representation NOT_VERIFIED per channel,https://physionet.org/files/sleep-edfx/1.0.0/sleep-telemetry/ST7112J0-PSG.edf,TRUE,Header-only; no signal samples read.
Sleep-EDF Expanded v1.0.0,NOT_VERIFIED,ST7121J0-PSG.edf,NOT_VERIFIED,EEG Fpz-Cz,EEG,encoded in label; anatomical/reference interpretation requires contract review,100,uV,SC EMG envelope documented; CAP representation NOT_VERIFIED per channel,https://physionet.org/files/sleep-edfx/1.0.0/sleep-telemetry/ST7121J0-PSG.edf,TRUE,Header-only; no signal samples read.
Sleep-EDF Expanded v1.0.0,NOT_VERIFIED,ST7121J0-PSG.edf,NOT_VERIFIED,EEG Pz-Oz,EEG,encoded in label; anatomical/reference interpretation requires contract review,100,uV,SC EMG envelope documented; CAP representation NOT_VERIFIED per channel,https://physionet.org/files/sleep-edfx/1.0.0/sleep-telemetry/ST7121J0-PSG.edf,TRUE,Header-only; no signal samples read.
Sleep-EDF Expanded v1.0.0,NOT_VERIFIED,ST7121J0-PSG.edf,NOT_VERIFIED,EOG horizontal,EOG,encoded in label; anatomical/reference interpretation requires contract review,100,uV,SC EMG envelope documented; CAP representation NOT_VERIFIED per channel,https://physionet.org/files/sleep-edfx/1.0.0/sleep-telemetry/ST7121J0-PSG.edf,TRUE,Header-only; no signal samples read.
Sleep-EDF Expanded v1.0.0,NOT_VERIFIED,ST7121J0-PSG.edf,NOT_VERIFIED,EMG submental,EMG,encoded in label; anatomical/reference interpretation requires contract review,100,uV,SC EMG envelope documented; CAP representation NOT_VERIFIED per channel,https://physionet.org/files/sleep-edfx/1.0.0/sleep-telemetry/ST7121J0-PSG.edf,TRUE,Header-only; no signal samples read.
Sleep-EDF Expanded v1.0.0,NOT_VERIFIED,ST7121J0-PSG.edf,NOT_VERIFIED,Marker,OTHER,encoded in label; anatomical/reference interpretation requires contract review,10,ID+M-E,SC EMG envelope documented; CAP representation NOT_VERIFIED per channel,https://physionet.org/files/sleep-edfx/1.0.0/sleep-telemetry/ST7121J0-PSG.edf,TRUE,Header-only; no signal samples read.
Sleep-EDF Expanded v1.0.0,NOT_VERIFIED,ST7122J0-PSG.edf,NOT_VERIFIED,EEG Fpz-Cz,EEG,encoded in label; anatomical/reference interpretation requires contract review,100,uV,SC EMG envelope documented; CAP representation NOT_VERIFIED per channel,https://physionet.org/files/sleep-edfx/1.0.0/sleep-telemetry/ST7122J0-PSG.edf,TRUE,Header-only; no signal samples read.
Sleep-EDF Expanded v1.0.0,NOT_VERIFIED,ST7122J0-PSG.edf,NOT_VERIFIED,EEG Pz-Oz,EEG,encoded in label; anatomical/reference interpretation requires contract review,100,uV,SC EMG envelope documented; CAP representation NOT_VERIFIED per channel,https://physionet.org/files/sleep-edfx/1.0.0/sleep-telemetry/ST7122J0-PSG.edf,TRUE,Header-only; no signal samples read.
Sleep-EDF Expanded v1.0.0,NOT_VERIFIED,ST7122J0-PSG.edf,NOT_VERIFIED,EOG horizontal,EOG,encoded in label; anatomical/reference interpretation requires contract review,100,uV,SC EMG envelope documented; CAP representation NOT_VERIFIED per channel,https://physionet.org/files/sleep-edfx/1.0.0/sleep-telemetry/ST7122J0-PSG.edf,TRUE,Header-only; no signal samples read.
Sleep-EDF Expanded v1.0.0,NOT_VERIFIED,ST7122J0-PSG.edf,NOT_VERIFIED,EMG submental,EMG,encoded in label; anatomical/reference interpretation requires contract review,100,uV,SC EMG envelope documented; CAP representation NOT_VERIFIED per channel,https://physionet.org/files/sleep-edfx/1.0.0/sleep-telemetry/ST7122J0-PSG.edf,TRUE,Header-only; no signal samples read.
Sleep-EDF Expanded v1.0.0,NOT_VERIFIED,ST7122J0-PSG.edf,NOT_VERIFIED,Marker,OTHER,encoded in label; anatomical/reference interpretation requires contract review,10,ID+M-E,SC EMG envelope documented; CAP representation NOT_VERIFIED per channel,https://physionet.org/files/sleep-edfx/1.0.0/sleep-telemetry/ST7122J0-PSG.edf,TRUE,Header-only; no signal samples read.
Sleep-EDF Expanded v1.0.0,NOT_VERIFIED,ST7131J0-PSG.edf,NOT_VERIFIED,EEG Fpz-Cz,EEG,encoded in label; anatomical/reference interpretation requires contract review,100,uV,SC EMG envelope documented; CAP representation NOT_VERIFIED per channel,https://physionet.org/files/sleep-edfx/1.0.0/sleep-telemetry/ST7131J0-PSG.edf,TRUE,Header-only; no signal samples read.
Sleep-EDF Expanded v1.0.0,NOT_VERIFIED,ST7131J0-PSG.edf,NOT_VERIFIED,EEG Pz-Oz,EEG,encoded in label; anatomical/reference interpretation requires contract review,100,uV,SC EMG envelope documented; CAP representation NOT_VERIFIED per channel,https://physionet.org/files/sleep-edfx/1.0.0/sleep-telemetry/ST7131J0-PSG.edf,TRUE,Header-only; no signal samples read.
Sleep-EDF Expanded v1.0.0,NOT_VERIFIED,ST7131J0-PSG.edf,NOT_VERIFIED,EOG horizontal,EOG,encoded in label; anatomical/reference interpretation requires contract review,100,uV,SC EMG envelope documented; CAP representation NOT_VERIFIED per channel,https://physionet.org/files/sleep-edfx/1.0.0/sleep-telemetry/ST7131J0-PSG.edf,TRUE,Header-only; no signal samples read.
Sleep-EDF Expanded v1.0.0,NOT_VERIFIED,ST7131J0-PSG.edf,NOT_VERIFIED,EMG submental,EMG,encoded in label; anatomical/reference interpretation requires contract review,100,uV,SC EMG envelope documented; CAP representation NOT_VERIFIED per channel,https://physionet.org/files/sleep-edfx/1.0.0/sleep-telemetry/ST7131J0-PSG.edf,TRUE,Header-only; no signal samples read.
Sleep-EDF Expanded v1.0.0,NOT_VERIFIED,ST7131J0-PSG.edf,NOT_VERIFIED,Marker,OTHER,encoded in label; anatomical/reference interpretation requires contract review,10,ID+M-E,SC EMG envelope documented; CAP representation NOT_VERIFIED per channel,https://physionet.org/files/sleep-edfx/1.0.0/sleep-telemetry/ST7131J0-PSG.edf,TRUE,Header-only; no signal samples read.
Sleep-EDF Expanded v1.0.0,NOT_VERIFIED,ST7132J0-PSG.edf,NOT_VERIFIED,EEG Fpz-Cz,EEG,encoded in label; anatomical/reference interpretation requires contract review,100,uV,SC EMG envelope documented; CAP representation NOT_VERIFIED per channel,https://physionet.org/files/sleep-edfx/1.0.0/sleep-telemetry/ST7132J0-PSG.edf,TRUE,Header-only; no signal samples read.
Sleep-EDF Expanded v1.0.0,NOT_VERIFIED,ST7132J0-PSG.edf,NOT_VERIFIED,EEG Pz-Oz,EEG,encoded in label; anatomical/reference interpretation requires contract review,100,uV,SC EMG envelope documented; CAP representation NOT_VERIFIED per channel,https://physionet.org/files/sleep-edfx/1.0.0/sleep-telemetry/ST7132J0-PSG.edf,TRUE,Header-only; no signal samples read.
Sleep-EDF Expanded v1.0.0,NOT_VERIFIED,ST7132J0-PSG.edf,NOT_VERIFIED,EOG horizontal,EOG,encoded in label; anatomical/reference interpretation requires contract review,100,uV,SC EMG envelope documented; CAP representation NOT_VERIFIED per channel,https://physionet.org/files/sleep-edfx/1.0.0/sleep-telemetry/ST7132J0-PSG.edf,TRUE,Header-only; no signal samples read.
Sleep-EDF Expanded v1.0.0,NOT_VERIFIED,ST7132J0-PSG.edf,NOT_VERIFIED,EMG submental,EMG,encoded in label; anatomical/reference interpretation requires contract review,100,uV,SC EMG envelope documented; CAP representation NOT_VERIFIED per channel,https://physionet.org/files/sleep-edfx/1.0.0/sleep-telemetry/ST7132J0-PSG.edf,TRUE,Header-only; no signal samples read.
Sleep-EDF Expanded v1.0.0,NOT_VERIFIED,ST7132J0-PSG.edf,NOT_VERIFIED,Marker,OTHER,encoded in label; anatomical/reference interpretation requires contract review,10,ID+M-E,SC EMG envelope documented; CAP representation NOT_VERIFIED per channel,https://physionet.org/files/sleep-edfx/1.0.0/sleep-telemetry/ST7132J0-PSG.edf,TRUE,Header-only; no signal samples read.
Sleep-EDF Expanded v1.0.0,NOT_VERIFIED,ST7141J0-PSG.edf,NOT_VERIFIED,EEG Fpz-Cz,EEG,encoded in label; anatomical/reference interpretation requires contract review,100,uV,SC EMG envelope documented; CAP representation NOT_VERIFIED per channel,https://physionet.org/files/sleep-edfx/1.0.0/sleep-telemetry/ST7141J0-PSG.edf,TRUE,Header-only; no signal samples read.
Sleep-EDF Expanded v1.0.0,NOT_VERIFIED,ST7141J0-PSG.edf,NOT_VERIFIED,EEG Pz-Oz,EEG,encoded in label; anatomical/reference interpretation requires contract review,100,uV,SC EMG envelope documented; CAP representation NOT_VERIFIED per channel,https://physionet.org/files/sleep-edfx/1.0.0/sleep-telemetry/ST7141J0-PSG.edf,TRUE,Header-only; no signal samples read.
Sleep-EDF Expanded v1.0.0,NOT_VERIFIED,ST7141J0-PSG.edf,NOT_VERIFIED,EOG horizontal,EOG,encoded in label; anatomical/reference interpretation requires contract review,100,uV,SC EMG envelope documented; CAP representation NOT_VERIFIED per channel,https://physionet.org/files/sleep-edfx/1.0.0/sleep-telemetry/ST7141J0-PSG.edf,TRUE,Header-only; no signal samples read.
Sleep-EDF Expanded v1.0.0,NOT_VERIFIED,ST7141J0-PSG.edf,NOT_VERIFIED,EMG submental,EMG,encoded in label; anatomical/reference interpretation requires contract review,100,uV,SC EMG envelope documented; CAP representation NOT_VERIFIED per channel,https://physionet.org/files/sleep-edfx/1.0.0/sleep-telemetry/ST7141J0-PSG.edf,TRUE,Header-only; no signal samples read.
Sleep-EDF Expanded v1.0.0,NOT_VERIFIED,ST7141J0-PSG.edf,NOT_VERIFIED,Marker,OTHER,encoded in label; anatomical/reference interpretation requires contract review,10,ID+M-E,SC EMG envelope documented; CAP representation NOT_VERIFIED per channel,https://physionet.org/files/sleep-edfx/1.0.0/sleep-telemetry/ST7141J0-PSG.edf,TRUE,Header-only; no signal samples read.
Sleep-EDF Expanded v1.0.0,NOT_VERIFIED,ST7142J0-PSG.edf,NOT_VERIFIED,EEG Fpz-Cz,EEG,encoded in label; anatomical/reference interpretation requires contract review,100,uV,SC EMG envelope documented; CAP representation NOT_VERIFIED per channel,https://physionet.org/files/sleep-edfx/1.0.0/sleep-telemetry/ST7142J0-PSG.edf,TRUE,Header-only; no signal samples read.
Sleep-EDF Expanded v1.0.0,NOT_VERIFIED,ST7142J0-PSG.edf,NOT_VERIFIED,EEG Pz-Oz,EEG,encoded in label; anatomical/reference interpretation requires contract review,100,uV,SC EMG envelope documented; CAP representation NOT_VERIFIED per channel,https://physionet.org/files/sleep-edfx/1.0.0/sleep-telemetry/ST7142J0-PSG.edf,TRUE,Header-only; no signal samples read.
Sleep-EDF Expanded v1.0.0,NOT_VERIFIED,ST7142J0-PSG.edf,NOT_VERIFIED,EOG horizontal,EOG,encoded in label; anatomical/reference interpretation requires contract review,100,uV,SC EMG envelope documented; CAP representation NOT_VERIFIED per channel,https://physionet.org/files/sleep-edfx/1.0.0/sleep-telemetry/ST7142J0-PSG.edf,TRUE,Header-only; no signal samples read.
Sleep-EDF Expanded v1.0.0,NOT_VERIFIED,ST7142J0-PSG.edf,NOT_VERIFIED,EMG submental,EMG,encoded in label; anatomical/reference interpretation requires contract review,100,uV,SC EMG envelope documented; CAP representation NOT_VERIFIED per channel,https://physionet.org/files/sleep-edfx/1.0.0/sleep-telemetry/ST7142J0-PSG.edf,TRUE,Header-only; no signal samples read.
Sleep-EDF Expanded v1.0.0,NOT_VERIFIED,ST7142J0-PSG.edf,NOT_VERIFIED,Marker,OTHER,encoded in label; anatomical/reference interpretation requires contract review,10,ID+M-E,SC EMG envelope documented; CAP representation NOT_VERIFIED per channel,https://physionet.org/files/sleep-edfx/1.0.0/sleep-telemetry/ST7142J0-PSG.edf,TRUE,Header-only; no signal samples read.
Sleep-EDF Expanded v1.0.0,NOT_VERIFIED,ST7151J0-PSG.edf,NOT_VERIFIED,EEG Fpz-Cz,EEG,encoded in label; anatomical/reference interpretation requires contract review,100,uV,SC EMG envelope documented; CAP representation NOT_VERIFIED per channel,https://physionet.org/files/sleep-edfx/1.0.0/sleep-telemetry/ST7151J0-PSG.edf,TRUE,Header-only; no signal samples read.
Sleep-EDF Expanded v1.0.0,NOT_VERIFIED,ST7151J0-PSG.edf,NOT_VERIFIED,EEG Pz-Oz,EEG,encoded in label; anatomical/reference interpretation requires contract review,100,uV,SC EMG envelope documented; CAP representation NOT_VERIFIED per channel,https://physionet.org/files/sleep-edfx/1.0.0/sleep-telemetry/ST7151J0-PSG.edf,TRUE,Header-only; no signal samples read.
Sleep-EDF Expanded v1.0.0,NOT_VERIFIED,ST7151J0-PSG.edf,NOT_VERIFIED,EOG horizontal,EOG,encoded in label; anatomical/reference interpretation requires contract review,100,uV,SC EMG envelope documented; CAP representation NOT_VERIFIED per channel,https://physionet.org/files/sleep-edfx/1.0.0/sleep-telemetry/ST7151J0-PSG.edf,TRUE,Header-only; no signal samples read.
Sleep-EDF Expanded v1.0.0,NOT_VERIFIED,ST7151J0-PSG.edf,NOT_VERIFIED,EMG submental,EMG,encoded in label; anatomical/reference interpretation requires contract review,100,uV,SC EMG envelope documented; CAP representation NOT_VERIFIED per channel,https://physionet.org/files/sleep-edfx/1.0.0/sleep-telemetry/ST7151J0-PSG.edf,TRUE,Header-only; no signal samples read.
Sleep-EDF Expanded v1.0.0,NOT_VERIFIED,ST7151J0-PSG.edf,NOT_VERIFIED,Marker,OTHER,encoded in label; anatomical/reference interpretation requires contract review,10,ID+M-E,SC EMG envelope documented; CAP representation NOT_VERIFIED per channel,https://physionet.org/files/sleep-edfx/1.0.0/sleep-telemetry/ST7151J0-PSG.edf,TRUE,Header-only; no signal samples read.
Sleep-EDF Expanded v1.0.0,NOT_VERIFIED,ST7152J0-PSG.edf,NOT_VERIFIED,EEG Fpz-Cz,EEG,encoded in label; anatomical/reference interpretation requires contract review,100,uV,SC EMG envelope documented; CAP representation NOT_VERIFIED per channel,https://physionet.org/files/sleep-edfx/1.0.0/sleep-telemetry/ST7152J0-PSG.edf,TRUE,Header-only; no signal samples read.
Sleep-EDF Expanded v1.0.0,NOT_VERIFIED,ST7152J0-PSG.edf,NOT_VERIFIED,EEG Pz-Oz,EEG,encoded in label; anatomical/reference interpretation requires contract review,100,uV,SC EMG envelope documented; CAP representation NOT_VERIFIED per channel,https://physionet.org/files/sleep-edfx/1.0.0/sleep-telemetry/ST7152J0-PSG.edf,TRUE,Header-only; no signal samples read.
Sleep-EDF Expanded v1.0.0,NOT_VERIFIED,ST7152J0-PSG.edf,NOT_VERIFIED,EOG horizontal,EOG,encoded in label; anatomical/reference interpretation requires contract review,100,uV,SC EMG envelope documented; CAP representation NOT_VERIFIED per channel,https://physionet.org/files/sleep-edfx/1.0.0/sleep-telemetry/ST7152J0-PSG.edf,TRUE,Header-only; no signal samples read.
Sleep-EDF Expanded v1.0.0,NOT_VERIFIED,ST7152J0-PSG.edf,NOT_VERIFIED,EMG submental,EMG,encoded in label; anatomical/reference interpretation requires contract review,100,uV,SC EMG envelope documented; CAP representation NOT_VERIFIED per channel,https://physionet.org/files/sleep-edfx/1.0.0/sleep-telemetry/ST7152J0-PSG.edf,TRUE,Header-only; no signal samples read.
Sleep-EDF Expanded v1.0.0,NOT_VERIFIED,ST7152J0-PSG.edf,NOT_VERIFIED,Marker,OTHER,encoded in label; anatomical/reference interpretation requires contract review,10,ID+M-E,SC EMG envelope documented; CAP representation NOT_VERIFIED per channel,https://physionet.org/files/sleep-edfx/1.0.0/sleep-telemetry/ST7152J0-PSG.edf,TRUE,Header-only; no signal samples read.
Sleep-EDF Expanded v1.0.0,NOT_VERIFIED,ST7161J0-PSG.edf,NOT_VERIFIED,EEG Fpz-Cz,EEG,encoded in label; anatomical/reference interpretation requires contract review,100,uV,SC EMG envelope documented; CAP representation NOT_VERIFIED per channel,https://physionet.org/files/sleep-edfx/1.0.0/sleep-telemetry/ST7161J0-PSG.edf,TRUE,Header-only; no signal samples read.
Sleep-EDF Expanded v1.0.0,NOT_VERIFIED,ST7161J0-PSG.edf,NOT_VERIFIED,EEG Pz-Oz,EEG,encoded in label; anatomical/reference interpretation requires contract review,100,uV,SC EMG envelope documented; CAP representation NOT_VERIFIED per channel,https://physionet.org/files/sleep-edfx/1.0.0/sleep-telemetry/ST7161J0-PSG.edf,TRUE,Header-only; no signal samples read.
Sleep-EDF Expanded v1.0.0,NOT_VERIFIED,ST7161J0-PSG.edf,NOT_VERIFIED,EOG horizontal,EOG,encoded in label; anatomical/reference interpretation requires contract review,100,uV,SC EMG envelope documented; CAP representation NOT_VERIFIED per channel,https://physionet.org/files/sleep-edfx/1.0.0/sleep-telemetry/ST7161J0-PSG.edf,TRUE,Header-only; no signal samples read.
Sleep-EDF Expanded v1.0.0,NOT_VERIFIED,ST7161J0-PSG.edf,NOT_VERIFIED,EMG submental,EMG,encoded in label; anatomical/reference interpretation requires contract review,100,uV,SC EMG envelope documented; CAP representation NOT_VERIFIED per channel,https://physionet.org/files/sleep-edfx/1.0.0/sleep-telemetry/ST7161J0-PSG.edf,TRUE,Header-only; no signal samples read.
Sleep-EDF Expanded v1.0.0,NOT_VERIFIED,ST7161J0-PSG.edf,NOT_VERIFIED,Marker,OTHER,encoded in label; anatomical/reference interpretation requires contract review,10,ID+M-E,SC EMG envelope documented; CAP representation NOT_VERIFIED per channel,https://physionet.org/files/sleep-edfx/1.0.0/sleep-telemetry/ST7161J0-PSG.edf,TRUE,Header-only; no signal samples read.
Sleep-EDF Expanded v1.0.0,NOT_VERIFIED,ST7162J0-PSG.edf,NOT_VERIFIED,EEG Fpz-Cz,EEG,encoded in label; anatomical/reference interpretation requires contract review,100,uV,SC EMG envelope documented; CAP representation NOT_VERIFIED per channel,https://physionet.org/files/sleep-edfx/1.0.0/sleep-telemetry/ST7162J0-PSG.edf,TRUE,Header-only; no signal samples read.
Sleep-EDF Expanded v1.0.0,NOT_VERIFIED,ST7162J0-PSG.edf,NOT_VERIFIED,EEG Pz-Oz,EEG,encoded in label; anatomical/reference interpretation requires contract review,100,uV,SC EMG envelope documented; CAP representation NOT_VERIFIED per channel,https://physionet.org/files/sleep-edfx/1.0.0/sleep-telemetry/ST7162J0-PSG.edf,TRUE,Header-only; no signal samples read.
Sleep-EDF Expanded v1.0.0,NOT_VERIFIED,ST7162J0-PSG.edf,NOT_VERIFIED,EOG horizontal,EOG,encoded in label; anatomical/reference interpretation requires contract review,100,uV,SC EMG envelope documented; CAP representation NOT_VERIFIED per channel,https://physionet.org/files/sleep-edfx/1.0.0/sleep-telemetry/ST7162J0-PSG.edf,TRUE,Header-only; no signal samples read.
Sleep-EDF Expanded v1.0.0,NOT_VERIFIED,ST7162J0-PSG.edf,NOT_VERIFIED,EMG submental,EMG,encoded in label; anatomical/reference interpretation requires contract review,100,uV,SC EMG envelope documented; CAP representation NOT_VERIFIED per channel,https://physionet.org/files/sleep-edfx/1.0.0/sleep-telemetry/ST7162J0-PSG.edf,TRUE,Header-only; no signal samples read.
Sleep-EDF Expanded v1.0.0,NOT_VERIFIED,ST7162J0-PSG.edf,NOT_VERIFIED,Marker,OTHER,encoded in label; anatomical/reference interpretation requires contract review,10,ID+M-E,SC EMG envelope documented; CAP representation NOT_VERIFIED per channel,https://physionet.org/files/sleep-edfx/1.0.0/sleep-telemetry/ST7162J0-PSG.edf,TRUE,Header-only; no signal samples read.
Sleep-EDF Expanded v1.0.0,NOT_VERIFIED,ST7171J0-PSG.edf,NOT_VERIFIED,EEG Fpz-Cz,EEG,encoded in label; anatomical/reference interpretation requires contract review,100,uV,SC EMG envelope documented; CAP representation NOT_VERIFIED per channel,https://physionet.org/files/sleep-edfx/1.0.0/sleep-telemetry/ST7171J0-PSG.edf,TRUE,Header-only; no signal samples read.
Sleep-EDF Expanded v1.0.0,NOT_VERIFIED,ST7171J0-PSG.edf,NOT_VERIFIED,EEG Pz-Oz,EEG,encoded in label; anatomical/reference interpretation requires contract review,100,uV,SC EMG envelope documented; CAP representation NOT_VERIFIED per channel,https://physionet.org/files/sleep-edfx/1.0.0/sleep-telemetry/ST7171J0-PSG.edf,TRUE,Header-only; no signal samples read.
Sleep-EDF Expanded v1.0.0,NOT_VERIFIED,ST7171J0-PSG.edf,NOT_VERIFIED,EOG horizontal,EOG,encoded in label; anatomical/reference interpretation requires contract review,100,uV,SC EMG envelope documented; CAP representation NOT_VERIFIED per channel,https://physionet.org/files/sleep-edfx/1.0.0/sleep-telemetry/ST7171J0-PSG.edf,TRUE,Header-only; no signal samples read.
Sleep-EDF Expanded v1.0.0,NOT_VERIFIED,ST7171J0-PSG.edf,NOT_VERIFIED,EMG submental,EMG,encoded in label; anatomical/reference interpretation requires contract review,100,uV,SC EMG envelope documented; CAP representation NOT_VERIFIED per channel,https://physionet.org/files/sleep-edfx/1.0.0/sleep-telemetry/ST7171J0-PSG.edf,TRUE,Header-only; no signal samples read.
Sleep-EDF Expanded v1.0.0,NOT_VERIFIED,ST7171J0-PSG.edf,NOT_VERIFIED,Marker,OTHER,encoded in label; anatomical/reference interpretation requires contract review,10,ID+M-E,SC EMG envelope documented; CAP representation NOT_VERIFIED per channel,https://physionet.org/files/sleep-edfx/1.0.0/sleep-telemetry/ST7171J0-PSG.edf,TRUE,Header-only; no signal samples read.
Sleep-EDF Expanded v1.0.0,NOT_VERIFIED,ST7172J0-PSG.edf,NOT_VERIFIED,EEG Fpz-Cz,EEG,encoded in label; anatomical/reference interpretation requires contract review,100,uV,SC EMG envelope documented; CAP representation NOT_VERIFIED per channel,https://physionet.org/files/sleep-edfx/1.0.0/sleep-telemetry/ST7172J0-PSG.edf,TRUE,Header-only; no signal samples read.
Sleep-EDF Expanded v1.0.0,NOT_VERIFIED,ST7172J0-PSG.edf,NOT_VERIFIED,EEG Pz-Oz,EEG,encoded in label; anatomical/reference interpretation requires contract review,100,uV,SC EMG envelope documented; CAP representation NOT_VERIFIED per channel,https://physionet.org/files/sleep-edfx/1.0.0/sleep-telemetry/ST7172J0-PSG.edf,TRUE,Header-only; no signal samples read.
Sleep-EDF Expanded v1.0.0,NOT_VERIFIED,ST7172J0-PSG.edf,NOT_VERIFIED,EOG horizontal,EOG,encoded in label; anatomical/reference interpretation requires contract review,100,uV,SC EMG envelope documented; CAP representation NOT_VERIFIED per channel,https://physionet.org/files/sleep-edfx/1.0.0/sleep-telemetry/ST7172J0-PSG.edf,TRUE,Header-only; no signal samples read.
Sleep-EDF Expanded v1.0.0,NOT_VERIFIED,ST7172J0-PSG.edf,NOT_VERIFIED,EMG submental,EMG,encoded in label; anatomical/reference interpretation requires contract review,100,uV,SC EMG envelope documented; CAP representation NOT_VERIFIED per channel,https://physionet.org/files/sleep-edfx/1.0.0/sleep-telemetry/ST7172J0-PSG.edf,TRUE,Header-only; no signal samples read.
Sleep-EDF Expanded v1.0.0,NOT_VERIFIED,ST7172J0-PSG.edf,NOT_VERIFIED,Marker,OTHER,encoded in label; anatomical/reference interpretation requires contract review,10,ID+M-E,SC EMG envelope documented; CAP representation NOT_VERIFIED per channel,https://physionet.org/files/sleep-edfx/1.0.0/sleep-telemetry/ST7172J0-PSG.edf,TRUE,Header-only; no signal samples read.
Sleep-EDF Expanded v1.0.0,NOT_VERIFIED,ST7181J0-PSG.edf,NOT_VERIFIED,EEG Fpz-Cz,EEG,encoded in label; anatomical/reference interpretation requires contract review,100,uV,SC EMG envelope documented; CAP representation NOT_VERIFIED per channel,https://physionet.org/files/sleep-edfx/1.0.0/sleep-telemetry/ST7181J0-PSG.edf,TRUE,Header-only; no signal samples read.
Sleep-EDF Expanded v1.0.0,NOT_VERIFIED,ST7181J0-PSG.edf,NOT_VERIFIED,EEG Pz-Oz,EEG,encoded in label; anatomical/reference interpretation requires contract review,100,uV,SC EMG envelope documented; CAP representation NOT_VERIFIED per channel,https://physionet.org/files/sleep-edfx/1.0.0/sleep-telemetry/ST7181J0-PSG.edf,TRUE,Header-only; no signal samples read.
Sleep-EDF Expanded v1.0.0,NOT_VERIFIED,ST7181J0-PSG.edf,NOT_VERIFIED,EOG horizontal,EOG,encoded in label; anatomical/reference interpretation requires contract review,100,uV,SC EMG envelope documented; CAP representation NOT_VERIFIED per channel,https://physionet.org/files/sleep-edfx/1.0.0/sleep-telemetry/ST7181J0-PSG.edf,TRUE,Header-only; no signal samples read.
Sleep-EDF Expanded v1.0.0,NOT_VERIFIED,ST7181J0-PSG.edf,NOT_VERIFIED,EMG submental,EMG,encoded in label; anatomical/reference interpretation requires contract review,100,uV,SC EMG envelope documented; CAP representation NOT_VERIFIED per channel,https://physionet.org/files/sleep-edfx/1.0.0/sleep-telemetry/ST7181J0-PSG.edf,TRUE,Header-only; no signal samples read.
Sleep-EDF Expanded v1.0.0,NOT_VERIFIED,ST7181J0-PSG.edf,NOT_VERIFIED,Marker,OTHER,encoded in label; anatomical/reference interpretation requires contract review,10,ID+M-E,SC EMG envelope documented; CAP representation NOT_VERIFIED per channel,https://physionet.org/files/sleep-edfx/1.0.0/sleep-telemetry/ST7181J0-PSG.edf,TRUE,Header-only; no signal samples read.
Sleep-EDF Expanded v1.0.0,NOT_VERIFIED,ST7182J0-PSG.edf,NOT_VERIFIED,EEG Fpz-Cz,EEG,encoded in label; anatomical/reference interpretation requires contract review,100,uV,SC EMG envelope documented; CAP representation NOT_VERIFIED per channel,https://physionet.org/files/sleep-edfx/1.0.0/sleep-telemetry/ST7182J0-PSG.edf,TRUE,Header-only; no signal samples read.
Sleep-EDF Expanded v1.0.0,NOT_VERIFIED,ST7182J0-PSG.edf,NOT_VERIFIED,EEG Pz-Oz,EEG,encoded in label; anatomical/reference interpretation requires contract review,100,uV,SC EMG envelope documented; CAP representation NOT_VERIFIED per channel,https://physionet.org/files/sleep-edfx/1.0.0/sleep-telemetry/ST7182J0-PSG.edf,TRUE,Header-only; no signal samples read.
Sleep-EDF Expanded v1.0.0,NOT_VERIFIED,ST7182J0-PSG.edf,NOT_VERIFIED,EOG horizontal,EOG,encoded in label; anatomical/reference interpretation requires contract review,100,uV,SC EMG envelope documented; CAP representation NOT_VERIFIED per channel,https://physionet.org/files/sleep-edfx/1.0.0/sleep-telemetry/ST7182J0-PSG.edf,TRUE,Header-only; no signal samples read.
Sleep-EDF Expanded v1.0.0,NOT_VERIFIED,ST7182J0-PSG.edf,NOT_VERIFIED,EMG submental,EMG,encoded in label; anatomical/reference interpretation requires contract review,100,uV,SC EMG envelope documented; CAP representation NOT_VERIFIED per channel,https://physionet.org/files/sleep-edfx/1.0.0/sleep-telemetry/ST7182J0-PSG.edf,TRUE,Header-only; no signal samples read.
Sleep-EDF Expanded v1.0.0,NOT_VERIFIED,ST7182J0-PSG.edf,NOT_VERIFIED,Marker,OTHER,encoded in label; anatomical/reference interpretation requires contract review,10,ID+M-E,SC EMG envelope documented; CAP representation NOT_VERIFIED per channel,https://physionet.org/files/sleep-edfx/1.0.0/sleep-telemetry/ST7182J0-PSG.edf,TRUE,Header-only; no signal samples read.
Sleep-EDF Expanded v1.0.0,NOT_VERIFIED,ST7191J0-PSG.edf,NOT_VERIFIED,EEG Fpz-Cz,EEG,encoded in label; anatomical/reference interpretation requires contract review,100,uV,SC EMG envelope documented; CAP representation NOT_VERIFIED per channel,https://physionet.org/files/sleep-edfx/1.0.0/sleep-telemetry/ST7191J0-PSG.edf,TRUE,Header-only; no signal samples read.
Sleep-EDF Expanded v1.0.0,NOT_VERIFIED,ST7191J0-PSG.edf,NOT_VERIFIED,EEG Pz-Oz,EEG,encoded in label; anatomical/reference interpretation requires contract review,100,uV,SC EMG envelope documented; CAP representation NOT_VERIFIED per channel,https://physionet.org/files/sleep-edfx/1.0.0/sleep-telemetry/ST7191J0-PSG.edf,TRUE,Header-only; no signal samples read.
Sleep-EDF Expanded v1.0.0,NOT_VERIFIED,ST7191J0-PSG.edf,NOT_VERIFIED,EOG horizontal,EOG,encoded in label; anatomical/reference interpretation requires contract review,100,uV,SC EMG envelope documented; CAP representation NOT_VERIFIED per channel,https://physionet.org/files/sleep-edfx/1.0.0/sleep-telemetry/ST7191J0-PSG.edf,TRUE,Header-only; no signal samples read.
Sleep-EDF Expanded v1.0.0,NOT_VERIFIED,ST7191J0-PSG.edf,NOT_VERIFIED,EMG submental,EMG,encoded in label; anatomical/reference interpretation requires contract review,100,uV,SC EMG envelope documented; CAP representation NOT_VERIFIED per channel,https://physionet.org/files/sleep-edfx/1.0.0/sleep-telemetry/ST7191J0-PSG.edf,TRUE,Header-only; no signal samples read.
Sleep-EDF Expanded v1.0.0,NOT_VERIFIED,ST7191J0-PSG.edf,NOT_VERIFIED,Marker,OTHER,encoded in label; anatomical/reference interpretation requires contract review,10,ID+M-E,SC EMG envelope documented; CAP representation NOT_VERIFIED per channel,https://physionet.org/files/sleep-edfx/1.0.0/sleep-telemetry/ST7191J0-PSG.edf,TRUE,Header-only; no signal samples read.
Sleep-EDF Expanded v1.0.0,NOT_VERIFIED,ST7192J0-PSG.edf,NOT_VERIFIED,EEG Fpz-Cz,EEG,encoded in label; anatomical/reference interpretation requires contract review,100,uV,SC EMG envelope documented; CAP representation NOT_VERIFIED per channel,https://physionet.org/files/sleep-edfx/1.0.0/sleep-telemetry/ST7192J0-PSG.edf,TRUE,Header-only; no signal samples read.
Sleep-EDF Expanded v1.0.0,NOT_VERIFIED,ST7192J0-PSG.edf,NOT_VERIFIED,EEG Pz-Oz,EEG,encoded in label; anatomical/reference interpretation requires contract review,100,uV,SC EMG envelope documented; CAP representation NOT_VERIFIED per channel,https://physionet.org/files/sleep-edfx/1.0.0/sleep-telemetry/ST7192J0-PSG.edf,TRUE,Header-only; no signal samples read.
Sleep-EDF Expanded v1.0.0,NOT_VERIFIED,ST7192J0-PSG.edf,NOT_VERIFIED,EOG horizontal,EOG,encoded in label; anatomical/reference interpretation requires contract review,100,uV,SC EMG envelope documented; CAP representation NOT_VERIFIED per channel,https://physionet.org/files/sleep-edfx/1.0.0/sleep-telemetry/ST7192J0-PSG.edf,TRUE,Header-only; no signal samples read.
Sleep-EDF Expanded v1.0.0,NOT_VERIFIED,ST7192J0-PSG.edf,NOT_VERIFIED,EMG submental,EMG,encoded in label; anatomical/reference interpretation requires contract review,100,uV,SC EMG envelope documented; CAP representation NOT_VERIFIED per channel,https://physionet.org/files/sleep-edfx/1.0.0/sleep-telemetry/ST7192J0-PSG.edf,TRUE,Header-only; no signal samples read.
Sleep-EDF Expanded v1.0.0,NOT_VERIFIED,ST7192J0-PSG.edf,NOT_VERIFIED,Marker,OTHER,encoded in label; anatomical/reference interpretation requires contract review,10,ID+M-E,SC EMG envelope documented; CAP representation NOT_VERIFIED per channel,https://physionet.org/files/sleep-edfx/1.0.0/sleep-telemetry/ST7192J0-PSG.edf,TRUE,Header-only; no signal samples read.
Sleep-EDF Expanded v1.0.0,NOT_VERIFIED,ST7201J0-PSG.edf,NOT_VERIFIED,EEG Fpz-Cz,EEG,encoded in label; anatomical/reference interpretation requires contract review,100,uV,SC EMG envelope documented; CAP representation NOT_VERIFIED per channel,https://physionet.org/files/sleep-edfx/1.0.0/sleep-telemetry/ST7201J0-PSG.edf,TRUE,Header-only; no signal samples read.
Sleep-EDF Expanded v1.0.0,NOT_VERIFIED,ST7201J0-PSG.edf,NOT_VERIFIED,EEG Pz-Oz,EEG,encoded in label; anatomical/reference interpretation requires contract review,100,uV,SC EMG envelope documented; CAP representation NOT_VERIFIED per channel,https://physionet.org/files/sleep-edfx/1.0.0/sleep-telemetry/ST7201J0-PSG.edf,TRUE,Header-only; no signal samples read.
Sleep-EDF Expanded v1.0.0,NOT_VERIFIED,ST7201J0-PSG.edf,NOT_VERIFIED,EOG horizontal,EOG,encoded in label; anatomical/reference interpretation requires contract review,100,uV,SC EMG envelope documented; CAP representation NOT_VERIFIED per channel,https://physionet.org/files/sleep-edfx/1.0.0/sleep-telemetry/ST7201J0-PSG.edf,TRUE,Header-only; no signal samples read.
Sleep-EDF Expanded v1.0.0,NOT_VERIFIED,ST7201J0-PSG.edf,NOT_VERIFIED,EMG submental,EMG,encoded in label; anatomical/reference interpretation requires contract review,100,uV,SC EMG envelope documented; CAP representation NOT_VERIFIED per channel,https://physionet.org/files/sleep-edfx/1.0.0/sleep-telemetry/ST7201J0-PSG.edf,TRUE,Header-only; no signal samples read.
Sleep-EDF Expanded v1.0.0,NOT_VERIFIED,ST7201J0-PSG.edf,NOT_VERIFIED,Marker,OTHER,encoded in label; anatomical/reference interpretation requires contract review,10,ID+M-E,SC EMG envelope documented; CAP representation NOT_VERIFIED per channel,https://physionet.org/files/sleep-edfx/1.0.0/sleep-telemetry/ST7201J0-PSG.edf,TRUE,Header-only; no signal samples read.
Sleep-EDF Expanded v1.0.0,NOT_VERIFIED,ST7202J0-PSG.edf,NOT_VERIFIED,EEG Fpz-Cz,EEG,encoded in label; anatomical/reference interpretation requires contract review,100,uV,SC EMG envelope documented; CAP representation NOT_VERIFIED per channel,https://physionet.org/files/sleep-edfx/1.0.0/sleep-telemetry/ST7202J0-PSG.edf,TRUE,Header-only; no signal samples read.
Sleep-EDF Expanded v1.0.0,NOT_VERIFIED,ST7202J0-PSG.edf,NOT_VERIFIED,EEG Pz-Oz,EEG,encoded in label; anatomical/reference interpretation requires contract review,100,uV,SC EMG envelope documented; CAP representation NOT_VERIFIED per channel,https://physionet.org/files/sleep-edfx/1.0.0/sleep-telemetry/ST7202J0-PSG.edf,TRUE,Header-only; no signal samples read.
Sleep-EDF Expanded v1.0.0,NOT_VERIFIED,ST7202J0-PSG.edf,NOT_VERIFIED,EOG horizontal,EOG,encoded in label; anatomical/reference interpretation requires contract review,100,uV,SC EMG envelope documented; CAP representation NOT_VERIFIED per channel,https://physionet.org/files/sleep-edfx/1.0.0/sleep-telemetry/ST7202J0-PSG.edf,TRUE,Header-only; no signal samples read.
Sleep-EDF Expanded v1.0.0,NOT_VERIFIED,ST7202J0-PSG.edf,NOT_VERIFIED,EMG submental,EMG,encoded in label; anatomical/reference interpretation requires contract review,100,uV,SC EMG envelope documented; CAP representation NOT_VERIFIED per channel,https://physionet.org/files/sleep-edfx/1.0.0/sleep-telemetry/ST7202J0-PSG.edf,TRUE,Header-only; no signal samples read.
Sleep-EDF Expanded v1.0.0,NOT_VERIFIED,ST7202J0-PSG.edf,NOT_VERIFIED,Marker,OTHER,encoded in label; anatomical/reference interpretation requires contract review,10,ID+M-E,SC EMG envelope documented; CAP representation NOT_VERIFIED per channel,https://physionet.org/files/sleep-edfx/1.0.0/sleep-telemetry/ST7202J0-PSG.edf,TRUE,Header-only; no signal samples read.
Sleep-EDF Expanded v1.0.0,NOT_VERIFIED,ST7211J0-PSG.edf,NOT_VERIFIED,EEG Fpz-Cz,EEG,encoded in label; anatomical/reference interpretation requires contract review,100,uV,SC EMG envelope documented; CAP representation NOT_VERIFIED per channel,https://physionet.org/files/sleep-edfx/1.0.0/sleep-telemetry/ST7211J0-PSG.edf,TRUE,Header-only; no signal samples read.
Sleep-EDF Expanded v1.0.0,NOT_VERIFIED,ST7211J0-PSG.edf,NOT_VERIFIED,EEG Pz-Oz,EEG,encoded in label; anatomical/reference interpretation requires contract review,100,uV,SC EMG envelope documented; CAP representation NOT_VERIFIED per channel,https://physionet.org/files/sleep-edfx/1.0.0/sleep-telemetry/ST7211J0-PSG.edf,TRUE,Header-only; no signal samples read.
Sleep-EDF Expanded v1.0.0,NOT_VERIFIED,ST7211J0-PSG.edf,NOT_VERIFIED,EOG horizontal,EOG,encoded in label; anatomical/reference interpretation requires contract review,100,uV,SC EMG envelope documented; CAP representation NOT_VERIFIED per channel,https://physionet.org/files/sleep-edfx/1.0.0/sleep-telemetry/ST7211J0-PSG.edf,TRUE,Header-only; no signal samples read.
Sleep-EDF Expanded v1.0.0,NOT_VERIFIED,ST7211J0-PSG.edf,NOT_VERIFIED,EMG submental,EMG,encoded in label; anatomical/reference interpretation requires contract review,100,uV,SC EMG envelope documented; CAP representation NOT_VERIFIED per channel,https://physionet.org/files/sleep-edfx/1.0.0/sleep-telemetry/ST7211J0-PSG.edf,TRUE,Header-only; no signal samples read.
Sleep-EDF Expanded v1.0.0,NOT_VERIFIED,ST7211J0-PSG.edf,NOT_VERIFIED,Marker,OTHER,encoded in label; anatomical/reference interpretation requires contract review,10,ID+M-E,SC EMG envelope documented; CAP representation NOT_VERIFIED per channel,https://physionet.org/files/sleep-edfx/1.0.0/sleep-telemetry/ST7211J0-PSG.edf,TRUE,Header-only; no signal samples read.
Sleep-EDF Expanded v1.0.0,NOT_VERIFIED,ST7212J0-PSG.edf,NOT_VERIFIED,EEG Fpz-Cz,EEG,encoded in label; anatomical/reference interpretation requires contract review,100,uV,SC EMG envelope documented; CAP representation NOT_VERIFIED per channel,https://physionet.org/files/sleep-edfx/1.0.0/sleep-telemetry/ST7212J0-PSG.edf,TRUE,Header-only; no signal samples read.
Sleep-EDF Expanded v1.0.0,NOT_VERIFIED,ST7212J0-PSG.edf,NOT_VERIFIED,EEG Pz-Oz,EEG,encoded in label; anatomical/reference interpretation requires contract review,100,uV,SC EMG envelope documented; CAP representation NOT_VERIFIED per channel,https://physionet.org/files/sleep-edfx/1.0.0/sleep-telemetry/ST7212J0-PSG.edf,TRUE,Header-only; no signal samples read.
Sleep-EDF Expanded v1.0.0,NOT_VERIFIED,ST7212J0-PSG.edf,NOT_VERIFIED,EOG horizontal,EOG,encoded in label; anatomical/reference interpretation requires contract review,100,uV,SC EMG envelope documented; CAP representation NOT_VERIFIED per channel,https://physionet.org/files/sleep-edfx/1.0.0/sleep-telemetry/ST7212J0-PSG.edf,TRUE,Header-only; no signal samples read.
Sleep-EDF Expanded v1.0.0,NOT_VERIFIED,ST7212J0-PSG.edf,NOT_VERIFIED,EMG submental,EMG,encoded in label; anatomical/reference interpretation requires contract review,100,uV,SC EMG envelope documented; CAP representation NOT_VERIFIED per channel,https://physionet.org/files/sleep-edfx/1.0.0/sleep-telemetry/ST7212J0-PSG.edf,TRUE,Header-only; no signal samples read.
Sleep-EDF Expanded v1.0.0,NOT_VERIFIED,ST7212J0-PSG.edf,NOT_VERIFIED,Marker,OTHER,encoded in label; anatomical/reference interpretation requires contract review,10,ID+M-E,SC EMG envelope documented; CAP representation NOT_VERIFIED per channel,https://physionet.org/files/sleep-edfx/1.0.0/sleep-telemetry/ST7212J0-PSG.edf,TRUE,Header-only; no signal samples read.
Sleep-EDF Expanded v1.0.0,NOT_VERIFIED,ST7221J0-PSG.edf,NOT_VERIFIED,EEG Fpz-Cz,EEG,encoded in label; anatomical/reference interpretation requires contract review,100,uV,SC EMG envelope documented; CAP representation NOT_VERIFIED per channel,https://physionet.org/files/sleep-edfx/1.0.0/sleep-telemetry/ST7221J0-PSG.edf,TRUE,Header-only; no signal samples read.
Sleep-EDF Expanded v1.0.0,NOT_VERIFIED,ST7221J0-PSG.edf,NOT_VERIFIED,EEG Pz-Oz,EEG,encoded in label; anatomical/reference interpretation requires contract review,100,uV,SC EMG envelope documented; CAP representation NOT_VERIFIED per channel,https://physionet.org/files/sleep-edfx/1.0.0/sleep-telemetry/ST7221J0-PSG.edf,TRUE,Header-only; no signal samples read.
Sleep-EDF Expanded v1.0.0,NOT_VERIFIED,ST7221J0-PSG.edf,NOT_VERIFIED,EOG horizontal,EOG,encoded in label; anatomical/reference interpretation requires contract review,100,uV,SC EMG envelope documented; CAP representation NOT_VERIFIED per channel,https://physionet.org/files/sleep-edfx/1.0.0/sleep-telemetry/ST7221J0-PSG.edf,TRUE,Header-only; no signal samples read.
Sleep-EDF Expanded v1.0.0,NOT_VERIFIED,ST7221J0-PSG.edf,NOT_VERIFIED,EMG submental,EMG,encoded in label; anatomical/reference interpretation requires contract review,100,uV,SC EMG envelope documented; CAP representation NOT_VERIFIED per channel,https://physionet.org/files/sleep-edfx/1.0.0/sleep-telemetry/ST7221J0-PSG.edf,TRUE,Header-only; no signal samples read.
Sleep-EDF Expanded v1.0.0,NOT_VERIFIED,ST7221J0-PSG.edf,NOT_VERIFIED,Marker,OTHER,encoded in label; anatomical/reference interpretation requires contract review,10,ID+M-E,SC EMG envelope documented; CAP representation NOT_VERIFIED per channel,https://physionet.org/files/sleep-edfx/1.0.0/sleep-telemetry/ST7221J0-PSG.edf,TRUE,Header-only; no signal samples read.
Sleep-EDF Expanded v1.0.0,NOT_VERIFIED,ST7222J0-PSG.edf,NOT_VERIFIED,EEG Fpz-Cz,EEG,encoded in label; anatomical/reference interpretation requires contract review,100,uV,SC EMG envelope documented; CAP representation NOT_VERIFIED per channel,https://physionet.org/files/sleep-edfx/1.0.0/sleep-telemetry/ST7222J0-PSG.edf,TRUE,Header-only; no signal samples read.
Sleep-EDF Expanded v1.0.0,NOT_VERIFIED,ST7222J0-PSG.edf,NOT_VERIFIED,EEG Pz-Oz,EEG,encoded in label; anatomical/reference interpretation requires contract review,100,uV,SC EMG envelope documented; CAP representation NOT_VERIFIED per channel,https://physionet.org/files/sleep-edfx/1.0.0/sleep-telemetry/ST7222J0-PSG.edf,TRUE,Header-only; no signal samples read.
Sleep-EDF Expanded v1.0.0,NOT_VERIFIED,ST7222J0-PSG.edf,NOT_VERIFIED,EOG horizontal,EOG,encoded in label; anatomical/reference interpretation requires contract review,100,uV,SC EMG envelope documented; CAP representation NOT_VERIFIED per channel,https://physionet.org/files/sleep-edfx/1.0.0/sleep-telemetry/ST7222J0-PSG.edf,TRUE,Header-only; no signal samples read.
Sleep-EDF Expanded v1.0.0,NOT_VERIFIED,ST7222J0-PSG.edf,NOT_VERIFIED,EMG submental,EMG,encoded in label; anatomical/reference interpretation requires contract review,100,uV,SC EMG envelope documented; CAP representation NOT_VERIFIED per channel,https://physionet.org/files/sleep-edfx/1.0.0/sleep-telemetry/ST7222J0-PSG.edf,TRUE,Header-only; no signal samples read.
Sleep-EDF Expanded v1.0.0,NOT_VERIFIED,ST7222J0-PSG.edf,NOT_VERIFIED,Marker,OTHER,encoded in label; anatomical/reference interpretation requires contract review,10,ID+M-E,SC EMG envelope documented; CAP representation NOT_VERIFIED per channel,https://physionet.org/files/sleep-edfx/1.0.0/sleep-telemetry/ST7222J0-PSG.edf,TRUE,Header-only; no signal samples read.
Sleep-EDF Expanded v1.0.0,NOT_VERIFIED,ST7241J0-PSG.edf,NOT_VERIFIED,EEG Fpz-Cz,EEG,encoded in label; anatomical/reference interpretation requires contract review,100,uV,SC EMG envelope documented; CAP representation NOT_VERIFIED per channel,https://physionet.org/files/sleep-edfx/1.0.0/sleep-telemetry/ST7241J0-PSG.edf,TRUE,Header-only; no signal samples read.
Sleep-EDF Expanded v1.0.0,NOT_VERIFIED,ST7241J0-PSG.edf,NOT_VERIFIED,EEG Pz-Oz,EEG,encoded in label; anatomical/reference interpretation requires contract review,100,uV,SC EMG envelope documented; CAP representation NOT_VERIFIED per channel,https://physionet.org/files/sleep-edfx/1.0.0/sleep-telemetry/ST7241J0-PSG.edf,TRUE,Header-only; no signal samples read.
Sleep-EDF Expanded v1.0.0,NOT_VERIFIED,ST7241J0-PSG.edf,NOT_VERIFIED,EOG horizontal,EOG,encoded in label; anatomical/reference interpretation requires contract review,100,uV,SC EMG envelope documented; CAP representation NOT_VERIFIED per channel,https://physionet.org/files/sleep-edfx/1.0.0/sleep-telemetry/ST7241J0-PSG.edf,TRUE,Header-only; no signal samples read.
Sleep-EDF Expanded v1.0.0,NOT_VERIFIED,ST7241J0-PSG.edf,NOT_VERIFIED,EMG submental,EMG,encoded in label; anatomical/reference interpretation requires contract review,100,uV,SC EMG envelope documented; CAP representation NOT_VERIFIED per channel,https://physionet.org/files/sleep-edfx/1.0.0/sleep-telemetry/ST7241J0-PSG.edf,TRUE,Header-only; no signal samples read.
Sleep-EDF Expanded v1.0.0,NOT_VERIFIED,ST7241J0-PSG.edf,NOT_VERIFIED,Marker,OTHER,encoded in label; anatomical/reference interpretation requires contract review,10,ID+M-E,SC EMG envelope documented; CAP representation NOT_VERIFIED per channel,https://physionet.org/files/sleep-edfx/1.0.0/sleep-telemetry/ST7241J0-PSG.edf,TRUE,Header-only; no signal samples read.
Sleep-EDF Expanded v1.0.0,NOT_VERIFIED,ST7242J0-PSG.edf,NOT_VERIFIED,EEG Fpz-Cz,EEG,encoded in label; anatomical/reference interpretation requires contract review,100,uV,SC EMG envelope documented; CAP representation NOT_VERIFIED per channel,https://physionet.org/files/sleep-edfx/1.0.0/sleep-telemetry/ST7242J0-PSG.edf,TRUE,Header-only; no signal samples read.
Sleep-EDF Expanded v1.0.0,NOT_VERIFIED,ST7242J0-PSG.edf,NOT_VERIFIED,EEG Pz-Oz,EEG,encoded in label; anatomical/reference interpretation requires contract review,100,uV,SC EMG envelope documented; CAP representation NOT_VERIFIED per channel,https://physionet.org/files/sleep-edfx/1.0.0/sleep-telemetry/ST7242J0-PSG.edf,TRUE,Header-only; no signal samples read.
Sleep-EDF Expanded v1.0.0,NOT_VERIFIED,ST7242J0-PSG.edf,NOT_VERIFIED,EOG horizontal,EOG,encoded in label; anatomical/reference interpretation requires contract review,100,uV,SC EMG envelope documented; CAP representation NOT_VERIFIED per channel,https://physionet.org/files/sleep-edfx/1.0.0/sleep-telemetry/ST7242J0-PSG.edf,TRUE,Header-only; no signal samples read.
Sleep-EDF Expanded v1.0.0,NOT_VERIFIED,ST7242J0-PSG.edf,NOT_VERIFIED,EMG submental,EMG,encoded in label; anatomical/reference interpretation requires contract review,100,uV,SC EMG envelope documented; CAP representation NOT_VERIFIED per channel,https://physionet.org/files/sleep-edfx/1.0.0/sleep-telemetry/ST7242J0-PSG.edf,TRUE,Header-only; no signal samples read.
Sleep-EDF Expanded v1.0.0,NOT_VERIFIED,ST7242J0-PSG.edf,NOT_VERIFIED,Marker,OTHER,encoded in label; anatomical/reference interpretation requires contract review,10,ID+M-E,SC EMG envelope documented; CAP representation NOT_VERIFIED per channel,https://physionet.org/files/sleep-edfx/1.0.0/sleep-telemetry/ST7242J0-PSG.edf,TRUE,Header-only; no signal samples read.
CAP Sleep Database v1.0.0,NOT_VERIFIED,rbd22.edf,NOT_VERIFIED,ROC-LOC,EOG,encoded in label; anatomical/reference interpretation requires contract review,128,uV,SC EMG envelope documented; CAP representation NOT_VERIFIED per channel,https://physionet.org/files/capslpdb/1.0.0/rbd22.edf,TRUE,Header-only; no signal samples read.
CAP Sleep Database v1.0.0,NOT_VERIFIED,rbd22.edf,NOT_VERIFIED,Fp2-F4,EEG,encoded in label; anatomical/reference interpretation requires contract review,512,uV,SC EMG envelope documented; CAP representation NOT_VERIFIED per channel,https://physionet.org/files/capslpdb/1.0.0/rbd22.edf,TRUE,Header-only; no signal samples read.
CAP Sleep Database v1.0.0,NOT_VERIFIED,rbd22.edf,NOT_VERIFIED,F4-C4,EEG,encoded in label; anatomical/reference interpretation requires contract review,512,uV,SC EMG envelope documented; CAP representation NOT_VERIFIED per channel,https://physionet.org/files/capslpdb/1.0.0/rbd22.edf,TRUE,Header-only; no signal samples read.
CAP Sleep Database v1.0.0,NOT_VERIFIED,rbd22.edf,NOT_VERIFIED,C4-P4,EEG,encoded in label; anatomical/reference interpretation requires contract review,512,uV,SC EMG envelope documented; CAP representation NOT_VERIFIED per channel,https://physionet.org/files/capslpdb/1.0.0/rbd22.edf,TRUE,Header-only; no signal samples read.
CAP Sleep Database v1.0.0,NOT_VERIFIED,rbd22.edf,NOT_VERIFIED,P4-O2,EEG,encoded in label; anatomical/reference interpretation requires contract review,512,uV,SC EMG envelope documented; CAP representation NOT_VERIFIED per channel,https://physionet.org/files/capslpdb/1.0.0/rbd22.edf,TRUE,Header-only; no signal samples read.
CAP Sleep Database v1.0.0,NOT_VERIFIED,rbd22.edf,NOT_VERIFIED,FP1-F3,EEG,encoded in label; anatomical/reference interpretation requires contract review,512,uV,SC EMG envelope documented; CAP representation NOT_VERIFIED per channel,https://physionet.org/files/capslpdb/1.0.0/rbd22.edf,TRUE,Header-only; no signal samples read.
CAP Sleep Database v1.0.0,NOT_VERIFIED,rbd22.edf,NOT_VERIFIED,F3-C3,EEG,encoded in label; anatomical/reference interpretation requires contract review,512,uV,SC EMG envelope documented; CAP representation NOT_VERIFIED per channel,https://physionet.org/files/capslpdb/1.0.0/rbd22.edf,TRUE,Header-only; no signal samples read.
CAP Sleep Database v1.0.0,NOT_VERIFIED,rbd22.edf,NOT_VERIFIED,C3-P3,EEG,encoded in label; anatomical/reference interpretation requires contract review,512,uV,SC EMG envelope documented; CAP representation NOT_VERIFIED per channel,https://physionet.org/files/capslpdb/1.0.0/rbd22.edf,TRUE,Header-only; no signal samples read.
CAP Sleep Database v1.0.0,NOT_VERIFIED,rbd22.edf,NOT_VERIFIED,P3-O1,EEG,encoded in label; anatomical/reference interpretation requires contract review,512,uV,SC EMG envelope documented; CAP representation NOT_VERIFIED per channel,https://physionet.org/files/capslpdb/1.0.0/rbd22.edf,TRUE,Header-only; no signal samples read.
CAP Sleep Database v1.0.0,NOT_VERIFIED,rbd22.edf,NOT_VERIFIED,C4-A1,EEG,encoded in label; anatomical/reference interpretation requires contract review,512,uV,SC EMG envelope documented; CAP representation NOT_VERIFIED per channel,https://physionet.org/files/capslpdb/1.0.0/rbd22.edf,TRUE,Header-only; no signal samples read.
CAP Sleep Database v1.0.0,NOT_VERIFIED,rbd22.edf,NOT_VERIFIED,EMG1-EMG2,EMG,encoded in label; anatomical/reference interpretation requires contract review,512,uV,SC EMG envelope documented; CAP representation NOT_VERIFIED per channel,https://physionet.org/files/capslpdb/1.0.0/rbd22.edf,TRUE,Header-only; no signal samples read.
CAP Sleep Database v1.0.0,NOT_VERIFIED,rbd22.edf,NOT_VERIFIED,ECG1-ECG2,OTHER,encoded in label; anatomical/reference interpretation requires contract review,512,mV,SC EMG envelope documented; CAP representation NOT_VERIFIED per channel,https://physionet.org/files/capslpdb/1.0.0/rbd22.edf,TRUE,Header-only; no signal samples read.
CAP Sleep Database v1.0.0,NOT_VERIFIED,rbd22.edf,NOT_VERIFIED,DX1-DX2,OTHER,encoded in label; anatomical/reference interpretation requires contract review,128,uV,SC EMG envelope documented; CAP representation NOT_VERIFIED per channel,https://physionet.org/files/capslpdb/1.0.0/rbd22.edf,TRUE,Header-only; no signal samples read.
CAP Sleep Database v1.0.0,NOT_VERIFIED,rbd22.edf,NOT_VERIFIED,SX1-SX2,OTHER,encoded in label; anatomical/reference interpretation requires contract review,128,uV,SC EMG envelope documented; CAP representation NOT_VERIFIED per channel,https://physionet.org/files/capslpdb/1.0.0/rbd22.edf,TRUE,Header-only; no signal samples read.
CAP Sleep Database v1.0.0,NOT_VERIFIED,rbd22.edf,NOT_VERIFIED,F8-T4,OTHER,encoded in label; anatomical/reference interpretation requires contract review,512,uV,SC EMG envelope documented; CAP representation NOT_VERIFIED per channel,https://physionet.org/files/capslpdb/1.0.0/rbd22.edf,TRUE,Header-only; no signal samples read.
CAP Sleep Database v1.0.0,NOT_VERIFIED,rbd22.edf,NOT_VERIFIED,F7-T3,OTHER,encoded in label; anatomical/reference interpretation requires contract review,512,uV,SC EMG envelope documented; CAP representation NOT_VERIFIED per channel,https://physionet.org/files/capslpdb/1.0.0/rbd22.edf,TRUE,Header-only; no signal samples read.
CAP Sleep Database v1.0.0,NOT_VERIFIED,rbd22.edf,NOT_VERIFIED,SAO2,EEG,encoded in label; anatomical/reference interpretation requires contract review,1,%,SC EMG envelope documented; CAP representation NOT_VERIFIED per channel,https://physionet.org/files/capslpdb/1.0.0/rbd22.edf,TRUE,Header-only; no signal samples read.
CAP Sleep Database v1.0.0,NOT_VERIFIED,rbd22.edf,NOT_VERIFIED,HR,OTHER,encoded in label; anatomical/reference interpretation requires contract review,1,BPM,SC EMG envelope documented; CAP representation NOT_VERIFIED per channel,https://physionet.org/files/capslpdb/1.0.0/rbd22.edf,TRUE,Header-only; no signal samples read.
CAP Sleep Database v1.0.0,NOT_VERIFIED,rbd22.edf,NOT_VERIFIED,PLETH,OTHER,encoded in label; anatomical/reference interpretation requires contract review,128,mV,SC EMG envelope documented; CAP representation NOT_VERIFIED per channel,https://physionet.org/files/capslpdb/1.0.0/rbd22.edf,TRUE,Header-only; no signal samples read.
CAP Sleep Database v1.0.0,NOT_VERIFIED,rbd22.edf,NOT_VERIFIED,STAT,OTHER,encoded in label; anatomical/reference interpretation requires contract review,1,,SC EMG envelope documented; CAP representation NOT_VERIFIED per channel,https://physionet.org/files/capslpdb/1.0.0/rbd22.edf,TRUE,Header-only; no signal samples read.
CAP Sleep Database v1.0.0,NOT_VERIFIED,rbd2.edf,NOT_VERIFIED,ROC-LOC,EOG,encoded in label; anatomical/reference interpretation requires contract review,128,mV,SC EMG envelope documented; CAP representation NOT_VERIFIED per channel,https://physionet.org/files/capslpdb/1.0.0/rbd2.edf,TRUE,Header-only; no signal samples read.
CAP Sleep Database v1.0.0,NOT_VERIFIED,rbd2.edf,NOT_VERIFIED,Fp2-F4,EEG,encoded in label; anatomical/reference interpretation requires contract review,512,uV,SC EMG envelope documented; CAP representation NOT_VERIFIED per channel,https://physionet.org/files/capslpdb/1.0.0/rbd2.edf,TRUE,Header-only; no signal samples read.
CAP Sleep Database v1.0.0,NOT_VERIFIED,rbd2.edf,NOT_VERIFIED,F4-C4,EEG,encoded in label; anatomical/reference interpretation requires contract review,512,uV,SC EMG envelope documented; CAP representation NOT_VERIFIED per channel,https://physionet.org/files/capslpdb/1.0.0/rbd2.edf,TRUE,Header-only; no signal samples read.
CAP Sleep Database v1.0.0,NOT_VERIFIED,rbd2.edf,NOT_VERIFIED,C4-P4,EEG,encoded in label; anatomical/reference interpretation requires contract review,512,uV,SC EMG envelope documented; CAP representation NOT_VERIFIED per channel,https://physionet.org/files/capslpdb/1.0.0/rbd2.edf,TRUE,Header-only; no signal samples read.
CAP Sleep Database v1.0.0,NOT_VERIFIED,rbd2.edf,NOT_VERIFIED,P4-O2,EEG,encoded in label; anatomical/reference interpretation requires contract review,512,uV,SC EMG envelope documented; CAP representation NOT_VERIFIED per channel,https://physionet.org/files/capslpdb/1.0.0/rbd2.edf,TRUE,Header-only; no signal samples read.
CAP Sleep Database v1.0.0,NOT_VERIFIED,rbd2.edf,NOT_VERIFIED,FP1-F3,EEG,encoded in label; anatomical/reference interpretation requires contract review,512,uV,SC EMG envelope documented; CAP representation NOT_VERIFIED per channel,https://physionet.org/files/capslpdb/1.0.0/rbd2.edf,TRUE,Header-only; no signal samples read.
CAP Sleep Database v1.0.0,NOT_VERIFIED,rbd2.edf,NOT_VERIFIED,F3-C3,EEG,encoded in label; anatomical/reference interpretation requires contract review,512,uV,SC EMG envelope documented; CAP representation NOT_VERIFIED per channel,https://physionet.org/files/capslpdb/1.0.0/rbd2.edf,TRUE,Header-only; no signal samples read.
CAP Sleep Database v1.0.0,NOT_VERIFIED,rbd2.edf,NOT_VERIFIED,C3-P3,EEG,encoded in label; anatomical/reference interpretation requires contract review,512,uV,SC EMG envelope documented; CAP representation NOT_VERIFIED per channel,https://physionet.org/files/capslpdb/1.0.0/rbd2.edf,TRUE,Header-only; no signal samples read.
CAP Sleep Database v1.0.0,NOT_VERIFIED,rbd2.edf,NOT_VERIFIED,P3-O1,EEG,encoded in label; anatomical/reference interpretation requires contract review,512,uV,SC EMG envelope documented; CAP representation NOT_VERIFIED per channel,https://physionet.org/files/capslpdb/1.0.0/rbd2.edf,TRUE,Header-only; no signal samples read.
CAP Sleep Database v1.0.0,NOT_VERIFIED,rbd2.edf,NOT_VERIFIED,C4-A1,EEG,encoded in label; anatomical/reference interpretation requires contract review,512,uV,SC EMG envelope documented; CAP representation NOT_VERIFIED per channel,https://physionet.org/files/capslpdb/1.0.0/rbd2.edf,TRUE,Header-only; no signal samples read.
CAP Sleep Database v1.0.0,NOT_VERIFIED,rbd2.edf,NOT_VERIFIED,EMG1-EMG2,EMG,encoded in label; anatomical/reference interpretation requires contract review,512,uV,SC EMG envelope documented; CAP representation NOT_VERIFIED per channel,https://physionet.org/files/capslpdb/1.0.0/rbd2.edf,TRUE,Header-only; no signal samples read.
CAP Sleep Database v1.0.0,NOT_VERIFIED,rbd2.edf,NOT_VERIFIED,ECG1-ECG2,OTHER,encoded in label; anatomical/reference interpretation requires contract review,512,mV,SC EMG envelope documented; CAP representation NOT_VERIFIED per channel,https://physionet.org/files/capslpdb/1.0.0/rbd2.edf,TRUE,Header-only; no signal samples read.
CAP Sleep Database v1.0.0,NOT_VERIFIED,rbd2.edf,NOT_VERIFIED,DX1-DX2,OTHER,encoded in label; anatomical/reference interpretation requires contract review,512,uV,SC EMG envelope documented; CAP representation NOT_VERIFIED per channel,https://physionet.org/files/capslpdb/1.0.0/rbd2.edf,TRUE,Header-only; no signal samples read.
CAP Sleep Database v1.0.0,NOT_VERIFIED,rbd2.edf,NOT_VERIFIED,SX1-SX2,OTHER,encoded in label; anatomical/reference interpretation requires contract review,512,uV,SC EMG envelope documented; CAP representation NOT_VERIFIED per channel,https://physionet.org/files/capslpdb/1.0.0/rbd2.edf,TRUE,Header-only; no signal samples read.
CAP Sleep Database v1.0.0,NOT_VERIFIED,rbd2.edf,NOT_VERIFIED,F8-T4,OTHER,encoded in label; anatomical/reference interpretation requires contract review,512,uV,SC EMG envelope documented; CAP representation NOT_VERIFIED per channel,https://physionet.org/files/capslpdb/1.0.0/rbd2.edf,TRUE,Header-only; no signal samples read.
CAP Sleep Database v1.0.0,NOT_VERIFIED,rbd2.edf,NOT_VERIFIED,F7-T3,OTHER,encoded in label; anatomical/reference interpretation requires contract review,512,mV,SC EMG envelope documented; CAP representation NOT_VERIFIED per channel,https://physionet.org/files/capslpdb/1.0.0/rbd2.edf,TRUE,Header-only; no signal samples read.
CAP Sleep Database v1.0.0,NOT_VERIFIED,rbd2.edf,NOT_VERIFIED,SAO2,EEG,encoded in label; anatomical/reference interpretation requires contract review,1,%,SC EMG envelope documented; CAP representation NOT_VERIFIED per channel,https://physionet.org/files/capslpdb/1.0.0/rbd2.edf,TRUE,Header-only; no signal samples read.
CAP Sleep Database v1.0.0,NOT_VERIFIED,rbd2.edf,NOT_VERIFIED,HR,OTHER,encoded in label; anatomical/reference interpretation requires contract review,1,BPM,SC EMG envelope documented; CAP representation NOT_VERIFIED per channel,https://physionet.org/files/capslpdb/1.0.0/rbd2.edf,TRUE,Header-only; no signal samples read.
CAP Sleep Database v1.0.0,NOT_VERIFIED,rbd2.edf,NOT_VERIFIED,PLETH,OTHER,encoded in label; anatomical/reference interpretation requires contract review,128,mV,SC EMG envelope documented; CAP representation NOT_VERIFIED per channel,https://physionet.org/files/capslpdb/1.0.0/rbd2.edf,TRUE,Header-only; no signal samples read.
CAP Sleep Database v1.0.0,NOT_VERIFIED,rbd2.edf,NOT_VERIFIED,STAT,OTHER,encoded in label; anatomical/reference interpretation requires contract review,1,,SC EMG envelope documented; CAP representation NOT_VERIFIED per channel,https://physionet.org/files/capslpdb/1.0.0/rbd2.edf,TRUE,Header-only; no signal samples read.
CAP Sleep Database v1.0.0,NOT_VERIFIED,rbd3.edf,NOT_VERIFIED,ROC-LOC,EOG,encoded in label; anatomical/reference interpretation requires contract review,128,uV,SC EMG envelope documented; CAP representation NOT_VERIFIED per channel,https://physionet.org/files/capslpdb/1.0.0/rbd3.edf,TRUE,Header-only; no signal samples read.
CAP Sleep Database v1.0.0,NOT_VERIFIED,rbd3.edf,NOT_VERIFIED,Fp2-F4,EEG,encoded in label; anatomical/reference interpretation requires contract review,512,uV,SC EMG envelope documented; CAP representation NOT_VERIFIED per channel,https://physionet.org/files/capslpdb/1.0.0/rbd3.edf,TRUE,Header-only; no signal samples read.
CAP Sleep Database v1.0.0,NOT_VERIFIED,rbd3.edf,NOT_VERIFIED,F4-C4,EEG,encoded in label; anatomical/reference interpretation requires contract review,512,uV,SC EMG envelope documented; CAP representation NOT_VERIFIED per channel,https://physionet.org/files/capslpdb/1.0.0/rbd3.edf,TRUE,Header-only; no signal samples read.
CAP Sleep Database v1.0.0,NOT_VERIFIED,rbd3.edf,NOT_VERIFIED,C4-P4,EEG,encoded in label; anatomical/reference interpretation requires contract review,512,uV,SC EMG envelope documented; CAP representation NOT_VERIFIED per channel,https://physionet.org/files/capslpdb/1.0.0/rbd3.edf,TRUE,Header-only; no signal samples read.
CAP Sleep Database v1.0.0,NOT_VERIFIED,rbd3.edf,NOT_VERIFIED,P4-O2,EEG,encoded in label; anatomical/reference interpretation requires contract review,512,uV,SC EMG envelope documented; CAP representation NOT_VERIFIED per channel,https://physionet.org/files/capslpdb/1.0.0/rbd3.edf,TRUE,Header-only; no signal samples read.
CAP Sleep Database v1.0.0,NOT_VERIFIED,rbd3.edf,NOT_VERIFIED,FP1-F3,EEG,encoded in label; anatomical/reference interpretation requires contract review,512,uV,SC EMG envelope documented; CAP representation NOT_VERIFIED per channel,https://physionet.org/files/capslpdb/1.0.0/rbd3.edf,TRUE,Header-only; no signal samples read.
CAP Sleep Database v1.0.0,NOT_VERIFIED,rbd3.edf,NOT_VERIFIED,F3-C3,EEG,encoded in label; anatomical/reference interpretation requires contract review,512,uV,SC EMG envelope documented; CAP representation NOT_VERIFIED per channel,https://physionet.org/files/capslpdb/1.0.0/rbd3.edf,TRUE,Header-only; no signal samples read.
CAP Sleep Database v1.0.0,NOT_VERIFIED,rbd3.edf,NOT_VERIFIED,C3-P3,EEG,encoded in label; anatomical/reference interpretation requires contract review,512,uV,SC EMG envelope documented; CAP representation NOT_VERIFIED per channel,https://physionet.org/files/capslpdb/1.0.0/rbd3.edf,TRUE,Header-only; no signal samples read.
CAP Sleep Database v1.0.0,NOT_VERIFIED,rbd3.edf,NOT_VERIFIED,P3-O1,EEG,encoded in label; anatomical/reference interpretation requires contract review,512,uV,SC EMG envelope documented; CAP representation NOT_VERIFIED per channel,https://physionet.org/files/capslpdb/1.0.0/rbd3.edf,TRUE,Header-only; no signal samples read.
CAP Sleep Database v1.0.0,NOT_VERIFIED,rbd3.edf,NOT_VERIFIED,C4-A1,EEG,encoded in label; anatomical/reference interpretation requires contract review,512,uV,SC EMG envelope documented; CAP representation NOT_VERIFIED per channel,https://physionet.org/files/capslpdb/1.0.0/rbd3.edf,TRUE,Header-only; no signal samples read.
CAP Sleep Database v1.0.0,NOT_VERIFIED,rbd3.edf,NOT_VERIFIED,EMG1-EMG2,EMG,encoded in label; anatomical/reference interpretation requires contract review,512,uV,SC EMG envelope documented; CAP representation NOT_VERIFIED per channel,https://physionet.org/files/capslpdb/1.0.0/rbd3.edf,TRUE,Header-only; no signal samples read.
CAP Sleep Database v1.0.0,NOT_VERIFIED,rbd3.edf,NOT_VERIFIED,ECG1-ECG2,OTHER,encoded in label; anatomical/reference interpretation requires contract review,512,uV,SC EMG envelope documented; CAP representation NOT_VERIFIED per channel,https://physionet.org/files/capslpdb/1.0.0/rbd3.edf,TRUE,Header-only; no signal samples read.
CAP Sleep Database v1.0.0,NOT_VERIFIED,rbd3.edf,NOT_VERIFIED,DX1-DX2,OTHER,encoded in label; anatomical/reference interpretation requires contract review,512,uV,SC EMG envelope documented; CAP representation NOT_VERIFIED per channel,https://physionet.org/files/capslpdb/1.0.0/rbd3.edf,TRUE,Header-only; no signal samples read.
CAP Sleep Database v1.0.0,NOT_VERIFIED,rbd3.edf,NOT_VERIFIED,SX1-SX2,OTHER,encoded in label; anatomical/reference interpretation requires contract review,512,uV,SC EMG envelope documented; CAP representation NOT_VERIFIED per channel,https://physionet.org/files/capslpdb/1.0.0/rbd3.edf,TRUE,Header-only; no signal samples read.
CAP Sleep Database v1.0.0,NOT_VERIFIED,rbd3.edf,NOT_VERIFIED,F8-T4,OTHER,encoded in label; anatomical/reference interpretation requires contract review,512,uV,SC EMG envelope documented; CAP representation NOT_VERIFIED per channel,https://physionet.org/files/capslpdb/1.0.0/rbd3.edf,TRUE,Header-only; no signal samples read.
CAP Sleep Database v1.0.0,NOT_VERIFIED,rbd3.edf,NOT_VERIFIED,F7-T3,OTHER,encoded in label; anatomical/reference interpretation requires contract review,512,uV,SC EMG envelope documented; CAP representation NOT_VERIFIED per channel,https://physionet.org/files/capslpdb/1.0.0/rbd3.edf,TRUE,Header-only; no signal samples read.
CAP Sleep Database v1.0.0,NOT_VERIFIED,rbd3.edf,NOT_VERIFIED,TORACE,OTHER,encoded in label; anatomical/reference interpretation requires contract review,64,mV,SC EMG envelope documented; CAP representation NOT_VERIFIED per channel,https://physionet.org/files/capslpdb/1.0.0/rbd3.edf,TRUE,Header-only; no signal samples read.
CAP Sleep Database v1.0.0,NOT_VERIFIED,rbd3.edf,NOT_VERIFIED,ADDOME,OTHER,encoded in label; anatomical/reference interpretation requires contract review,64,mV,SC EMG envelope documented; CAP representation NOT_VERIFIED per channel,https://physionet.org/files/capslpdb/1.0.0/rbd3.edf,TRUE,Header-only; no signal samples read.
CAP Sleep Database v1.0.0,NOT_VERIFIED,rbd3.edf,NOT_VERIFIED,Position,OTHER,encoded in label; anatomical/reference interpretation requires contract review,64,,SC EMG envelope documented; CAP representation NOT_VERIFIED per channel,https://physionet.org/files/capslpdb/1.0.0/rbd3.edf,TRUE,Header-only; no signal samples read.
CAP Sleep Database v1.0.0,NOT_VERIFIED,rbd3.edf,NOT_VERIFIED,SAO2,EEG,encoded in label; anatomical/reference interpretation requires contract review,1,%,SC EMG envelope documented; CAP representation NOT_VERIFIED per channel,https://physionet.org/files/capslpdb/1.0.0/rbd3.edf,TRUE,Header-only; no signal samples read.
CAP Sleep Database v1.0.0,NOT_VERIFIED,rbd3.edf,NOT_VERIFIED,MIC,OTHER,encoded in label; anatomical/reference interpretation requires contract review,128,uV,SC EMG envelope documented; CAP representation NOT_VERIFIED per channel,https://physionet.org/files/capslpdb/1.0.0/rbd3.edf,TRUE,Header-only; no signal samples read.
CAP Sleep Database v1.0.0,NOT_VERIFIED,rbd3.edf,NOT_VERIFIED,HR,OTHER,encoded in label; anatomical/reference interpretation requires contract review,1,BPM,SC EMG envelope documented; CAP representation NOT_VERIFIED per channel,https://physionet.org/files/capslpdb/1.0.0/rbd3.edf,TRUE,Header-only; no signal samples read.
CAP Sleep Database v1.0.0,NOT_VERIFIED,rbd3.edf,NOT_VERIFIED,PLETH,OTHER,encoded in label; anatomical/reference interpretation requires contract review,128,mV,SC EMG envelope documented; CAP representation NOT_VERIFIED per channel,https://physionet.org/files/capslpdb/1.0.0/rbd3.edf,TRUE,Header-only; no signal samples read.
CAP Sleep Database v1.0.0,NOT_VERIFIED,rbd3.edf,NOT_VERIFIED,STAT,OTHER,encoded in label; anatomical/reference interpretation requires contract review,1,,SC EMG envelope documented; CAP representation NOT_VERIFIED per channel,https://physionet.org/files/capslpdb/1.0.0/rbd3.edf,TRUE,Header-only; no signal samples read.
CAP Sleep Database v1.0.0,NOT_VERIFIED,rbd4.edf,NOT_VERIFIED,ROC-LOC,EOG,encoded in label; anatomical/reference interpretation requires contract review,128,uV,SC EMG envelope documented; CAP representation NOT_VERIFIED per channel,https://physionet.org/files/capslpdb/1.0.0/rbd4.edf,TRUE,Header-only; no signal samples read.
CAP Sleep Database v1.0.0,NOT_VERIFIED,rbd4.edf,NOT_VERIFIED,Fp2-F4,EEG,encoded in label; anatomical/reference interpretation requires contract review,512,uV,SC EMG envelope documented; CAP representation NOT_VERIFIED per channel,https://physionet.org/files/capslpdb/1.0.0/rbd4.edf,TRUE,Header-only; no signal samples read.
CAP Sleep Database v1.0.0,NOT_VERIFIED,rbd4.edf,NOT_VERIFIED,F4-C4,EEG,encoded in label; anatomical/reference interpretation requires contract review,512,uV,SC EMG envelope documented; CAP representation NOT_VERIFIED per channel,https://physionet.org/files/capslpdb/1.0.0/rbd4.edf,TRUE,Header-only; no signal samples read.
CAP Sleep Database v1.0.0,NOT_VERIFIED,rbd4.edf,NOT_VERIFIED,C4-P4,EEG,encoded in label; anatomical/reference interpretation requires contract review,512,uV,SC EMG envelope documented; CAP representation NOT_VERIFIED per channel,https://physionet.org/files/capslpdb/1.0.0/rbd4.edf,TRUE,Header-only; no signal samples read.
CAP Sleep Database v1.0.0,NOT_VERIFIED,rbd4.edf,NOT_VERIFIED,P4-O2,EEG,encoded in label; anatomical/reference interpretation requires contract review,512,uV,SC EMG envelope documented; CAP representation NOT_VERIFIED per channel,https://physionet.org/files/capslpdb/1.0.0/rbd4.edf,TRUE,Header-only; no signal samples read.
CAP Sleep Database v1.0.0,NOT_VERIFIED,rbd4.edf,NOT_VERIFIED,C4-A1,EEG,encoded in label; anatomical/reference interpretation requires contract review,512,uV,SC EMG envelope documented; CAP representation NOT_VERIFIED per channel,https://physionet.org/files/capslpdb/1.0.0/rbd4.edf,TRUE,Header-only; no signal samples read.
CAP Sleep Database v1.0.0,NOT_VERIFIED,rbd4.edf,NOT_VERIFIED,EMG1-EMG2,EMG,encoded in label; anatomical/reference interpretation requires contract review,512,uV,SC EMG envelope documented; CAP representation NOT_VERIFIED per channel,https://physionet.org/files/capslpdb/1.0.0/rbd4.edf,TRUE,Header-only; no signal samples read.
CAP Sleep Database v1.0.0,NOT_VERIFIED,rbd4.edf,NOT_VERIFIED,ECG1-ECG2,OTHER,encoded in label; anatomical/reference interpretation requires contract review,512,mV,SC EMG envelope documented; CAP representation NOT_VERIFIED per channel,https://physionet.org/files/capslpdb/1.0.0/rbd4.edf,TRUE,Header-only; no signal samples read.
CAP Sleep Database v1.0.0,NOT_VERIFIED,rbd4.edf,NOT_VERIFIED,DX1-DX2,OTHER,encoded in label; anatomical/reference interpretation requires contract review,128,uV,SC EMG envelope documented; CAP representation NOT_VERIFIED per channel,https://physionet.org/files/capslpdb/1.0.0/rbd4.edf,TRUE,Header-only; no signal samples read.
CAP Sleep Database v1.0.0,NOT_VERIFIED,rbd4.edf,NOT_VERIFIED,SX1-SX2,OTHER,encoded in label; anatomical/reference interpretation requires contract review,128,uV,SC EMG envelope documented; CAP representation NOT_VERIFIED per channel,https://physionet.org/files/capslpdb/1.0.0/rbd4.edf,TRUE,Header-only; no signal samples read.
CAP Sleep Database v1.0.0,NOT_VERIFIED,rbd4.edf,NOT_VERIFIED,F8-T4,OTHER,encoded in label; anatomical/reference interpretation requires contract review,512,uV,SC EMG envelope documented; CAP representation NOT_VERIFIED per channel,https://physionet.org/files/capslpdb/1.0.0/rbd4.edf,TRUE,Header-only; no signal samples read.
CAP Sleep Database v1.0.0,NOT_VERIFIED,rbd4.edf,NOT_VERIFIED,F7-T3,OTHER,encoded in label; anatomical/reference interpretation requires contract review,512,uV,SC EMG envelope documented; CAP representation NOT_VERIFIED per channel,https://physionet.org/files/capslpdb/1.0.0/rbd4.edf,TRUE,Header-only; no signal samples read.
CAP Sleep Database v1.0.0,NOT_VERIFIED,rbd4.edf,NOT_VERIFIED,TORACE,OTHER,encoded in label; anatomical/reference interpretation requires contract review,64,mV,SC EMG envelope documented; CAP representation NOT_VERIFIED per channel,https://physionet.org/files/capslpdb/1.0.0/rbd4.edf,TRUE,Header-only; no signal samples read.
CAP Sleep Database v1.0.0,NOT_VERIFIED,rbd4.edf,NOT_VERIFIED,SAO2,EEG,encoded in label; anatomical/reference interpretation requires contract review,1,%,SC EMG envelope documented; CAP representation NOT_VERIFIED per channel,https://physionet.org/files/capslpdb/1.0.0/rbd4.edf,TRUE,Header-only; no signal samples read.
CAP Sleep Database v1.0.0,NOT_VERIFIED,rbd4.edf,NOT_VERIFIED,MIC,OTHER,encoded in label; anatomical/reference interpretation requires contract review,128,uV,SC EMG envelope documented; CAP representation NOT_VERIFIED per channel,https://physionet.org/files/capslpdb/1.0.0/rbd4.edf,TRUE,Header-only; no signal samples read.
CAP Sleep Database v1.0.0,NOT_VERIFIED,rbd4.edf,NOT_VERIFIED,HR,OTHER,encoded in label; anatomical/reference interpretation requires contract review,1,BPM,SC EMG envelope documented; CAP representation NOT_VERIFIED per channel,https://physionet.org/files/capslpdb/1.0.0/rbd4.edf,TRUE,Header-only; no signal samples read.
CAP Sleep Database v1.0.0,NOT_VERIFIED,rbd4.edf,NOT_VERIFIED,PLETH,OTHER,encoded in label; anatomical/reference interpretation requires contract review,128,mV,SC EMG envelope documented; CAP representation NOT_VERIFIED per channel,https://physionet.org/files/capslpdb/1.0.0/rbd4.edf,TRUE,Header-only; no signal samples read.
CAP Sleep Database v1.0.0,NOT_VERIFIED,rbd4.edf,NOT_VERIFIED,STAT,OTHER,encoded in label; anatomical/reference interpretation requires contract review,1,,SC EMG envelope documented; CAP representation NOT_VERIFIED per channel,https://physionet.org/files/capslpdb/1.0.0/rbd4.edf,TRUE,Header-only; no signal samples read.
CAP Sleep Database v1.0.0,NOT_VERIFIED,rbd5.edf,NOT_VERIFIED,ROC-LOC,EOG,encoded in label; anatomical/reference interpretation requires contract review,128,uV,SC EMG envelope documented; CAP representation NOT_VERIFIED per channel,https://physionet.org/files/capslpdb/1.0.0/rbd5.edf,TRUE,Header-only; no signal samples read.
CAP Sleep Database v1.0.0,NOT_VERIFIED,rbd5.edf,NOT_VERIFIED,Fp2-F4,EEG,encoded in label; anatomical/reference interpretation requires contract review,512,uV,SC EMG envelope documented; CAP representation NOT_VERIFIED per channel,https://physionet.org/files/capslpdb/1.0.0/rbd5.edf,TRUE,Header-only; no signal samples read.
CAP Sleep Database v1.0.0,NOT_VERIFIED,rbd5.edf,NOT_VERIFIED,F4-C4,EEG,encoded in label; anatomical/reference interpretation requires contract review,512,uV,SC EMG envelope documented; CAP representation NOT_VERIFIED per channel,https://physionet.org/files/capslpdb/1.0.0/rbd5.edf,TRUE,Header-only; no signal samples read.
CAP Sleep Database v1.0.0,NOT_VERIFIED,rbd5.edf,NOT_VERIFIED,C4-P4,EEG,encoded in label; anatomical/reference interpretation requires contract review,512,uV,SC EMG envelope documented; CAP representation NOT_VERIFIED per channel,https://physionet.org/files/capslpdb/1.0.0/rbd5.edf,TRUE,Header-only; no signal samples read.
CAP Sleep Database v1.0.0,NOT_VERIFIED,rbd5.edf,NOT_VERIFIED,P4-O2,EEG,encoded in label; anatomical/reference interpretation requires contract review,512,uV,SC EMG envelope documented; CAP representation NOT_VERIFIED per channel,https://physionet.org/files/capslpdb/1.0.0/rbd5.edf,TRUE,Header-only; no signal samples read.
CAP Sleep Database v1.0.0,NOT_VERIFIED,rbd5.edf,NOT_VERIFIED,FP1-F3,EEG,encoded in label; anatomical/reference interpretation requires contract review,512,uV,SC EMG envelope documented; CAP representation NOT_VERIFIED per channel,https://physionet.org/files/capslpdb/1.0.0/rbd5.edf,TRUE,Header-only; no signal samples read.
CAP Sleep Database v1.0.0,NOT_VERIFIED,rbd5.edf,NOT_VERIFIED,F3-C3,EEG,encoded in label; anatomical/reference interpretation requires contract review,512,uV,SC EMG envelope documented; CAP representation NOT_VERIFIED per channel,https://physionet.org/files/capslpdb/1.0.0/rbd5.edf,TRUE,Header-only; no signal samples read.
CAP Sleep Database v1.0.0,NOT_VERIFIED,rbd5.edf,NOT_VERIFIED,C3-P3,EEG,encoded in label; anatomical/reference interpretation requires contract review,512,uV,SC EMG envelope documented; CAP representation NOT_VERIFIED per channel,https://physionet.org/files/capslpdb/1.0.0/rbd5.edf,TRUE,Header-only; no signal samples read.
CAP Sleep Database v1.0.0,NOT_VERIFIED,rbd5.edf,NOT_VERIFIED,P3-O1,EEG,encoded in label; anatomical/reference interpretation requires contract review,512,uV,SC EMG envelope documented; CAP representation NOT_VERIFIED per channel,https://physionet.org/files/capslpdb/1.0.0/rbd5.edf,TRUE,Header-only; no signal samples read.
CAP Sleep Database v1.0.0,NOT_VERIFIED,rbd5.edf,NOT_VERIFIED,C4-A1,EEG,encoded in label; anatomical/reference interpretation requires contract review,512,uV,SC EMG envelope documented; CAP representation NOT_VERIFIED per channel,https://physionet.org/files/capslpdb/1.0.0/rbd5.edf,TRUE,Header-only; no signal samples read.
CAP Sleep Database v1.0.0,NOT_VERIFIED,rbd5.edf,NOT_VERIFIED,EMG1-EMG2,EMG,encoded in label; anatomical/reference interpretation requires contract review,512,uV,SC EMG envelope documented; CAP representation NOT_VERIFIED per channel,https://physionet.org/files/capslpdb/1.0.0/rbd5.edf,TRUE,Header-only; no signal samples read.
CAP Sleep Database v1.0.0,NOT_VERIFIED,rbd5.edf,NOT_VERIFIED,ECG1-ECG2,OTHER,encoded in label; anatomical/reference interpretation requires contract review,512,uV,SC EMG envelope documented; CAP representation NOT_VERIFIED per channel,https://physionet.org/files/capslpdb/1.0.0/rbd5.edf,TRUE,Header-only; no signal samples read.
CAP Sleep Database v1.0.0,NOT_VERIFIED,rbd5.edf,NOT_VERIFIED,DX1-DX2,OTHER,encoded in label; anatomical/reference interpretation requires contract review,128,uV,SC EMG envelope documented; CAP representation NOT_VERIFIED per channel,https://physionet.org/files/capslpdb/1.0.0/rbd5.edf,TRUE,Header-only; no signal samples read.
CAP Sleep Database v1.0.0,NOT_VERIFIED,rbd5.edf,NOT_VERIFIED,SX1-SX2,OTHER,encoded in label; anatomical/reference interpretation requires contract review,128,uV,SC EMG envelope documented; CAP representation NOT_VERIFIED per channel,https://physionet.org/files/capslpdb/1.0.0/rbd5.edf,TRUE,Header-only; no signal samples read.
CAP Sleep Database v1.0.0,NOT_VERIFIED,rbd5.edf,NOT_VERIFIED,F8-T4,OTHER,encoded in label; anatomical/reference interpretation requires contract review,512,mV,SC EMG envelope documented; CAP representation NOT_VERIFIED per channel,https://physionet.org/files/capslpdb/1.0.0/rbd5.edf,TRUE,Header-only; no signal samples read.
CAP Sleep Database v1.0.0,NOT_VERIFIED,rbd5.edf,NOT_VERIFIED,F7-T3,OTHER,encoded in label; anatomical/reference interpretation requires contract review,512,mV,SC EMG envelope documented; CAP representation NOT_VERIFIED per channel,https://physionet.org/files/capslpdb/1.0.0/rbd5.edf,TRUE,Header-only; no signal samples read.
CAP Sleep Database v1.0.0,NOT_VERIFIED,rbd5.edf,NOT_VERIFIED,TORACE,OTHER,encoded in label; anatomical/reference interpretation requires contract review,64,mV,SC EMG envelope documented; CAP representation NOT_VERIFIED per channel,https://physionet.org/files/capslpdb/1.0.0/rbd5.edf,TRUE,Header-only; no signal samples read.
CAP Sleep Database v1.0.0,NOT_VERIFIED,rbd5.edf,NOT_VERIFIED,ADDOME,OTHER,encoded in label; anatomical/reference interpretation requires contract review,64,mV,SC EMG envelope documented; CAP representation NOT_VERIFIED per channel,https://physionet.org/files/capslpdb/1.0.0/rbd5.edf,TRUE,Header-only; no signal samples read.
CAP Sleep Database v1.0.0,NOT_VERIFIED,rbd5.edf,NOT_VERIFIED,SAO2,EEG,encoded in label; anatomical/reference interpretation requires contract review,1,%,SC EMG envelope documented; CAP representation NOT_VERIFIED per channel,https://physionet.org/files/capslpdb/1.0.0/rbd5.edf,TRUE,Header-only; no signal samples read.
CAP Sleep Database v1.0.0,NOT_VERIFIED,rbd5.edf,NOT_VERIFIED,HR,OTHER,encoded in label; anatomical/reference interpretation requires contract review,1,BPM,SC EMG envelope documented; CAP representation NOT_VERIFIED per channel,https://physionet.org/files/capslpdb/1.0.0/rbd5.edf,TRUE,Header-only; no signal samples read.
CAP Sleep Database v1.0.0,NOT_VERIFIED,rbd5.edf,NOT_VERIFIED,PLETH,OTHER,encoded in label; anatomical/reference interpretation requires contract review,128,mV,SC EMG envelope documented; CAP representation NOT_VERIFIED per channel,https://physionet.org/files/capslpdb/1.0.0/rbd5.edf,TRUE,Header-only; no signal samples read.
CAP Sleep Database v1.0.0,NOT_VERIFIED,rbd5.edf,NOT_VERIFIED,STAT,OTHER,encoded in label; anatomical/reference interpretation requires contract review,1,,SC EMG envelope documented; CAP representation NOT_VERIFIED per channel,https://physionet.org/files/capslpdb/1.0.0/rbd5.edf,TRUE,Header-only; no signal samples read.
CAP Sleep Database v1.0.0,NOT_VERIFIED,rbd6.edf,NOT_VERIFIED,ROC-LOC,EOG,encoded in label; anatomical/reference interpretation requires contract review,512,uV,SC EMG envelope documented; CAP representation NOT_VERIFIED per channel,https://physionet.org/files/capslpdb/1.0.0/rbd6.edf,TRUE,Header-only; no signal samples read.
CAP Sleep Database v1.0.0,NOT_VERIFIED,rbd6.edf,NOT_VERIFIED,LOC-ROC,EOG,encoded in label; anatomical/reference interpretation requires contract review,512,uV,SC EMG envelope documented; CAP representation NOT_VERIFIED per channel,https://physionet.org/files/capslpdb/1.0.0/rbd6.edf,TRUE,Header-only; no signal samples read.
CAP Sleep Database v1.0.0,NOT_VERIFIED,rbd6.edf,NOT_VERIFIED,F2-F4,EEG,encoded in label; anatomical/reference interpretation requires contract review,512,uV,SC EMG envelope documented; CAP representation NOT_VERIFIED per channel,https://physionet.org/files/capslpdb/1.0.0/rbd6.edf,TRUE,Header-only; no signal samples read.
CAP Sleep Database v1.0.0,NOT_VERIFIED,rbd6.edf,NOT_VERIFIED,F4-C4,EEG,encoded in label; anatomical/reference interpretation requires contract review,512,uV,SC EMG envelope documented; CAP representation NOT_VERIFIED per channel,https://physionet.org/files/capslpdb/1.0.0/rbd6.edf,TRUE,Header-only; no signal samples read.
CAP Sleep Database v1.0.0,NOT_VERIFIED,rbd6.edf,NOT_VERIFIED,C4-P4,EEG,encoded in label; anatomical/reference interpretation requires contract review,512,uV,SC EMG envelope documented; CAP representation NOT_VERIFIED per channel,https://physionet.org/files/capslpdb/1.0.0/rbd6.edf,TRUE,Header-only; no signal samples read.
CAP Sleep Database v1.0.0,NOT_VERIFIED,rbd6.edf,NOT_VERIFIED,P4-O2,EEG,encoded in label; anatomical/reference interpretation requires contract review,512,uV,SC EMG envelope documented; CAP representation NOT_VERIFIED per channel,https://physionet.org/files/capslpdb/1.0.0/rbd6.edf,TRUE,Header-only; no signal samples read.
CAP Sleep Database v1.0.0,NOT_VERIFIED,rbd6.edf,NOT_VERIFIED,C4-A1,EEG,encoded in label; anatomical/reference interpretation requires contract review,512,uV,SC EMG envelope documented; CAP representation NOT_VERIFIED per channel,https://physionet.org/files/capslpdb/1.0.0/rbd6.edf,TRUE,Header-only; no signal samples read.
CAP Sleep Database v1.0.0,NOT_VERIFIED,rbd6.edf,NOT_VERIFIED,EMG1-EMG2,EMG,encoded in label; anatomical/reference interpretation requires contract review,256,uV,SC EMG envelope documented; CAP representation NOT_VERIFIED per channel,https://physionet.org/files/capslpdb/1.0.0/rbd6.edf,TRUE,Header-only; no signal samples read.
CAP Sleep Database v1.0.0,NOT_VERIFIED,rbd6.edf,NOT_VERIFIED,ECG1-ECG2,OTHER,encoded in label; anatomical/reference interpretation requires contract review,512,uV,SC EMG envelope documented; CAP representation NOT_VERIFIED per channel,https://physionet.org/files/capslpdb/1.0.0/rbd6.edf,TRUE,Header-only; no signal samples read.
CAP Sleep Database v1.0.0,NOT_VERIFIED,rbd6.edf,NOT_VERIFIED,TERMISTORE,OTHER,encoded in label; anatomical/reference interpretation requires contract review,64,uV,SC EMG envelope documented; CAP representation NOT_VERIFIED per channel,https://physionet.org/files/capslpdb/1.0.0/rbd6.edf,TRUE,Header-only; no signal samples read.
CAP Sleep Database v1.0.0,NOT_VERIFIED,rbd6.edf,NOT_VERIFIED,TORACE,OTHER,encoded in label; anatomical/reference interpretation requires contract review,64,mV,SC EMG envelope documented; CAP representation NOT_VERIFIED per channel,https://physionet.org/files/capslpdb/1.0.0/rbd6.edf,TRUE,Header-only; no signal samples read.
CAP Sleep Database v1.0.0,NOT_VERIFIED,rbd6.edf,NOT_VERIFIED,ADDOME,OTHER,encoded in label; anatomical/reference interpretation requires contract review,64,mV,SC EMG envelope documented; CAP representation NOT_VERIFIED per channel,https://physionet.org/files/capslpdb/1.0.0/rbd6.edf,TRUE,Header-only; no signal samples read.
CAP Sleep Database v1.0.0,NOT_VERIFIED,rbd6.edf,NOT_VERIFIED,Dx1-DX2,OTHER,encoded in label; anatomical/reference interpretation requires contract review,256,uV,SC EMG envelope documented; CAP representation NOT_VERIFIED per channel,https://physionet.org/files/capslpdb/1.0.0/rbd6.edf,TRUE,Header-only; no signal samples read.
CAP Sleep Database v1.0.0,NOT_VERIFIED,rbd6.edf,NOT_VERIFIED,SX1-SX2,OTHER,encoded in label; anatomical/reference interpretation requires contract review,256,uV,SC EMG envelope documented; CAP representation NOT_VERIFIED per channel,https://physionet.org/files/capslpdb/1.0.0/rbd6.edf,TRUE,Header-only; no signal samples read.
CAP Sleep Database v1.0.0,NOT_VERIFIED,rbd6.edf,NOT_VERIFIED,HR,OTHER,encoded in label; anatomical/reference interpretation requires contract review,1,BPM,SC EMG envelope documented; CAP representation NOT_VERIFIED per channel,https://physionet.org/files/capslpdb/1.0.0/rbd6.edf,TRUE,Header-only; no signal samples read.
CAP Sleep Database v1.0.0,NOT_VERIFIED,rbd6.edf,NOT_VERIFIED,SpO2,EEG,encoded in label; anatomical/reference interpretation requires contract review,1,%,SC EMG envelope documented; CAP representation NOT_VERIFIED per channel,https://physionet.org/files/capslpdb/1.0.0/rbd6.edf,TRUE,Header-only; no signal samples read.
CAP Sleep Database v1.0.0,NOT_VERIFIED,rbd7.edf,NOT_VERIFIED,ROC-LOC,EOG,encoded in label; anatomical/reference interpretation requires contract review,128,uV,SC EMG envelope documented; CAP representation NOT_VERIFIED per channel,https://physionet.org/files/capslpdb/1.0.0/rbd7.edf,TRUE,Header-only; no signal samples read.
CAP Sleep Database v1.0.0,NOT_VERIFIED,rbd7.edf,NOT_VERIFIED,Fp2-F4,EEG,encoded in label; anatomical/reference interpretation requires contract review,512,uV,SC EMG envelope documented; CAP representation NOT_VERIFIED per channel,https://physionet.org/files/capslpdb/1.0.0/rbd7.edf,TRUE,Header-only; no signal samples read.
CAP Sleep Database v1.0.0,NOT_VERIFIED,rbd7.edf,NOT_VERIFIED,F4-C4,EEG,encoded in label; anatomical/reference interpretation requires contract review,512,uV,SC EMG envelope documented; CAP representation NOT_VERIFIED per channel,https://physionet.org/files/capslpdb/1.0.0/rbd7.edf,TRUE,Header-only; no signal samples read.
CAP Sleep Database v1.0.0,NOT_VERIFIED,rbd7.edf,NOT_VERIFIED,C4-P4,EEG,encoded in label; anatomical/reference interpretation requires contract review,512,uV,SC EMG envelope documented; CAP representation NOT_VERIFIED per channel,https://physionet.org/files/capslpdb/1.0.0/rbd7.edf,TRUE,Header-only; no signal samples read.
CAP Sleep Database v1.0.0,NOT_VERIFIED,rbd7.edf,NOT_VERIFIED,P4-O2,EEG,encoded in label; anatomical/reference interpretation requires contract review,512,uV,SC EMG envelope documented; CAP representation NOT_VERIFIED per channel,https://physionet.org/files/capslpdb/1.0.0/rbd7.edf,TRUE,Header-only; no signal samples read.
CAP Sleep Database v1.0.0,NOT_VERIFIED,rbd7.edf,NOT_VERIFIED,FP1-F3,EEG,encoded in label; anatomical/reference interpretation requires contract review,512,uV,SC EMG envelope documented; CAP representation NOT_VERIFIED per channel,https://physionet.org/files/capslpdb/1.0.0/rbd7.edf,TRUE,Header-only; no signal samples read.
CAP Sleep Database v1.0.0,NOT_VERIFIED,rbd7.edf,NOT_VERIFIED,F3-C3,EEG,encoded in label; anatomical/reference interpretation requires contract review,512,uV,SC EMG envelope documented; CAP representation NOT_VERIFIED per channel,https://physionet.org/files/capslpdb/1.0.0/rbd7.edf,TRUE,Header-only; no signal samples read.
CAP Sleep Database v1.0.0,NOT_VERIFIED,rbd7.edf,NOT_VERIFIED,C3-P3,EEG,encoded in label; anatomical/reference interpretation requires contract review,512,uV,SC EMG envelope documented; CAP representation NOT_VERIFIED per channel,https://physionet.org/files/capslpdb/1.0.0/rbd7.edf,TRUE,Header-only; no signal samples read.
CAP Sleep Database v1.0.0,NOT_VERIFIED,rbd7.edf,NOT_VERIFIED,P3-O1,EEG,encoded in label; anatomical/reference interpretation requires contract review,512,uV,SC EMG envelope documented; CAP representation NOT_VERIFIED per channel,https://physionet.org/files/capslpdb/1.0.0/rbd7.edf,TRUE,Header-only; no signal samples read.
CAP Sleep Database v1.0.0,NOT_VERIFIED,rbd7.edf,NOT_VERIFIED,C4-A1,EEG,encoded in label; anatomical/reference interpretation requires contract review,512,uV,SC EMG envelope documented; CAP representation NOT_VERIFIED per channel,https://physionet.org/files/capslpdb/1.0.0/rbd7.edf,TRUE,Header-only; no signal samples read.
CAP Sleep Database v1.0.0,NOT_VERIFIED,rbd7.edf,NOT_VERIFIED,EMG1-EMG2,EMG,encoded in label; anatomical/reference interpretation requires contract review,512,uV,SC EMG envelope documented; CAP representation NOT_VERIFIED per channel,https://physionet.org/files/capslpdb/1.0.0/rbd7.edf,TRUE,Header-only; no signal samples read.
CAP Sleep Database v1.0.0,NOT_VERIFIED,rbd7.edf,NOT_VERIFIED,ECG1-ECG2,OTHER,encoded in label; anatomical/reference interpretation requires contract review,512,mV,SC EMG envelope documented; CAP representation NOT_VERIFIED per channel,https://physionet.org/files/capslpdb/1.0.0/rbd7.edf,TRUE,Header-only; no signal samples read.
CAP Sleep Database v1.0.0,NOT_VERIFIED,rbd7.edf,NOT_VERIFIED,DX1-DX2,OTHER,encoded in label; anatomical/reference interpretation requires contract review,128,uV,SC EMG envelope documented; CAP representation NOT_VERIFIED per channel,https://physionet.org/files/capslpdb/1.0.0/rbd7.edf,TRUE,Header-only; no signal samples read.
CAP Sleep Database v1.0.0,NOT_VERIFIED,rbd7.edf,NOT_VERIFIED,SX1-SX2,OTHER,encoded in label; anatomical/reference interpretation requires contract review,128,uV,SC EMG envelope documented; CAP representation NOT_VERIFIED per channel,https://physionet.org/files/capslpdb/1.0.0/rbd7.edf,TRUE,Header-only; no signal samples read.
CAP Sleep Database v1.0.0,NOT_VERIFIED,rbd7.edf,NOT_VERIFIED,F8-T4,OTHER,encoded in label; anatomical/reference interpretation requires contract review,512,uV,SC EMG envelope documented; CAP representation NOT_VERIFIED per channel,https://physionet.org/files/capslpdb/1.0.0/rbd7.edf,TRUE,Header-only; no signal samples read.
CAP Sleep Database v1.0.0,NOT_VERIFIED,rbd7.edf,NOT_VERIFIED,F7-T3,OTHER,encoded in label; anatomical/reference interpretation requires contract review,512,uV,SC EMG envelope documented; CAP representation NOT_VERIFIED per channel,https://physionet.org/files/capslpdb/1.0.0/rbd7.edf,TRUE,Header-only; no signal samples read.
CAP Sleep Database v1.0.0,NOT_VERIFIED,rbd7.edf,NOT_VERIFIED,TORACE,OTHER,encoded in label; anatomical/reference interpretation requires contract review,64,mV,SC EMG envelope documented; CAP representation NOT_VERIFIED per channel,https://physionet.org/files/capslpdb/1.0.0/rbd7.edf,TRUE,Header-only; no signal samples read.
CAP Sleep Database v1.0.0,NOT_VERIFIED,rbd7.edf,NOT_VERIFIED,ADDOME,OTHER,encoded in label; anatomical/reference interpretation requires contract review,64,mV,SC EMG envelope documented; CAP representation NOT_VERIFIED per channel,https://physionet.org/files/capslpdb/1.0.0/rbd7.edf,TRUE,Header-only; no signal samples read.
CAP Sleep Database v1.0.0,NOT_VERIFIED,rbd7.edf,NOT_VERIFIED,Position,OTHER,encoded in label; anatomical/reference interpretation requires contract review,64,,SC EMG envelope documented; CAP representation NOT_VERIFIED per channel,https://physionet.org/files/capslpdb/1.0.0/rbd7.edf,TRUE,Header-only; no signal samples read.
CAP Sleep Database v1.0.0,NOT_VERIFIED,rbd7.edf,NOT_VERIFIED,SAO2,EEG,encoded in label; anatomical/reference interpretation requires contract review,1,%,SC EMG envelope documented; CAP representation NOT_VERIFIED per channel,https://physionet.org/files/capslpdb/1.0.0/rbd7.edf,TRUE,Header-only; no signal samples read.
CAP Sleep Database v1.0.0,NOT_VERIFIED,rbd7.edf,NOT_VERIFIED,HR,OTHER,encoded in label; anatomical/reference interpretation requires contract review,1,BPM,SC EMG envelope documented; CAP representation NOT_VERIFIED per channel,https://physionet.org/files/capslpdb/1.0.0/rbd7.edf,TRUE,Header-only; no signal samples read.
CAP Sleep Database v1.0.0,NOT_VERIFIED,rbd7.edf,NOT_VERIFIED,PLETH,OTHER,encoded in label; anatomical/reference interpretation requires contract review,128,mV,SC EMG envelope documented; CAP representation NOT_VERIFIED per channel,https://physionet.org/files/capslpdb/1.0.0/rbd7.edf,TRUE,Header-only; no signal samples read.
CAP Sleep Database v1.0.0,NOT_VERIFIED,rbd7.edf,NOT_VERIFIED,STAT,OTHER,encoded in label; anatomical/reference interpretation requires contract review,1,,SC EMG envelope documented; CAP representation NOT_VERIFIED per channel,https://physionet.org/files/capslpdb/1.0.0/rbd7.edf,TRUE,Header-only; no signal samples read.
CAP Sleep Database v1.0.0,NOT_VERIFIED,rbd8.edf,NOT_VERIFIED,ROC-LOC,EOG,encoded in label; anatomical/reference interpretation requires contract review,128,uV,SC EMG envelope documented; CAP representation NOT_VERIFIED per channel,https://physionet.org/files/capslpdb/1.0.0/rbd8.edf,TRUE,Header-only; no signal samples read.
CAP Sleep Database v1.0.0,NOT_VERIFIED,rbd8.edf,NOT_VERIFIED,Fp2-F4,EEG,encoded in label; anatomical/reference interpretation requires contract review,512,uV,SC EMG envelope documented; CAP representation NOT_VERIFIED per channel,https://physionet.org/files/capslpdb/1.0.0/rbd8.edf,TRUE,Header-only; no signal samples read.
CAP Sleep Database v1.0.0,NOT_VERIFIED,rbd8.edf,NOT_VERIFIED,F4-C4,EEG,encoded in label; anatomical/reference interpretation requires contract review,512,uV,SC EMG envelope documented; CAP representation NOT_VERIFIED per channel,https://physionet.org/files/capslpdb/1.0.0/rbd8.edf,TRUE,Header-only; no signal samples read.
CAP Sleep Database v1.0.0,NOT_VERIFIED,rbd8.edf,NOT_VERIFIED,C4-P4,EEG,encoded in label; anatomical/reference interpretation requires contract review,512,uV,SC EMG envelope documented; CAP representation NOT_VERIFIED per channel,https://physionet.org/files/capslpdb/1.0.0/rbd8.edf,TRUE,Header-only; no signal samples read.
CAP Sleep Database v1.0.0,NOT_VERIFIED,rbd8.edf,NOT_VERIFIED,P4-O2,EEG,encoded in label; anatomical/reference interpretation requires contract review,512,uV,SC EMG envelope documented; CAP representation NOT_VERIFIED per channel,https://physionet.org/files/capslpdb/1.0.0/rbd8.edf,TRUE,Header-only; no signal samples read.
CAP Sleep Database v1.0.0,NOT_VERIFIED,rbd8.edf,NOT_VERIFIED,FP1-F3,EEG,encoded in label; anatomical/reference interpretation requires contract review,512,uV,SC EMG envelope documented; CAP representation NOT_VERIFIED per channel,https://physionet.org/files/capslpdb/1.0.0/rbd8.edf,TRUE,Header-only; no signal samples read.
CAP Sleep Database v1.0.0,NOT_VERIFIED,rbd8.edf,NOT_VERIFIED,F3-C3,EEG,encoded in label; anatomical/reference interpretation requires contract review,512,uV,SC EMG envelope documented; CAP representation NOT_VERIFIED per channel,https://physionet.org/files/capslpdb/1.0.0/rbd8.edf,TRUE,Header-only; no signal samples read.
CAP Sleep Database v1.0.0,NOT_VERIFIED,rbd8.edf,NOT_VERIFIED,C3-P3,EEG,encoded in label; anatomical/reference interpretation requires contract review,512,uV,SC EMG envelope documented; CAP representation NOT_VERIFIED per channel,https://physionet.org/files/capslpdb/1.0.0/rbd8.edf,TRUE,Header-only; no signal samples read.
CAP Sleep Database v1.0.0,NOT_VERIFIED,rbd8.edf,NOT_VERIFIED,P3-O1,EEG,encoded in label; anatomical/reference interpretation requires contract review,512,uV,SC EMG envelope documented; CAP representation NOT_VERIFIED per channel,https://physionet.org/files/capslpdb/1.0.0/rbd8.edf,TRUE,Header-only; no signal samples read.
CAP Sleep Database v1.0.0,NOT_VERIFIED,rbd8.edf,NOT_VERIFIED,C4-A1,EEG,encoded in label; anatomical/reference interpretation requires contract review,512,uV,SC EMG envelope documented; CAP representation NOT_VERIFIED per channel,https://physionet.org/files/capslpdb/1.0.0/rbd8.edf,TRUE,Header-only; no signal samples read.
CAP Sleep Database v1.0.0,NOT_VERIFIED,rbd8.edf,NOT_VERIFIED,EMG1-EMG2,EMG,encoded in label; anatomical/reference interpretation requires contract review,512,mV,SC EMG envelope documented; CAP representation NOT_VERIFIED per channel,https://physionet.org/files/capslpdb/1.0.0/rbd8.edf,TRUE,Header-only; no signal samples read.
CAP Sleep Database v1.0.0,NOT_VERIFIED,rbd8.edf,NOT_VERIFIED,ECG1-ECG2,OTHER,encoded in label; anatomical/reference interpretation requires contract review,512,mV,SC EMG envelope documented; CAP representation NOT_VERIFIED per channel,https://physionet.org/files/capslpdb/1.0.0/rbd8.edf,TRUE,Header-only; no signal samples read.
CAP Sleep Database v1.0.0,NOT_VERIFIED,rbd8.edf,NOT_VERIFIED,DX1-DX2,OTHER,encoded in label; anatomical/reference interpretation requires contract review,128,uV,SC EMG envelope documented; CAP representation NOT_VERIFIED per channel,https://physionet.org/files/capslpdb/1.0.0/rbd8.edf,TRUE,Header-only; no signal samples read.
CAP Sleep Database v1.0.0,NOT_VERIFIED,rbd8.edf,NOT_VERIFIED,SX1-SX2,OTHER,encoded in label; anatomical/reference interpretation requires contract review,128,uV,SC EMG envelope documented; CAP representation NOT_VERIFIED per channel,https://physionet.org/files/capslpdb/1.0.0/rbd8.edf,TRUE,Header-only; no signal samples read.
CAP Sleep Database v1.0.0,NOT_VERIFIED,rbd8.edf,NOT_VERIFIED,F8-T4,OTHER,encoded in label; anatomical/reference interpretation requires contract review,512,uV,SC EMG envelope documented; CAP representation NOT_VERIFIED per channel,https://physionet.org/files/capslpdb/1.0.0/rbd8.edf,TRUE,Header-only; no signal samples read.
CAP Sleep Database v1.0.0,NOT_VERIFIED,rbd8.edf,NOT_VERIFIED,F7-T3,OTHER,encoded in label; anatomical/reference interpretation requires contract review,512,uV,SC EMG envelope documented; CAP representation NOT_VERIFIED per channel,https://physionet.org/files/capslpdb/1.0.0/rbd8.edf,TRUE,Header-only; no signal samples read.
CAP Sleep Database v1.0.0,NOT_VERIFIED,rbd8.edf,NOT_VERIFIED,TORACE,OTHER,encoded in label; anatomical/reference interpretation requires contract review,64,mV,SC EMG envelope documented; CAP representation NOT_VERIFIED per channel,https://physionet.org/files/capslpdb/1.0.0/rbd8.edf,TRUE,Header-only; no signal samples read.
CAP Sleep Database v1.0.0,NOT_VERIFIED,rbd8.edf,NOT_VERIFIED,ADDOME,OTHER,encoded in label; anatomical/reference interpretation requires contract review,64,mV,SC EMG envelope documented; CAP representation NOT_VERIFIED per channel,https://physionet.org/files/capslpdb/1.0.0/rbd8.edf,TRUE,Header-only; no signal samples read.
CAP Sleep Database v1.0.0,NOT_VERIFIED,rbd8.edf,NOT_VERIFIED,SAO2,EEG,encoded in label; anatomical/reference interpretation requires contract review,1,%,SC EMG envelope documented; CAP representation NOT_VERIFIED per channel,https://physionet.org/files/capslpdb/1.0.0/rbd8.edf,TRUE,Header-only; no signal samples read.
CAP Sleep Database v1.0.0,NOT_VERIFIED,rbd8.edf,NOT_VERIFIED,HR,OTHER,encoded in label; anatomical/reference interpretation requires contract review,1,BPM,SC EMG envelope documented; CAP representation NOT_VERIFIED per channel,https://physionet.org/files/capslpdb/1.0.0/rbd8.edf,TRUE,Header-only; no signal samples read.
CAP Sleep Database v1.0.0,NOT_VERIFIED,rbd8.edf,NOT_VERIFIED,PLETH,OTHER,encoded in label; anatomical/reference interpretation requires contract review,128,mV,SC EMG envelope documented; CAP representation NOT_VERIFIED per channel,https://physionet.org/files/capslpdb/1.0.0/rbd8.edf,TRUE,Header-only; no signal samples read.
CAP Sleep Database v1.0.0,NOT_VERIFIED,rbd8.edf,NOT_VERIFIED,STAT,OTHER,encoded in label; anatomical/reference interpretation requires contract review,1,,SC EMG envelope documented; CAP representation NOT_VERIFIED per channel,https://physionet.org/files/capslpdb/1.0.0/rbd8.edf,TRUE,Header-only; no signal samples read.
CAP Sleep Database v1.0.0,NOT_VERIFIED,rbd9.edf,NOT_VERIFIED,ROC-LOC,EOG,encoded in label; anatomical/reference interpretation requires contract review,128,uV,SC EMG envelope documented; CAP representation NOT_VERIFIED per channel,https://physionet.org/files/capslpdb/1.0.0/rbd9.edf,TRUE,Header-only; no signal samples read.
CAP Sleep Database v1.0.0,NOT_VERIFIED,rbd9.edf,NOT_VERIFIED,Fp2-F4,EEG,encoded in label; anatomical/reference interpretation requires contract review,512,uV,SC EMG envelope documented; CAP representation NOT_VERIFIED per channel,https://physionet.org/files/capslpdb/1.0.0/rbd9.edf,TRUE,Header-only; no signal samples read.
CAP Sleep Database v1.0.0,NOT_VERIFIED,rbd9.edf,NOT_VERIFIED,F4-C4,EEG,encoded in label; anatomical/reference interpretation requires contract review,512,uV,SC EMG envelope documented; CAP representation NOT_VERIFIED per channel,https://physionet.org/files/capslpdb/1.0.0/rbd9.edf,TRUE,Header-only; no signal samples read.
CAP Sleep Database v1.0.0,NOT_VERIFIED,rbd9.edf,NOT_VERIFIED,C4-P4,EEG,encoded in label; anatomical/reference interpretation requires contract review,512,uV,SC EMG envelope documented; CAP representation NOT_VERIFIED per channel,https://physionet.org/files/capslpdb/1.0.0/rbd9.edf,TRUE,Header-only; no signal samples read.
CAP Sleep Database v1.0.0,NOT_VERIFIED,rbd9.edf,NOT_VERIFIED,P4-O2,EEG,encoded in label; anatomical/reference interpretation requires contract review,512,uV,SC EMG envelope documented; CAP representation NOT_VERIFIED per channel,https://physionet.org/files/capslpdb/1.0.0/rbd9.edf,TRUE,Header-only; no signal samples read.
CAP Sleep Database v1.0.0,NOT_VERIFIED,rbd9.edf,NOT_VERIFIED,FP1-F3,EEG,encoded in label; anatomical/reference interpretation requires contract review,512,uV,SC EMG envelope documented; CAP representation NOT_VERIFIED per channel,https://physionet.org/files/capslpdb/1.0.0/rbd9.edf,TRUE,Header-only; no signal samples read.
CAP Sleep Database v1.0.0,NOT_VERIFIED,rbd9.edf,NOT_VERIFIED,F3-C3,EEG,encoded in label; anatomical/reference interpretation requires contract review,512,uV,SC EMG envelope documented; CAP representation NOT_VERIFIED per channel,https://physionet.org/files/capslpdb/1.0.0/rbd9.edf,TRUE,Header-only; no signal samples read.
CAP Sleep Database v1.0.0,NOT_VERIFIED,rbd9.edf,NOT_VERIFIED,C3-P3,EEG,encoded in label; anatomical/reference interpretation requires contract review,512,uV,SC EMG envelope documented; CAP representation NOT_VERIFIED per channel,https://physionet.org/files/capslpdb/1.0.0/rbd9.edf,TRUE,Header-only; no signal samples read.
CAP Sleep Database v1.0.0,NOT_VERIFIED,rbd9.edf,NOT_VERIFIED,P3-O1,EEG,encoded in label; anatomical/reference interpretation requires contract review,512,uV,SC EMG envelope documented; CAP representation NOT_VERIFIED per channel,https://physionet.org/files/capslpdb/1.0.0/rbd9.edf,TRUE,Header-only; no signal samples read.
CAP Sleep Database v1.0.0,NOT_VERIFIED,rbd9.edf,NOT_VERIFIED,C4-A1,EEG,encoded in label; anatomical/reference interpretation requires contract review,512,uV,SC EMG envelope documented; CAP representation NOT_VERIFIED per channel,https://physionet.org/files/capslpdb/1.0.0/rbd9.edf,TRUE,Header-only; no signal samples read.
CAP Sleep Database v1.0.0,NOT_VERIFIED,rbd9.edf,NOT_VERIFIED,EMG1-EMG2,EMG,encoded in label; anatomical/reference interpretation requires contract review,512,uV,SC EMG envelope documented; CAP representation NOT_VERIFIED per channel,https://physionet.org/files/capslpdb/1.0.0/rbd9.edf,TRUE,Header-only; no signal samples read.
CAP Sleep Database v1.0.0,NOT_VERIFIED,rbd9.edf,NOT_VERIFIED,ECG1-ECG2,OTHER,encoded in label; anatomical/reference interpretation requires contract review,512,mV,SC EMG envelope documented; CAP representation NOT_VERIFIED per channel,https://physionet.org/files/capslpdb/1.0.0/rbd9.edf,TRUE,Header-only; no signal samples read.
CAP Sleep Database v1.0.0,NOT_VERIFIED,rbd9.edf,NOT_VERIFIED,DX1-DX2,OTHER,encoded in label; anatomical/reference interpretation requires contract review,128,uV,SC EMG envelope documented; CAP representation NOT_VERIFIED per channel,https://physionet.org/files/capslpdb/1.0.0/rbd9.edf,TRUE,Header-only; no signal samples read.
CAP Sleep Database v1.0.0,NOT_VERIFIED,rbd9.edf,NOT_VERIFIED,SX1-SX2,OTHER,encoded in label; anatomical/reference interpretation requires contract review,128,uV,SC EMG envelope documented; CAP representation NOT_VERIFIED per channel,https://physionet.org/files/capslpdb/1.0.0/rbd9.edf,TRUE,Header-only; no signal samples read.
CAP Sleep Database v1.0.0,NOT_VERIFIED,rbd9.edf,NOT_VERIFIED,F8-T4,OTHER,encoded in label; anatomical/reference interpretation requires contract review,512,uV,SC EMG envelope documented; CAP representation NOT_VERIFIED per channel,https://physionet.org/files/capslpdb/1.0.0/rbd9.edf,TRUE,Header-only; no signal samples read.
CAP Sleep Database v1.0.0,NOT_VERIFIED,rbd9.edf,NOT_VERIFIED,F7-T3,OTHER,encoded in label; anatomical/reference interpretation requires contract review,512,uV,SC EMG envelope documented; CAP representation NOT_VERIFIED per channel,https://physionet.org/files/capslpdb/1.0.0/rbd9.edf,TRUE,Header-only; no signal samples read.
CAP Sleep Database v1.0.0,NOT_VERIFIED,rbd9.edf,NOT_VERIFIED,SAO2,EEG,encoded in label; anatomical/reference interpretation requires contract review,1,%,SC EMG envelope documented; CAP representation NOT_VERIFIED per channel,https://physionet.org/files/capslpdb/1.0.0/rbd9.edf,TRUE,Header-only; no signal samples read.
CAP Sleep Database v1.0.0,NOT_VERIFIED,rbd9.edf,NOT_VERIFIED,HR,OTHER,encoded in label; anatomical/reference interpretation requires contract review,1,BPM,SC EMG envelope documented; CAP representation NOT_VERIFIED per channel,https://physionet.org/files/capslpdb/1.0.0/rbd9.edf,TRUE,Header-only; no signal samples read.
CAP Sleep Database v1.0.0,NOT_VERIFIED,rbd9.edf,NOT_VERIFIED,PLETH,OTHER,encoded in label; anatomical/reference interpretation requires contract review,128,mV,SC EMG envelope documented; CAP representation NOT_VERIFIED per channel,https://physionet.org/files/capslpdb/1.0.0/rbd9.edf,TRUE,Header-only; no signal samples read.
CAP Sleep Database v1.0.0,NOT_VERIFIED,rbd9.edf,NOT_VERIFIED,STAT,OTHER,encoded in label; anatomical/reference interpretation requires contract review,1,,SC EMG envelope documented; CAP representation NOT_VERIFIED per channel,https://physionet.org/files/capslpdb/1.0.0/rbd9.edf,TRUE,Header-only; no signal samples read.
CAP Sleep Database v1.0.0,NOT_VERIFIED,sdb1.edf,NOT_VERIFIED,Fp2-F4,EEG,encoded in label; anatomical/reference interpretation requires contract review,256,uV,SC EMG envelope documented; CAP representation NOT_VERIFIED per channel,https://physionet.org/files/capslpdb/1.0.0/sdb1.edf,TRUE,Header-only; no signal samples read.
CAP Sleep Database v1.0.0,NOT_VERIFIED,sdb1.edf,NOT_VERIFIED,F4-C4,EEG,encoded in label; anatomical/reference interpretation requires contract review,256,uV,SC EMG envelope documented; CAP representation NOT_VERIFIED per channel,https://physionet.org/files/capslpdb/1.0.0/sdb1.edf,TRUE,Header-only; no signal samples read.
CAP Sleep Database v1.0.0,NOT_VERIFIED,sdb1.edf,NOT_VERIFIED,C4-P4,EEG,encoded in label; anatomical/reference interpretation requires contract review,256,uV,SC EMG envelope documented; CAP representation NOT_VERIFIED per channel,https://physionet.org/files/capslpdb/1.0.0/sdb1.edf,TRUE,Header-only; no signal samples read.
CAP Sleep Database v1.0.0,NOT_VERIFIED,sdb1.edf,NOT_VERIFIED,P4-O2,EEG,encoded in label; anatomical/reference interpretation requires contract review,256,uV,SC EMG envelope documented; CAP representation NOT_VERIFIED per channel,https://physionet.org/files/capslpdb/1.0.0/sdb1.edf,TRUE,Header-only; no signal samples read.
CAP Sleep Database v1.0.0,NOT_VERIFIED,sdb1.edf,NOT_VERIFIED,C4-A1,EEG,encoded in label; anatomical/reference interpretation requires contract review,256,uV,SC EMG envelope documented; CAP representation NOT_VERIFIED per channel,https://physionet.org/files/capslpdb/1.0.0/sdb1.edf,TRUE,Header-only; no signal samples read.
CAP Sleep Database v1.0.0,NOT_VERIFIED,sdb1.edf,NOT_VERIFIED,ROC-LOC,EOG,encoded in label; anatomical/reference interpretation requires contract review,256,uV,SC EMG envelope documented; CAP representation NOT_VERIFIED per channel,https://physionet.org/files/capslpdb/1.0.0/sdb1.edf,TRUE,Header-only; no signal samples read.
CAP Sleep Database v1.0.0,NOT_VERIFIED,sdb1.edf,NOT_VERIFIED,EMG1-EMG2,EMG,encoded in label; anatomical/reference interpretation requires contract review,128,uV,SC EMG envelope documented; CAP representation NOT_VERIFIED per channel,https://physionet.org/files/capslpdb/1.0.0/sdb1.edf,TRUE,Header-only; no signal samples read.
CAP Sleep Database v1.0.0,NOT_VERIFIED,sdb1.edf,NOT_VERIFIED,ECG1-ECG2,OTHER,encoded in label; anatomical/reference interpretation requires contract review,128,uV,SC EMG envelope documented; CAP representation NOT_VERIFIED per channel,https://physionet.org/files/capslpdb/1.0.0/sdb1.edf,TRUE,Header-only; no signal samples read.
CAP Sleep Database v1.0.0,NOT_VERIFIED,sdb1.edf,NOT_VERIFIED,TIB Sx,EMG,encoded in label; anatomical/reference interpretation requires contract review,128,mV,SC EMG envelope documented; CAP representation NOT_VERIFIED per channel,https://physionet.org/files/capslpdb/1.0.0/sdb1.edf,TRUE,Header-only; no signal samples read.
CAP Sleep Database v1.0.0,NOT_VERIFIED,sdb1.edf,NOT_VERIFIED,TIB Dx,EMG,encoded in label; anatomical/reference interpretation requires contract review,128,mV,SC EMG envelope documented; CAP representation NOT_VERIFIED per channel,https://physionet.org/files/capslpdb/1.0.0/sdb1.edf,TRUE,Header-only; no signal samples read.
CAP Sleep Database v1.0.0,NOT_VERIFIED,sdb1.edf,NOT_VERIFIED,SAO2,EEG,encoded in label; anatomical/reference interpretation requires contract review,1,%,SC EMG envelope documented; CAP representation NOT_VERIFIED per channel,https://physionet.org/files/capslpdb/1.0.0/sdb1.edf,TRUE,Header-only; no signal samples read.
CAP Sleep Database v1.0.0,NOT_VERIFIED,sdb1.edf,NOT_VERIFIED,HR,OTHER,encoded in label; anatomical/reference interpretation requires contract review,1,BPM,SC EMG envelope documented; CAP representation NOT_VERIFIED per channel,https://physionet.org/files/capslpdb/1.0.0/sdb1.edf,TRUE,Header-only; no signal samples read.
CAP Sleep Database v1.0.0,NOT_VERIFIED,sdb1.edf,NOT_VERIFIED,PLETH,OTHER,encoded in label; anatomical/reference interpretation requires contract review,128,mV,SC EMG envelope documented; CAP representation NOT_VERIFIED per channel,https://physionet.org/files/capslpdb/1.0.0/sdb1.edf,TRUE,Header-only; no signal samples read.
CAP Sleep Database v1.0.0,NOT_VERIFIED,sdb1.edf,NOT_VERIFIED,MIC,OTHER,encoded in label; anatomical/reference interpretation requires contract review,256,uV,SC EMG envelope documented; CAP representation NOT_VERIFIED per channel,https://physionet.org/files/capslpdb/1.0.0/sdb1.edf,TRUE,Header-only; no signal samples read.
CAP Sleep Database v1.0.0,NOT_VERIFIED,sdb1.edf,NOT_VERIFIED,Flusso,OTHER,encoded in label; anatomical/reference interpretation requires contract review,8,mV,SC EMG envelope documented; CAP representation NOT_VERIFIED per channel,https://physionet.org/files/capslpdb/1.0.0/sdb1.edf,TRUE,Header-only; no signal samples read.
CAP Sleep Database v1.0.0,NOT_VERIFIED,sdb1.edf,NOT_VERIFIED,TORACE,OTHER,encoded in label; anatomical/reference interpretation requires contract review,64,mV,SC EMG envelope documented; CAP representation NOT_VERIFIED per channel,https://physionet.org/files/capslpdb/1.0.0/sdb1.edf,TRUE,Header-only; no signal samples read.
CAP Sleep Database v1.0.0,NOT_VERIFIED,sdb1.edf,NOT_VERIFIED,ADDDOME,OTHER,encoded in label; anatomical/reference interpretation requires contract review,64,mV,SC EMG envelope documented; CAP representation NOT_VERIFIED per channel,https://physionet.org/files/capslpdb/1.0.0/sdb1.edf,TRUE,Header-only; no signal samples read.
CAP Sleep Database v1.0.0,NOT_VERIFIED,sdb2.edf,NOT_VERIFIED,Fp2-F4,EEG,encoded in label; anatomical/reference interpretation requires contract review,256,uV,SC EMG envelope documented; CAP representation NOT_VERIFIED per channel,https://physionet.org/files/capslpdb/1.0.0/sdb2.edf,TRUE,Header-only; no signal samples read.
CAP Sleep Database v1.0.0,NOT_VERIFIED,sdb2.edf,NOT_VERIFIED,F4-C4,EEG,encoded in label; anatomical/reference interpretation requires contract review,256,uV,SC EMG envelope documented; CAP representation NOT_VERIFIED per channel,https://physionet.org/files/capslpdb/1.0.0/sdb2.edf,TRUE,Header-only; no signal samples read.
CAP Sleep Database v1.0.0,NOT_VERIFIED,sdb2.edf,NOT_VERIFIED,C4-P4,EEG,encoded in label; anatomical/reference interpretation requires contract review,256,uV,SC EMG envelope documented; CAP representation NOT_VERIFIED per channel,https://physionet.org/files/capslpdb/1.0.0/sdb2.edf,TRUE,Header-only; no signal samples read.
CAP Sleep Database v1.0.0,NOT_VERIFIED,sdb2.edf,NOT_VERIFIED,P4-O2,EEG,encoded in label; anatomical/reference interpretation requires contract review,256,uV,SC EMG envelope documented; CAP representation NOT_VERIFIED per channel,https://physionet.org/files/capslpdb/1.0.0/sdb2.edf,TRUE,Header-only; no signal samples read.
CAP Sleep Database v1.0.0,NOT_VERIFIED,sdb2.edf,NOT_VERIFIED,C4-A1,EEG,encoded in label; anatomical/reference interpretation requires contract review,256,uV,SC EMG envelope documented; CAP representation NOT_VERIFIED per channel,https://physionet.org/files/capslpdb/1.0.0/sdb2.edf,TRUE,Header-only; no signal samples read.
CAP Sleep Database v1.0.0,NOT_VERIFIED,sdb2.edf,NOT_VERIFIED,ROC-LOC,EOG,encoded in label; anatomical/reference interpretation requires contract review,128,mV,SC EMG envelope documented; CAP representation NOT_VERIFIED per channel,https://physionet.org/files/capslpdb/1.0.0/sdb2.edf,TRUE,Header-only; no signal samples read.
CAP Sleep Database v1.0.0,NOT_VERIFIED,sdb2.edf,NOT_VERIFIED,EMG1-EMG2,EMG,encoded in label; anatomical/reference interpretation requires contract review,128,uV,SC EMG envelope documented; CAP representation NOT_VERIFIED per channel,https://physionet.org/files/capslpdb/1.0.0/sdb2.edf,TRUE,Header-only; no signal samples read.
CAP Sleep Database v1.0.0,NOT_VERIFIED,sdb2.edf,NOT_VERIFIED,ECG1-ECG2,OTHER,encoded in label; anatomical/reference interpretation requires contract review,128,uV,SC EMG envelope documented; CAP representation NOT_VERIFIED per channel,https://physionet.org/files/capslpdb/1.0.0/sdb2.edf,TRUE,Header-only; no signal samples read.
CAP Sleep Database v1.0.0,NOT_VERIFIED,sdb2.edf,NOT_VERIFIED,Flusso,OTHER,encoded in label; anatomical/reference interpretation requires contract review,8,mV,SC EMG envelope documented; CAP representation NOT_VERIFIED per channel,https://physionet.org/files/capslpdb/1.0.0/sdb2.edf,TRUE,Header-only; no signal samples read.
CAP Sleep Database v1.0.0,NOT_VERIFIED,sdb2.edf,NOT_VERIFIED,TORACE,OTHER,encoded in label; anatomical/reference interpretation requires contract review,64,mV,SC EMG envelope documented; CAP representation NOT_VERIFIED per channel,https://physionet.org/files/capslpdb/1.0.0/sdb2.edf,TRUE,Header-only; no signal samples read.
CAP Sleep Database v1.0.0,NOT_VERIFIED,sdb2.edf,NOT_VERIFIED,ADDDOME,OTHER,encoded in label; anatomical/reference interpretation requires contract review,64,mV,SC EMG envelope documented; CAP representation NOT_VERIFIED per channel,https://physionet.org/files/capslpdb/1.0.0/sdb2.edf,TRUE,Header-only; no signal samples read.
CAP Sleep Database v1.0.0,NOT_VERIFIED,sdb2.edf,NOT_VERIFIED,SAO2,EEG,encoded in label; anatomical/reference interpretation requires contract review,1,%,SC EMG envelope documented; CAP representation NOT_VERIFIED per channel,https://physionet.org/files/capslpdb/1.0.0/sdb2.edf,TRUE,Header-only; no signal samples read.
CAP Sleep Database v1.0.0,NOT_VERIFIED,sdb2.edf,NOT_VERIFIED,SX1-SX2,OTHER,encoded in label; anatomical/reference interpretation requires contract review,256,uV,SC EMG envelope documented; CAP representation NOT_VERIFIED per channel,https://physionet.org/files/capslpdb/1.0.0/sdb2.edf,TRUE,Header-only; no signal samples read.
CAP Sleep Database v1.0.0,NOT_VERIFIED,sdb2.edf,NOT_VERIFIED,DX1-DX2,OTHER,encoded in label; anatomical/reference interpretation requires contract review,256,uV,SC EMG envelope documented; CAP representation NOT_VERIFIED per channel,https://physionet.org/files/capslpdb/1.0.0/sdb2.edf,TRUE,Header-only; no signal samples read.
CAP Sleep Database v1.0.0,NOT_VERIFIED,sdb2.edf,NOT_VERIFIED,HR,OTHER,encoded in label; anatomical/reference interpretation requires contract review,1,BPM,SC EMG envelope documented; CAP representation NOT_VERIFIED per channel,https://physionet.org/files/capslpdb/1.0.0/sdb2.edf,TRUE,Header-only; no signal samples read.
CAP Sleep Database v1.0.0,NOT_VERIFIED,sdb2.edf,NOT_VERIFIED,PLETH,OTHER,encoded in label; anatomical/reference interpretation requires contract review,128,V,SC EMG envelope documented; CAP representation NOT_VERIFIED per channel,https://physionet.org/files/capslpdb/1.0.0/sdb2.edf,TRUE,Header-only; no signal samples read.
CAP Sleep Database v1.0.0,NOT_VERIFIED,sdb3.edf,NOT_VERIFIED,ROC-LOC,EOG,encoded in label; anatomical/reference interpretation requires contract review,512,uV,SC EMG envelope documented; CAP representation NOT_VERIFIED per channel,https://physionet.org/files/capslpdb/1.0.0/sdb3.edf,TRUE,Header-only; no signal samples read.
CAP Sleep Database v1.0.0,NOT_VERIFIED,sdb3.edf,NOT_VERIFIED,LOC-ROC,EOG,encoded in label; anatomical/reference interpretation requires contract review,512,uV,SC EMG envelope documented; CAP representation NOT_VERIFIED per channel,https://physionet.org/files/capslpdb/1.0.0/sdb3.edf,TRUE,Header-only; no signal samples read.
CAP Sleep Database v1.0.0,NOT_VERIFIED,sdb3.edf,NOT_VERIFIED,F2-F4,EEG,encoded in label; anatomical/reference interpretation requires contract review,512,uV,SC EMG envelope documented; CAP representation NOT_VERIFIED per channel,https://physionet.org/files/capslpdb/1.0.0/sdb3.edf,TRUE,Header-only; no signal samples read.
CAP Sleep Database v1.0.0,NOT_VERIFIED,sdb3.edf,NOT_VERIFIED,F4-C4,EEG,encoded in label; anatomical/reference interpretation requires contract review,512,uV,SC EMG envelope documented; CAP representation NOT_VERIFIED per channel,https://physionet.org/files/capslpdb/1.0.0/sdb3.edf,TRUE,Header-only; no signal samples read.
CAP Sleep Database v1.0.0,NOT_VERIFIED,sdb3.edf,NOT_VERIFIED,C4-P4,EEG,encoded in label; anatomical/reference interpretation requires contract review,512,uV,SC EMG envelope documented; CAP representation NOT_VERIFIED per channel,https://physionet.org/files/capslpdb/1.0.0/sdb3.edf,TRUE,Header-only; no signal samples read.
CAP Sleep Database v1.0.0,NOT_VERIFIED,sdb3.edf,NOT_VERIFIED,P4-O2,EEG,encoded in label; anatomical/reference interpretation requires contract review,512,uV,SC EMG envelope documented; CAP representation NOT_VERIFIED per channel,https://physionet.org/files/capslpdb/1.0.0/sdb3.edf,TRUE,Header-only; no signal samples read.
CAP Sleep Database v1.0.0,NOT_VERIFIED,sdb3.edf,NOT_VERIFIED,C4-A1,EEG,encoded in label; anatomical/reference interpretation requires contract review,512,uV,SC EMG envelope documented; CAP representation NOT_VERIFIED per channel,https://physionet.org/files/capslpdb/1.0.0/sdb3.edf,TRUE,Header-only; no signal samples read.
CAP Sleep Database v1.0.0,NOT_VERIFIED,sdb3.edf,NOT_VERIFIED,EMG1-EMG2,EMG,encoded in label; anatomical/reference interpretation requires contract review,256,uV,SC EMG envelope documented; CAP representation NOT_VERIFIED per channel,https://physionet.org/files/capslpdb/1.0.0/sdb3.edf,TRUE,Header-only; no signal samples read.
CAP Sleep Database v1.0.0,NOT_VERIFIED,sdb3.edf,NOT_VERIFIED,ECG1-ECG2,OTHER,encoded in label; anatomical/reference interpretation requires contract review,512,uV,SC EMG envelope documented; CAP representation NOT_VERIFIED per channel,https://physionet.org/files/capslpdb/1.0.0/sdb3.edf,TRUE,Header-only; no signal samples read.
CAP Sleep Database v1.0.0,NOT_VERIFIED,sdb3.edf,NOT_VERIFIED,TERMISTORE,OTHER,encoded in label; anatomical/reference interpretation requires contract review,64,uV,SC EMG envelope documented; CAP representation NOT_VERIFIED per channel,https://physionet.org/files/capslpdb/1.0.0/sdb3.edf,TRUE,Header-only; no signal samples read.
CAP Sleep Database v1.0.0,NOT_VERIFIED,sdb3.edf,NOT_VERIFIED,TORACE,OTHER,encoded in label; anatomical/reference interpretation requires contract review,64,mV,SC EMG envelope documented; CAP representation NOT_VERIFIED per channel,https://physionet.org/files/capslpdb/1.0.0/sdb3.edf,TRUE,Header-only; no signal samples read.
CAP Sleep Database v1.0.0,NOT_VERIFIED,sdb3.edf,NOT_VERIFIED,ADDOME,OTHER,encoded in label; anatomical/reference interpretation requires contract review,64,mV,SC EMG envelope documented; CAP representation NOT_VERIFIED per channel,https://physionet.org/files/capslpdb/1.0.0/sdb3.edf,TRUE,Header-only; no signal samples read.
CAP Sleep Database v1.0.0,NOT_VERIFIED,sdb3.edf,NOT_VERIFIED,Dx1-DX2,OTHER,encoded in label; anatomical/reference interpretation requires contract review,256,uV,SC EMG envelope documented; CAP representation NOT_VERIFIED per channel,https://physionet.org/files/capslpdb/1.0.0/sdb3.edf,TRUE,Header-only; no signal samples read.
CAP Sleep Database v1.0.0,NOT_VERIFIED,sdb3.edf,NOT_VERIFIED,SX1-SX2,OTHER,encoded in label; anatomical/reference interpretation requires contract review,256,uV,SC EMG envelope documented; CAP representation NOT_VERIFIED per channel,https://physionet.org/files/capslpdb/1.0.0/sdb3.edf,TRUE,Header-only; no signal samples read.
CAP Sleep Database v1.0.0,NOT_VERIFIED,sdb3.edf,NOT_VERIFIED,Posizione,OTHER,encoded in label; anatomical/reference interpretation requires contract review,64,,SC EMG envelope documented; CAP representation NOT_VERIFIED per channel,https://physionet.org/files/capslpdb/1.0.0/sdb3.edf,TRUE,Header-only; no signal samples read.
CAP Sleep Database v1.0.0,NOT_VERIFIED,sdb3.edf,NOT_VERIFIED,HR,OTHER,encoded in label; anatomical/reference interpretation requires contract review,1,BPM,SC EMG envelope documented; CAP representation NOT_VERIFIED per channel,https://physionet.org/files/capslpdb/1.0.0/sdb3.edf,TRUE,Header-only; no signal samples read.
CAP Sleep Database v1.0.0,NOT_VERIFIED,sdb3.edf,NOT_VERIFIED,SpO2,EEG,encoded in label; anatomical/reference interpretation requires contract review,1,%,SC EMG envelope documented; CAP representation NOT_VERIFIED per channel,https://physionet.org/files/capslpdb/1.0.0/sdb3.edf,TRUE,Header-only; no signal samples read.
CAP Sleep Database v1.0.0,NOT_VERIFIED,sdb3.edf,NOT_VERIFIED,Sound,OTHER,encoded in label; anatomical/reference interpretation requires contract review,128,uV,SC EMG envelope documented; CAP representation NOT_VERIFIED per channel,https://physionet.org/files/capslpdb/1.0.0/sdb3.edf,TRUE,Header-only; no signal samples read.
CAP Sleep Database v1.0.0,NOT_VERIFIED,sdb4.edf,NOT_VERIFIED,ROC-LOC,EOG,encoded in label; anatomical/reference interpretation requires contract review,128,mV,SC EMG envelope documented; CAP representation NOT_VERIFIED per channel,https://physionet.org/files/capslpdb/1.0.0/sdb4.edf,TRUE,Header-only; no signal samples read.
CAP Sleep Database v1.0.0,NOT_VERIFIED,sdb4.edf,NOT_VERIFIED,Fp2-F4,EEG,encoded in label; anatomical/reference interpretation requires contract review,256,uV,SC EMG envelope documented; CAP representation NOT_VERIFIED per channel,https://physionet.org/files/capslpdb/1.0.0/sdb4.edf,TRUE,Header-only; no signal samples read.
CAP Sleep Database v1.0.0,NOT_VERIFIED,sdb4.edf,NOT_VERIFIED,F4-C4,EEG,encoded in label; anatomical/reference interpretation requires contract review,256,uV,SC EMG envelope documented; CAP representation NOT_VERIFIED per channel,https://physionet.org/files/capslpdb/1.0.0/sdb4.edf,TRUE,Header-only; no signal samples read.
CAP Sleep Database v1.0.0,NOT_VERIFIED,sdb4.edf,NOT_VERIFIED,C4-P4,EEG,encoded in label; anatomical/reference interpretation requires contract review,256,uV,SC EMG envelope documented; CAP representation NOT_VERIFIED per channel,https://physionet.org/files/capslpdb/1.0.0/sdb4.edf,TRUE,Header-only; no signal samples read.
CAP Sleep Database v1.0.0,NOT_VERIFIED,sdb4.edf,NOT_VERIFIED,P4-O2,EEG,encoded in label; anatomical/reference interpretation requires contract review,256,uV,SC EMG envelope documented; CAP representation NOT_VERIFIED per channel,https://physionet.org/files/capslpdb/1.0.0/sdb4.edf,TRUE,Header-only; no signal samples read.
CAP Sleep Database v1.0.0,NOT_VERIFIED,sdb4.edf,NOT_VERIFIED,C4-A1,EEG,encoded in label; anatomical/reference interpretation requires contract review,256,uV,SC EMG envelope documented; CAP representation NOT_VERIFIED per channel,https://physionet.org/files/capslpdb/1.0.0/sdb4.edf,TRUE,Header-only; no signal samples read.
CAP Sleep Database v1.0.0,NOT_VERIFIED,sdb4.edf,NOT_VERIFIED,EMG1-EMG2,EMG,encoded in label; anatomical/reference interpretation requires contract review,128,mV,SC EMG envelope documented; CAP representation NOT_VERIFIED per channel,https://physionet.org/files/capslpdb/1.0.0/sdb4.edf,TRUE,Header-only; no signal samples read.
CAP Sleep Database v1.0.0,NOT_VERIFIED,sdb4.edf,NOT_VERIFIED,ECG1-ECG2,OTHER,encoded in label; anatomical/reference interpretation requires contract review,128,mV,SC EMG envelope documented; CAP representation NOT_VERIFIED per channel,https://physionet.org/files/capslpdb/1.0.0/sdb4.edf,TRUE,Header-only; no signal samples read.
CAP Sleep Database v1.0.0,NOT_VERIFIED,sdb4.edf,NOT_VERIFIED,MIC,OTHER,encoded in label; anatomical/reference interpretation requires contract review,256,mV,SC EMG envelope documented; CAP representation NOT_VERIFIED per channel,https://physionet.org/files/capslpdb/1.0.0/sdb4.edf,TRUE,Header-only; no signal samples read.
CAP Sleep Database v1.0.0,NOT_VERIFIED,sdb4.edf,NOT_VERIFIED,Flusso,OTHER,encoded in label; anatomical/reference interpretation requires contract review,8,V,SC EMG envelope documented; CAP representation NOT_VERIFIED per channel,https://physionet.org/files/capslpdb/1.0.0/sdb4.edf,TRUE,Header-only; no signal samples read.
CAP Sleep Database v1.0.0,NOT_VERIFIED,sdb4.edf,NOT_VERIFIED,TORACE,OTHER,encoded in label; anatomical/reference interpretation requires contract review,64,mV,SC EMG envelope documented; CAP representation NOT_VERIFIED per channel,https://physionet.org/files/capslpdb/1.0.0/sdb4.edf,TRUE,Header-only; no signal samples read.
CAP Sleep Database v1.0.0,NOT_VERIFIED,sdb4.edf,NOT_VERIFIED,ADDDOME,OTHER,encoded in label; anatomical/reference interpretation requires contract review,64,mV,SC EMG envelope documented; CAP representation NOT_VERIFIED per channel,https://physionet.org/files/capslpdb/1.0.0/sdb4.edf,TRUE,Header-only; no signal samples read.
CAP Sleep Database v1.0.0,NOT_VERIFIED,sdb4.edf,NOT_VERIFIED,SAO2,EEG,encoded in label; anatomical/reference interpretation requires contract review,1,%,SC EMG envelope documented; CAP representation NOT_VERIFIED per channel,https://physionet.org/files/capslpdb/1.0.0/sdb4.edf,TRUE,Header-only; no signal samples read.
CAP Sleep Database v1.0.0,NOT_VERIFIED,sdb4.edf,NOT_VERIFIED,SX1-SX2,OTHER,encoded in label; anatomical/reference interpretation requires contract review,256,mV,SC EMG envelope documented; CAP representation NOT_VERIFIED per channel,https://physionet.org/files/capslpdb/1.0.0/sdb4.edf,TRUE,Header-only; no signal samples read.
CAP Sleep Database v1.0.0,NOT_VERIFIED,sdb4.edf,NOT_VERIFIED,DX1-DX2,OTHER,encoded in label; anatomical/reference interpretation requires contract review,256,mV,SC EMG envelope documented; CAP representation NOT_VERIFIED per channel,https://physionet.org/files/capslpdb/1.0.0/sdb4.edf,TRUE,Header-only; no signal samples read.
CAP Sleep Database v1.0.0,NOT_VERIFIED,sdb4.edf,NOT_VERIFIED,Position,OTHER,encoded in label; anatomical/reference interpretation requires contract review,64,,SC EMG envelope documented; CAP representation NOT_VERIFIED per channel,https://physionet.org/files/capslpdb/1.0.0/sdb4.edf,TRUE,Header-only; no signal samples read.
CAP Sleep Database v1.0.0,NOT_VERIFIED,sdb4.edf,NOT_VERIFIED,HR,OTHER,encoded in label; anatomical/reference interpretation requires contract review,1,BPM,SC EMG envelope documented; CAP representation NOT_VERIFIED per channel,https://physionet.org/files/capslpdb/1.0.0/sdb4.edf,TRUE,Header-only; no signal samples read.
CAP Sleep Database v1.0.0,NOT_VERIFIED,sdb4.edf,NOT_VERIFIED,PLETH,OTHER,encoded in label; anatomical/reference interpretation requires contract review,128,V,SC EMG envelope documented; CAP representation NOT_VERIFIED per channel,https://physionet.org/files/capslpdb/1.0.0/sdb4.edf,TRUE,Header-only; no signal samples read.
