subject_id,channel_index,raw_hex,raw_repr,decoded_before_cleanup,decoded_after_padding_strip,transducer_raw_hex,transducer_repr,transducer,physical_dimension,physical_min,physical_max,digital_min,digital_max,samples_per_record
I001,0,4c4f432d413220202020202020202020,b'LOC-A2          ',LOC-A2          ,LOC-A2,454f475f4368616e6e656c202020202020202020202020202020202020202020202020202020202020202020202020202020202020202020202020202020202020202020202020202020202020202020,b'EOG_Channel                                                                     ',EOG_Channel,uV,-25,25,-32768,32767,400
I001,1,524f432d413120202020202020202020,b'ROC-A1          ',ROC-A1          ,ROC-A1,454f47325f4368616e6e656c2020202020202020202020202020202020202020202020202020202020202020202020202020202020202020202020202020202020202020202020202020202020202020,b'EOG2_Channel                                                                    ',EOG2_Channel,uV,-25,25,-32768,32767,400
I001,2,46332d41322020202020202020202020,b'F3-A2           ',F3-A2           ,F3-A2,4545475f4368616e6e656c202020202020202020202020202020202020202020202020202020202020202020202020202020202020202020202020202020202020202020202020202020202020202020,b'EEG_Channel                                                                     ',EEG_Channel,uV,-25,25,-32768,32767,400
I001,3,43332d41322020202020202020202020,b'C3-A2           ',C3-A2           ,C3-A2,4545475f4368616e6e656c202020202020202020202020202020202020202020202020202020202020202020202020202020202020202020202020202020202020202020202020202020202020202020,b'EEG_Channel                                                                     ',EEG_Channel,uV,-25,25,-32768,32767,400
I001,4,4f312d41322020202020202020202020,b'O1-A2           ',O1-A2           ,O1-A2,4545475f4368616e6e656c202020202020202020202020202020202020202020202020202020202020202020202020202020202020202020202020202020202020202020202020202020202020202020,b'EEG_Channel                                                                     ',EEG_Channel,uV,-25,25,-32768,32767,400
I001,5,46342d41312020202020202020202020,b'F4-A1           ',F4-A1           ,F4-A1,454547325f4368616e6e656c2020202020202020202020202020202020202020202020202020202020202020202020202020202020202020202020202020202020202020202020202020202020202020,b'EEG2_Channel                                                                    ',EEG2_Channel,uV,-25,25,-32768,32767,400
I001,6,43342d41312020202020202020202020,b'C4-A1           ',C4-A1           ,C4-A1,454547325f4368616e6e656c2020202020202020202020202020202020202020202020202020202020202020202020202020202020202020202020202020202020202020202020202020202020202020,b'EEG2_Channel                                                                    ',EEG2_Channel,uV,-25,25,-32768,32767,400
I001,7,4f322d41312020202020202020202020,b'O2-A1           ',O2-A1           ,O2-A1,454547325f4368616e6e656c2020202020202020202020202020202020202020202020202020202020202020202020202020202020202020202020202020202020202020202020202020202020202020,b'EEG2_Channel                                                                    ',EEG2_Channel,uV,-25,25,-32768,32767,400
I001,8,58312020202020202020202020202020,b'X1              ',X1              ,X1,4368696e5f4368616e6e656c2020202020202020202020202020202020202020202020202020202020202020202020202020202020202020202020202020202020202020202020202020202020202020,b'Chin_Channel                                                                    ',Chin_Channel,uV,-101,101,-32768,32767,400
I001,9,58322020202020202020202020202020,b'X2              ',X2              ,X2,454b475f4368616e6e656c202020202020202020202020202020202020202020202020202020202020202020202020202020202020202020202020202020202020202020202020202020202020202020,b'EKG_Channel                                                                     ',EKG_Channel,uV,-87,87,-32768,32767,400
I001,10,58332020202020202020202020202020,b'X3              ',X3              ,X3,4c65675f4368616e6e656c202020202020202020202020202020202020202020202020202020202020202020202020202020202020202020202020202020202020202020202020202020202020202020,b'Leg_Channel                                                                     ',Leg_Channel,uV,-39,39,-32768,32767,400
I001,11,58342020202020202020202020202020,b'X4              ',X4              ,X4,4c6567325f4368616e6e656c2020202020202020202020202020202020202020202020202020202020202020202020202020202020202020202020202020202020202020202020202020202020202020,b'Leg2_Channel                                                                    ',Leg2_Channel,uV,-33,33,-32768,32767,400
I001,12,58352020202020202020202020202020,b'X5              ',X5              ,X5,536e6f72655f4368616e6e656c20202020202020202020202020202020202020202020202020202020202020202020202020202020202020202020202020202020202020202020202020202020202020,b'Snore_Channel                                                                   ',Snore_Channel,uV,-612,612,-32768,32767,400
I001,13,58362020202020202020202020202020,b'X6              ',X6              ,X6,466c6f775f4368616e6e656c2020202020202020202020202020202020202020202020202020202020202020202020202020202020202020202020202020202020202020202020202020202020202020,b'Flow_Channel                                                                    ',Flow_Channel,uV,-16,16,-32768,32767,25
I001,14,44433320202020202020202020202020,b'DC3             ',DC3             ,DC3,466c6f77325f4368616e6e656c20202020202020202020202020202020202020202020202020202020202020202020202020202020202020202020202020202020202020202020202020202020202020,b'Flow2_Channel                                                                   ',Flow2_Channel,uV,-698,698,-32768,32767,50
I001,15,58372020202020202020202020202020,b'X7              ',X7              ,X7,4566666f72745f4368616e6e656c202020202020202020202020202020202020202020202020202020202020202020202020202020202020202020202020202020202020202020202020202020202020,b'Effort_Channel                                                                  ',Effort_Channel,uV,-142,142,-32768,32767,50
I001,16,58382020202020202020202020202020,b'X8              ',X8              ,X8,4566666f7274325f4368616e6e656c2020202020202020202020202020202020202020202020202020202020202020202020202020202020202020202020202020202020202020202020202020202020,b'Effort2_Channel                                                                 ',Effort2_Channel,uV,-979,979,-32768,32767,50
I001,17,53614f32202020202020202020202020,b'SaO2            ',SaO2            ,SaO2,53614f325f4368616e6e656c2020202020202020202020202020202020202020202020202020202020202020202020202020202020202020202020202020202020202020202020202020202020202020,b'SaO2_Channel                                                                    ',SaO2_Channel,%,0,100,-32768,32767,25
I001,18,44433820202020202020202020202020,b'DC8             ',DC8             ,DC8,42504f535f4368616e6e656c2020202020202020202020202020202020202020202020202020202020202020202020202020202020202020202020202020202020202020202020202020202020202020,b'BPOS_Channel                                                                    ',BPOS_Channel,,0,200,-32768,32767,50
I002,0,4c4f432d413220202020202020202020,b'LOC-A2          ',LOC-A2          ,LOC-A2,454f475f4368616e6e656c202020202020202020202020202020202020202020202020202020202020202020202020202020202020202020202020202020202020202020202020202020202020202020,b'EOG_Channel                                                                     ',EOG_Channel,uV,-25,25,-32768,32767,400
I002,1,524f432d413120202020202020202020,b'ROC-A1          ',ROC-A1          ,ROC-A1,454f47325f4368616e6e656c2020202020202020202020202020202020202020202020202020202020202020202020202020202020202020202020202020202020202020202020202020202020202020,b'EOG2_Channel                                                                    ',EOG2_Channel,uV,-25,25,-32768,32767,400
I002,2,46332d41322020202020202020202020,b'F3-A2           ',F3-A2           ,F3-A2,4545475f4368616e6e656c202020202020202020202020202020202020202020202020202020202020202020202020202020202020202020202020202020202020202020202020202020202020202020,b'EEG_Channel                                                                     ',EEG_Channel,uV,-25,25,-32768,32767,400
I002,3,43332d41322020202020202020202020,b'C3-A2           ',C3-A2           ,C3-A2,4545475f4368616e6e656c202020202020202020202020202020202020202020202020202020202020202020202020202020202020202020202020202020202020202020202020202020202020202020,b'EEG_Channel                                                                     ',EEG_Channel,uV,-25,25,-32768,32767,400
I002,4,4f312d41322020202020202020202020,b'O1-A2           ',O1-A2           ,O1-A2,4545475f4368616e6e656c202020202020202020202020202020202020202020202020202020202020202020202020202020202020202020202020202020202020202020202020202020202020202020,b'EEG_Channel                                                                     ',EEG_Channel,uV,-25,25,-32768,32767,400
I002,5,46342d41312020202020202020202020,b'F4-A1           ',F4-A1           ,F4-A1,454547325f4368616e6e656c2020202020202020202020202020202020202020202020202020202020202020202020202020202020202020202020202020202020202020202020202020202020202020,b'EEG2_Channel                                                                    ',EEG2_Channel,uV,-25,25,-32768,32767,400
I002,6,43342d41312020202020202020202020,b'C4-A1           ',C4-A1           ,C4-A1,454547325f4368616e6e656c2020202020202020202020202020202020202020202020202020202020202020202020202020202020202020202020202020202020202020202020202020202020202020,b'EEG2_Channel                                                                    ',EEG2_Channel,uV,-25,25,-32768,32767,400
I002,7,4f322d41312020202020202020202020,b'O2-A1           ',O2-A1           ,O2-A1,454547325f4368616e6e656c2020202020202020202020202020202020202020202020202020202020202020202020202020202020202020202020202020202020202020202020202020202020202020,b'EEG2_Channel                                                                    ',EEG2_Channel,uV,-25,25,-32768,32767,400
I002,8,58312020202020202020202020202020,b'X1              ',X1              ,X1,4368696e5f4368616e6e656c2020202020202020202020202020202020202020202020202020202020202020202020202020202020202020202020202020202020202020202020202020202020202020,b'Chin_Channel                                                                    ',Chin_Channel,uV,-101,101,-32768,32767,400
I002,9,58322020202020202020202020202020,b'X2              ',X2              ,X2,454b475f4368616e6e656c202020202020202020202020202020202020202020202020202020202020202020202020202020202020202020202020202020202020202020202020202020202020202020,b'EKG_Channel                                                                     ',EKG_Channel,uV,-87,87,-32768,32767,400
I002,10,58332020202020202020202020202020,b'X3              ',X3              ,X3,4c65675f4368616e6e656c202020202020202020202020202020202020202020202020202020202020202020202020202020202020202020202020202020202020202020202020202020202020202020,b'Leg_Channel                                                                     ',Leg_Channel,uV,-39,39,-32768,32767,400
I002,11,58342020202020202020202020202020,b'X4              ',X4              ,X4,4c6567325f4368616e6e656c2020202020202020202020202020202020202020202020202020202020202020202020202020202020202020202020202020202020202020202020202020202020202020,b'Leg2_Channel                                                                    ',Leg2_Channel,uV,-33,33,-32768,32767,400
I002,12,58352020202020202020202020202020,b'X5              ',X5              ,X5,536e6f72655f4368616e6e656c20202020202020202020202020202020202020202020202020202020202020202020202020202020202020202020202020202020202020202020202020202020202020,b'Snore_Channel                                                                   ',Snore_Channel,uV,-612,612,-32768,32767,400
I002,13,58362020202020202020202020202020,b'X6              ',X6              ,X6,466c6f775f4368616e6e656c2020202020202020202020202020202020202020202020202020202020202020202020202020202020202020202020202020202020202020202020202020202020202020,b'Flow_Channel                                                                    ',Flow_Channel,uV,-21,21,-32768,32767,25
I002,14,44433320202020202020202020202020,b'DC3             ',DC3             ,DC3,466c6f77325f4368616e6e656c20202020202020202020202020202020202020202020202020202020202020202020202020202020202020202020202020202020202020202020202020202020202020,b'Flow2_Channel                                                                   ',Flow2_Channel,uV,-3802,3802,-32768,32767,50
I002,15,58372020202020202020202020202020,b'X7              ',X7              ,X7,4566666f72745f4368616e6e656c202020202020202020202020202020202020202020202020202020202020202020202020202020202020202020202020202020202020202020202020202020202020,b'Effort_Channel                                                                  ',Effort_Channel,uV,-40,40,-32768,32767,50
I002,16,58382020202020202020202020202020,b'X8              ',X8              ,X8,4566666f7274325f4368616e6e656c2020202020202020202020202020202020202020202020202020202020202020202020202020202020202020202020202020202020202020202020202020202020,b'Effort2_Channel                                                                 ',Effort2_Channel,uV,-40,40,-32768,32767,50
I002,17,53614f32202020202020202020202020,b'SaO2            ',SaO2            ,SaO2,53614f325f4368616e6e656c2020202020202020202020202020202020202020202020202020202020202020202020202020202020202020202020202020202020202020202020202020202020202020,b'SaO2_Channel                                                                    ',SaO2_Channel,%,0,100,-32768,32767,25
I002,18,44433820202020202020202020202020,b'DC8             ',DC8             ,DC8,42504f535f4368616e6e656c2020202020202020202020202020202020202020202020202020202020202020202020202020202020202020202020202020202020202020202020202020202020202020,b'BPOS_Channel                                                                    ',BPOS_Channel,,0,200,-32768,32767,50
I003,0,4c4f432d413220202020202020202020,b'LOC-A2          ',LOC-A2          ,LOC-A2,454f475f4368616e6e656c202020202020202020202020202020202020202020202020202020202020202020202020202020202020202020202020202020202020202020202020202020202020202020,b'EOG_Channel                                                                     ',EOG_Channel,uV,-25,25,-32768,32767,400
I003,1,524f432d413120202020202020202020,b'ROC-A1          ',ROC-A1          ,ROC-A1,454f47325f4368616e6e656c2020202020202020202020202020202020202020202020202020202020202020202020202020202020202020202020202020202020202020202020202020202020202020,b'EOG2_Channel                                                                    ',EOG2_Channel,uV,-25,25,-32768,32767,400
I003,2,46332d41322020202020202020202020,b'F3-A2           ',F3-A2           ,F3-A2,4545475f4368616e6e656c202020202020202020202020202020202020202020202020202020202020202020202020202020202020202020202020202020202020202020202020202020202020202020,b'EEG_Channel                                                                     ',EEG_Channel,uV,-25,25,-32768,32767,400
I003,3,43332d41322020202020202020202020,b'C3-A2           ',C3-A2           ,C3-A2,4545475f4368616e6e656c202020202020202020202020202020202020202020202020202020202020202020202020202020202020202020202020202020202020202020202020202020202020202020,b'EEG_Channel                                                                     ',EEG_Channel,uV,-25,25,-32768,32767,400
I003,4,4f312d41322020202020202020202020,b'O1-A2           ',O1-A2           ,O1-A2,4545475f4368616e6e656c202020202020202020202020202020202020202020202020202020202020202020202020202020202020202020202020202020202020202020202020202020202020202020,b'EEG_Channel                                                                     ',EEG_Channel,uV,-25,25,-32768,32767,400
I003,5,46342d41312020202020202020202020,b'F4-A1           ',F4-A1           ,F4-A1,454547325f4368616e6e656c2020202020202020202020202020202020202020202020202020202020202020202020202020202020202020202020202020202020202020202020202020202020202020,b'EEG2_Channel                                                                    ',EEG2_Channel,uV,-25,25,-32768,32767,400
I003,6,43342d41312020202020202020202020,b'C4-A1           ',C4-A1           ,C4-A1,454547325f4368616e6e656c2020202020202020202020202020202020202020202020202020202020202020202020202020202020202020202020202020202020202020202020202020202020202020,b'EEG2_Channel                                                                    ',EEG2_Channel,uV,-25,25,-32768,32767,400
I003,7,4f322d41312020202020202020202020,b'O2-A1           ',O2-A1           ,O2-A1,454547325f4368616e6e656c2020202020202020202020202020202020202020202020202020202020202020202020202020202020202020202020202020202020202020202020202020202020202020,b'EEG2_Channel                                                                    ',EEG2_Channel,uV,-25,25,-32768,32767,400
I003,8,58312020202020202020202020202020,b'X1              ',X1              ,X1,4368696e5f4368616e6e656c2020202020202020202020202020202020202020202020202020202020202020202020202020202020202020202020202020202020202020202020202020202020202020,b'Chin_Channel                                                                    ',Chin_Channel,uV,-101,101,-32768,32767,400
I003,9,58322020202020202020202020202020,b'X2              ',X2              ,X2,454b475f4368616e6e656c202020202020202020202020202020202020202020202020202020202020202020202020202020202020202020202020202020202020202020202020202020202020202020,b'EKG_Channel                                                                     ',EKG_Channel,uV,-87,87,-32768,32767,400
I003,10,58332020202020202020202020202020,b'X3              ',X3              ,X3,4c65675f4368616e6e656c202020202020202020202020202020202020202020202020202020202020202020202020202020202020202020202020202020202020202020202020202020202020202020,b'Leg_Channel                                                                     ',Leg_Channel,uV,-39,39,-32768,32767,400
I003,11,58342020202020202020202020202020,b'X4              ',X4              ,X4,4c6567325f4368616e6e656c2020202020202020202020202020202020202020202020202020202020202020202020202020202020202020202020202020202020202020202020202020202020202020,b'Leg2_Channel                                                                    ',Leg2_Channel,uV,-33,33,-32768,32767,400
I003,12,58352020202020202020202020202020,b'X5              ',X5              ,X5,536e6f72655f4368616e6e656c20202020202020202020202020202020202020202020202020202020202020202020202020202020202020202020202020202020202020202020202020202020202020,b'Snore_Channel                                                                   ',Snore_Channel,uV,-612,612,-32768,32767,400
I003,13,58362020202020202020202020202020,b'X6              ',X6              ,X6,466c6f775f4368616e6e656c2020202020202020202020202020202020202020202020202020202020202020202020202020202020202020202020202020202020202020202020202020202020202020,b'Flow_Channel                                                                    ',Flow_Channel,uV,-14,14,-32768,32767,25
I003,14,44433320202020202020202020202020,b'DC3             ',DC3             ,DC3,466c6f77325f4368616e6e656c20202020202020202020202020202020202020202020202020202020202020202020202020202020202020202020202020202020202020202020202020202020202020,b'Flow2_Channel                                                                   ',Flow2_Channel,uV,-2879,2879,-32768,32767,50
I003,15,58372020202020202020202020202020,b'X7              ',X7              ,X7,4566666f72745f4368616e6e656c202020202020202020202020202020202020202020202020202020202020202020202020202020202020202020202020202020202020202020202020202020202020,b'Effort_Channel                                                                  ',Effort_Channel,uV,-142,142,-32768,32767,50
I003,16,58382020202020202020202020202020,b'X8              ',X8              ,X8,4566666f7274325f4368616e6e656c2020202020202020202020202020202020202020202020202020202020202020202020202020202020202020202020202020202020202020202020202020202020,b'Effort2_Channel                                                                 ',Effort2_Channel,uV,-373,373,-32768,32767,50
I003,17,53614f32202020202020202020202020,b'SaO2            ',SaO2            ,SaO2,53614f325f4368616e6e656c2020202020202020202020202020202020202020202020202020202020202020202020202020202020202020202020202020202020202020202020202020202020202020,b'SaO2_Channel                                                                    ',SaO2_Channel,%,0,100,-32768,32767,25
I003,18,44433820202020202020202020202020,b'DC8             ',DC8             ,DC8,42504f535f4368616e6e656c2020202020202020202020202020202020202020202020202020202020202020202020202020202020202020202020202020202020202020202020202020202020202020,b'BPOS_Channel                                                                    ',BPOS_Channel,,0,200,-32768,32767,50
I004,0,4c4f432d413220202020202020202020,b'LOC-A2          ',LOC-A2          ,LOC-A2,454f475f4368616e6e656c202020202020202020202020202020202020202020202020202020202020202020202020202020202020202020202020202020202020202020202020202020202020202020,b'EOG_Channel                                                                     ',EOG_Channel,uV,-25,25,-32768,32767,400
I004,1,524f432d413120202020202020202020,b'ROC-A1          ',ROC-A1          ,ROC-A1,454f47325f4368616e6e656c2020202020202020202020202020202020202020202020202020202020202020202020202020202020202020202020202020202020202020202020202020202020202020,b'EOG2_Channel                                                                    ',EOG2_Channel,uV,-25,25,-32768,32767,400
I004,2,46332d41322020202020202020202020,b'F3-A2           ',F3-A2           ,F3-A2,4545475f4368616e6e656c202020202020202020202020202020202020202020202020202020202020202020202020202020202020202020202020202020202020202020202020202020202020202020,b'EEG_Channel                                                                     ',EEG_Channel,uV,-25,25,-32768,32767,400
I004,3,43332d41322020202020202020202020,b'C3-A2           ',C3-A2           ,C3-A2,4545475f4368616e6e656c202020202020202020202020202020202020202020202020202020202020202020202020202020202020202020202020202020202020202020202020202020202020202020,b'EEG_Channel                                                                     ',EEG_Channel,uV,-25,25,-32768,32767,400
I004,4,4f312d41322020202020202020202020,b'O1-A2           ',O1-A2           ,O1-A2,4545475f4368616e6e656c202020202020202020202020202020202020202020202020202020202020202020202020202020202020202020202020202020202020202020202020202020202020202020,b'EEG_Channel                                                                     ',EEG_Channel,uV,-25,25,-32768,32767,400
I004,5,46342d41312020202020202020202020,b'F4-A1           ',F4-A1           ,F4-A1,454547325f4368616e6e656c2020202020202020202020202020202020202020202020202020202020202020202020202020202020202020202020202020202020202020202020202020202020202020,b'EEG2_Channel                                                                    ',EEG2_Channel,uV,-25,25,-32768,32767,400
I004,6,43342d41312020202020202020202020,b'C4-A1           ',C4-A1           ,C4-A1,454547325f4368616e6e656c2020202020202020202020202020202020202020202020202020202020202020202020202020202020202020202020202020202020202020202020202020202020202020,b'EEG2_Channel                                                                    ',EEG2_Channel,uV,-25,25,-32768,32767,400
I004,7,4f322d41312020202020202020202020,b'O2-A1           ',O2-A1           ,O2-A1,454547325f4368616e6e656c2020202020202020202020202020202020202020202020202020202020202020202020202020202020202020202020202020202020202020202020202020202020202020,b'EEG2_Channel                                                                    ',EEG2_Channel,uV,-25,25,-32768,32767,400
I004,8,58312020202020202020202020202020,b'X1              ',X1              ,X1,4368696e5f4368616e6e656c2020202020202020202020202020202020202020202020202020202020202020202020202020202020202020202020202020202020202020202020202020202020202020,b'Chin_Channel                                                                    ',Chin_Channel,uV,-101,101,-32768,32767,400
I004,9,58322020202020202020202020202020,b'X2              ',X2              ,X2,454b475f4368616e6e656c202020202020202020202020202020202020202020202020202020202020202020202020202020202020202020202020202020202020202020202020202020202020202020,b'EKG_Channel                                                                     ',EKG_Channel,uV,-87,87,-32768,32767,400
I004,10,58332020202020202020202020202020,b'X3              ',X3              ,X3,4c65675f4368616e6e656c202020202020202020202020202020202020202020202020202020202020202020202020202020202020202020202020202020202020202020202020202020202020202020,b'Leg_Channel                                                                     ',Leg_Channel,uV,-39,39,-32768,32767,400
I004,11,58342020202020202020202020202020,b'X4              ',X4              ,X4,4c6567325f4368616e6e656c2020202020202020202020202020202020202020202020202020202020202020202020202020202020202020202020202020202020202020202020202020202020202020,b'Leg2_Channel                                                                    ',Leg2_Channel,uV,-33,33,-32768,32767,400
I004,12,58352020202020202020202020202020,b'X5              ',X5              ,X5,536e6f72655f4368616e6e656c20202020202020202020202020202020202020202020202020202020202020202020202020202020202020202020202020202020202020202020202020202020202020,b'Snore_Channel                                                                   ',Snore_Channel,uV,-612,612,-32768,32767,400
I004,13,58362020202020202020202020202020,b'X6              ',X6              ,X6,466c6f775f4368616e6e656c2020202020202020202020202020202020202020202020202020202020202020202020202020202020202020202020202020202020202020202020202020202020202020,b'Flow_Channel                                                                    ',Flow_Channel,uV,-25,25,-32768,32767,25
I004,14,44433320202020202020202020202020,b'DC3             ',DC3             ,DC3,466c6f77325f4368616e6e656c20202020202020202020202020202020202020202020202020202020202020202020202020202020202020202020202020202020202020202020202020202020202020,b'Flow2_Channel                                                                   ',Flow2_Channel,uV,-5791,5791,-32768,32767,50
I004,15,58372020202020202020202020202020,b'X7              ',X7              ,X7,4566666f72745f4368616e6e656c202020202020202020202020202020202020202020202020202020202020202020202020202020202020202020202020202020202020202020202020202020202020,b'Effort_Channel                                                                  ',Effort_Channel,uV,-51,51,-32768,32767,50
I004,16,58382020202020202020202020202020,b'X8              ',X8              ,X8,4566666f7274325f4368616e6e656c2020202020202020202020202020202020202020202020202020202020202020202020202020202020202020202020202020202020202020202020202020202020,b'Effort2_Channel                                                                 ',Effort2_Channel,uV,-102,102,-32768,32767,50
I004,17,53614f32202020202020202020202020,b'SaO2            ',SaO2            ,SaO2,53614f325f4368616e6e656c2020202020202020202020202020202020202020202020202020202020202020202020202020202020202020202020202020202020202020202020202020202020202020,b'SaO2_Channel                                                                    ',SaO2_Channel,%,0,100,-32768,32767,25
I004,18,44433820202020202020202020202020,b'DC8             ',DC8             ,DC8,42504f535f4368616e6e656c2020202020202020202020202020202020202020202020202020202020202020202020202020202020202020202020202020202020202020202020202020202020202020,b'BPOS_Channel                                                                    ',BPOS_Channel,,0,200,-32768,32767,50
I005,0,4c4f432d413220202020202020202020,b'LOC-A2          ',LOC-A2          ,LOC-A2,454f475f4368616e6e656c202020202020202020202020202020202020202020202020202020202020202020202020202020202020202020202020202020202020202020202020202020202020202020,b'EOG_Channel                                                                     ',EOG_Channel,uV,-25,25,-32768,32767,400
I005,1,524f432d413120202020202020202020,b'ROC-A1          ',ROC-A1          ,ROC-A1,454f47325f4368616e6e656c2020202020202020202020202020202020202020202020202020202020202020202020202020202020202020202020202020202020202020202020202020202020202020,b'EOG2_Channel                                                                    ',EOG2_Channel,uV,-25,25,-32768,32767,400
I005,2,46332d41322020202020202020202020,b'F3-A2           ',F3-A2           ,F3-A2,4545475f4368616e6e656c202020202020202020202020202020202020202020202020202020202020202020202020202020202020202020202020202020202020202020202020202020202020202020,b'EEG_Channel                                                                     ',EEG_Channel,uV,-25,25,-32768,32767,400
I005,3,43332d41322020202020202020202020,b'C3-A2           ',C3-A2           ,C3-A2,4545475f4368616e6e656c202020202020202020202020202020202020202020202020202020202020202020202020202020202020202020202020202020202020202020202020202020202020202020,b'EEG_Channel                                                                     ',EEG_Channel,uV,-25,25,-32768,32767,400
I005,4,4f312d41322020202020202020202020,b'O1-A2           ',O1-A2           ,O1-A2,4545475f4368616e6e656c202020202020202020202020202020202020202020202020202020202020202020202020202020202020202020202020202020202020202020202020202020202020202020,b'EEG_Channel                                                                     ',EEG_Channel,uV,-25,25,-32768,32767,400
I005,5,46342d41312020202020202020202020,b'F4-A1           ',F4-A1           ,F4-A1,454547325f4368616e6e656c2020202020202020202020202020202020202020202020202020202020202020202020202020202020202020202020202020202020202020202020202020202020202020,b'EEG2_Channel                                                                    ',EEG2_Channel,uV,-25,25,-32768,32767,400
I005,6,43342d41312020202020202020202020,b'C4-A1           ',C4-A1           ,C4-A1,454547325f4368616e6e656c2020202020202020202020202020202020202020202020202020202020202020202020202020202020202020202020202020202020202020202020202020202020202020,b'EEG2_Channel                                                                    ',EEG2_Channel,uV,-25,25,-32768,32767,400
I005,7,4f322d41312020202020202020202020,b'O2-A1           ',O2-A1           ,O2-A1,454547325f4368616e6e656c2020202020202020202020202020202020202020202020202020202020202020202020202020202020202020202020202020202020202020202020202020202020202020,b'EEG2_Channel                                                                    ',EEG2_Channel,uV,-25,25,-32768,32767,400
I005,8,58312020202020202020202020202020,b'X1              ',X1              ,X1,4368696e5f4368616e6e656c2020202020202020202020202020202020202020202020202020202020202020202020202020202020202020202020202020202020202020202020202020202020202020,b'Chin_Channel                                                                    ',Chin_Channel,uV,-101,101,-32768,32767,400
I005,9,58322020202020202020202020202020,b'X2              ',X2              ,X2,454b475f4368616e6e656c202020202020202020202020202020202020202020202020202020202020202020202020202020202020202020202020202020202020202020202020202020202020202020,b'EKG_Channel                                                                     ',EKG_Channel,uV,-87,87,-32768,32767,400
I005,10,58332020202020202020202020202020,b'X3              ',X3              ,X3,4c65675f4368616e6e656c202020202020202020202020202020202020202020202020202020202020202020202020202020202020202020202020202020202020202020202020202020202020202020,b'Leg_Channel                                                                     ',Leg_Channel,uV,-39,39,-32768,32767,400
I005,11,58342020202020202020202020202020,b'X4              ',X4              ,X4,4c6567325f4368616e6e656c2020202020202020202020202020202020202020202020202020202020202020202020202020202020202020202020202020202020202020202020202020202020202020,b'Leg2_Channel                                                                    ',Leg2_Channel,uV,-33,33,-32768,32767,400
I005,12,58352020202020202020202020202020,b'X5              ',X5              ,X5,536e6f72655f4368616e6e656c20202020202020202020202020202020202020202020202020202020202020202020202020202020202020202020202020202020202020202020202020202020202020,b'Snore_Channel                                                                   ',Snore_Channel,uV,-612,612,-32768,32767,400
I005,13,58362020202020202020202020202020,b'X6              ',X6              ,X6,466c6f775f4368616e6e656c2020202020202020202020202020202020202020202020202020202020202020202020202020202020202020202020202020202020202020202020202020202020202020,b'Flow_Channel                                                                    ',Flow_Channel,uV,-5,5,-32768,32767,25
I005,14,44433320202020202020202020202020,b'DC3             ',DC3             ,DC3,466c6f77325f4368616e6e656c20202020202020202020202020202020202020202020202020202020202020202020202020202020202020202020202020202020202020202020202020202020202020,b'Flow2_Channel                                                                   ',Flow2_Channel,uV,-1177,1177,-32768,32767,50
I005,15,58372020202020202020202020202020,b'X7              ',X7              ,X7,4566666f72745f4368616e6e656c202020202020202020202020202020202020202020202020202020202020202020202020202020202020202020202020202020202020202020202020202020202020,b'Effort_Channel                                                                  ',Effort_Channel,uV,-142,142,-32768,32767,50
I005,16,58382020202020202020202020202020,b'X8              ',X8              ,X8,4566666f7274325f4368616e6e656c2020202020202020202020202020202020202020202020202020202020202020202020202020202020202020202020202020202020202020202020202020202020,b'Effort2_Channel                                                                 ',Effort2_Channel,uV,-373,373,-32768,32767,50
I005,17,53614f32202020202020202020202020,b'SaO2            ',SaO2            ,SaO2,53614f325f4368616e6e656c2020202020202020202020202020202020202020202020202020202020202020202020202020202020202020202020202020202020202020202020202020202020202020,b'SaO2_Channel                                                                    ',SaO2_Channel,%,0,100,-32768,32767,25
I005,18,44433820202020202020202020202020,b'DC8             ',DC8             ,DC8,42504f535f4368616e6e656c2020202020202020202020202020202020202020202020202020202020202020202020202020202020202020202020202020202020202020202020202020202020202020,b'BPOS_Channel                                                                    ',BPOS_Channel,,0,200,-32768,32767,50
I006,0,4c4f432d413220202020202020202020,b'LOC-A2          ',LOC-A2          ,LOC-A2,454f475f4368616e6e656c202020202020202020202020202020202020202020202020202020202020202020202020202020202020202020202020202020202020202020202020202020202020202020,b'EOG_Channel                                                                     ',EOG_Channel,uV,-25,25,-32768,32767,400
I006,1,524f432d413120202020202020202020,b'ROC-A1          ',ROC-A1          ,ROC-A1,454f47325f4368616e6e656c2020202020202020202020202020202020202020202020202020202020202020202020202020202020202020202020202020202020202020202020202020202020202020,b'EOG2_Channel                                                                    ',EOG2_Channel,uV,-25,25,-32768,32767,400
I006,2,46332d41322020202020202020202020,b'F3-A2           ',F3-A2           ,F3-A2,4545475f4368616e6e656c202020202020202020202020202020202020202020202020202020202020202020202020202020202020202020202020202020202020202020202020202020202020202020,b'EEG_Channel                                                                     ',EEG_Channel,uV,-25,25,-32768,32767,400
I006,3,43332d41322020202020202020202020,b'C3-A2           ',C3-A2           ,C3-A2,4545475f4368616e6e656c202020202020202020202020202020202020202020202020202020202020202020202020202020202020202020202020202020202020202020202020202020202020202020,b'EEG_Channel                                                                     ',EEG_Channel,uV,-25,25,-32768,32767,400
I006,4,4f312d41322020202020202020202020,b'O1-A2           ',O1-A2           ,O1-A2,4545475f4368616e6e656c202020202020202020202020202020202020202020202020202020202020202020202020202020202020202020202020202020202020202020202020202020202020202020,b'EEG_Channel                                                                     ',EEG_Channel,uV,-25,25,-32768,32767,400
I006,5,46342d41312020202020202020202020,b'F4-A1           ',F4-A1           ,F4-A1,454547325f4368616e6e656c2020202020202020202020202020202020202020202020202020202020202020202020202020202020202020202020202020202020202020202020202020202020202020,b'EEG2_Channel                                                                    ',EEG2_Channel,uV,-25,25,-32768,32767,400
I006,6,43342d41312020202020202020202020,b'C4-A1           ',C4-A1           ,C4-A1,454547325f4368616e6e656c2020202020202020202020202020202020202020202020202020202020202020202020202020202020202020202020202020202020202020202020202020202020202020,b'EEG2_Channel                                                                    ',EEG2_Channel,uV,-25,25,-32768,32767,400
I006,7,4f322d41312020202020202020202020,b'O2-A1           ',O2-A1           ,O2-A1,454547325f4368616e6e656c2020202020202020202020202020202020202020202020202020202020202020202020202020202020202020202020202020202020202020202020202020202020202020,b'EEG2_Channel                                                                    ',EEG2_Channel,uV,-25,25,-32768,32767,400
I006,8,58312020202020202020202020202020,b'X1              ',X1              ,X1,4368696e5f4368616e6e656c2020202020202020202020202020202020202020202020202020202020202020202020202020202020202020202020202020202020202020202020202020202020202020,b'Chin_Channel                                                                    ',Chin_Channel,uV,-101,101,-32768,32767,400
I006,9,58322020202020202020202020202020,b'X2              ',X2              ,X2,454b475f4368616e6e656c202020202020202020202020202020202020202020202020202020202020202020202020202020202020202020202020202020202020202020202020202020202020202020,b'EKG_Channel                                                                     ',EKG_Channel,uV,-87,87,-32768,32767,400
I006,10,58332020202020202020202020202020,b'X3              ',X3              ,X3,4c65675f4368616e6e656c202020202020202020202020202020202020202020202020202020202020202020202020202020202020202020202020202020202020202020202020202020202020202020,b'Leg_Channel                                                                     ',Leg_Channel,uV,-39,39,-32768,32767,400
I006,11,58342020202020202020202020202020,b'X4              ',X4              ,X4,4c6567325f4368616e6e656c2020202020202020202020202020202020202020202020202020202020202020202020202020202020202020202020202020202020202020202020202020202020202020,b'Leg2_Channel                                                                    ',Leg2_Channel,uV,-33,33,-32768,32767,400
I006,12,58352020202020202020202020202020,b'X5              ',X5              ,X5,536e6f72655f4368616e6e656c20202020202020202020202020202020202020202020202020202020202020202020202020202020202020202020202020202020202020202020202020202020202020,b'Snore_Channel                                                                   ',Snore_Channel,uV,-612,612,-32768,32767,400
I006,13,58362020202020202020202020202020,b'X6              ',X6              ,X6,466c6f775f4368616e6e656c2020202020202020202020202020202020202020202020202020202020202020202020202020202020202020202020202020202020202020202020202020202020202020,b'Flow_Channel                                                                    ',Flow_Channel,uV,-7,7,-32768,32767,25
I006,14,44433320202020202020202020202020,b'DC3             ',DC3             ,DC3,466c6f77325f4368616e6e656c20202020202020202020202020202020202020202020202020202020202020202020202020202020202020202020202020202020202020202020202020202020202020,b'Flow2_Channel                                                                   ',Flow2_Channel,uV,-698,698,-32768,32767,50
I006,15,58372020202020202020202020202020,b'X7              ',X7              ,X7,4566666f72745f4368616e6e656c202020202020202020202020202020202020202020202020202020202020202020202020202020202020202020202020202020202020202020202020202020202020,b'Effort_Channel                                                                  ',Effort_Channel,uV,-142,142,-32768,32767,50
I006,16,58382020202020202020202020202020,b'X8              ',X8              ,X8,4566666f7274325f4368616e6e656c2020202020202020202020202020202020202020202020202020202020202020202020202020202020202020202020202020202020202020202020202020202020,b'Effort2_Channel                                                                 ',Effort2_Channel,uV,-979,979,-32768,32767,50
I006,17,53614f32202020202020202020202020,b'SaO2            ',SaO2            ,SaO2,53614f325f4368616e6e656c2020202020202020202020202020202020202020202020202020202020202020202020202020202020202020202020202020202020202020202020202020202020202020,b'SaO2_Channel                                                                    ',SaO2_Channel,%,0,100,-32768,32767,25
I006,18,44433820202020202020202020202020,b'DC8             ',DC8             ,DC8,42504f535f4368616e6e656c2020202020202020202020202020202020202020202020202020202020202020202020202020202020202020202020202020202020202020202020202020202020202020,b'BPOS_Channel                                                                    ',BPOS_Channel,,0,200,-32768,32767,50
I007,0,4c4f432d413220202020202020202020,b'LOC-A2          ',LOC-A2          ,LOC-A2,454f475f4368616e6e656c202020202020202020202020202020202020202020202020202020202020202020202020202020202020202020202020202020202020202020202020202020202020202020,b'EOG_Channel                                                                     ',EOG_Channel,uV,-25,25,-32768,32767,400
I007,1,524f432d413120202020202020202020,b'ROC-A1          ',ROC-A1          ,ROC-A1,454f47325f4368616e6e656c2020202020202020202020202020202020202020202020202020202020202020202020202020202020202020202020202020202020202020202020202020202020202020,b'EOG2_Channel                                                                    ',EOG2_Channel,uV,-25,25,-32768,32767,400
I007,2,46332d41322020202020202020202020,b'F3-A2           ',F3-A2           ,F3-A2,4545475f4368616e6e656c202020202020202020202020202020202020202020202020202020202020202020202020202020202020202020202020202020202020202020202020202020202020202020,b'EEG_Channel                                                                     ',EEG_Channel,uV,-25,25,-32768,32767,400
I007,3,43332d41322020202020202020202020,b'C3-A2           ',C3-A2           ,C3-A2,4545475f4368616e6e656c202020202020202020202020202020202020202020202020202020202020202020202020202020202020202020202020202020202020202020202020202020202020202020,b'EEG_Channel                                                                     ',EEG_Channel,uV,-25,25,-32768,32767,400
I007,4,4f312d41322020202020202020202020,b'O1-A2           ',O1-A2           ,O1-A2,4545475f4368616e6e656c202020202020202020202020202020202020202020202020202020202020202020202020202020202020202020202020202020202020202020202020202020202020202020,b'EEG_Channel                                                                     ',EEG_Channel,uV,-25,25,-32768,32767,400
I007,5,46342d41312020202020202020202020,b'F4-A1           ',F4-A1           ,F4-A1,454547325f4368616e6e656c2020202020202020202020202020202020202020202020202020202020202020202020202020202020202020202020202020202020202020202020202020202020202020,b'EEG2_Channel                                                                    ',EEG2_Channel,uV,-25,25,-32768,32767,400
I007,6,43342d41312020202020202020202020,b'C4-A1           ',C4-A1           ,C4-A1,454547325f4368616e6e656c2020202020202020202020202020202020202020202020202020202020202020202020202020202020202020202020202020202020202020202020202020202020202020,b'EEG2_Channel                                                                    ',EEG2_Channel,uV,-25,25,-32768,32767,400
I007,7,4f322d41312020202020202020202020,b'O2-A1           ',O2-A1           ,O2-A1,454547325f4368616e6e656c2020202020202020202020202020202020202020202020202020202020202020202020202020202020202020202020202020202020202020202020202020202020202020,b'EEG2_Channel                                                                    ',EEG2_Channel,uV,-25,25,-32768,32767,400
I007,8,58312020202020202020202020202020,b'X1              ',X1              ,X1,4368696e5f4368616e6e656c2020202020202020202020202020202020202020202020202020202020202020202020202020202020202020202020202020202020202020202020202020202020202020,b'Chin_Channel                                                                    ',Chin_Channel,uV,-101,101,-32768,32767,400
I007,9,58322020202020202020202020202020,b'X2              ',X2              ,X2,454b475f4368616e6e656c202020202020202020202020202020202020202020202020202020202020202020202020202020202020202020202020202020202020202020202020202020202020202020,b'EKG_Channel                                                                     ',EKG_Channel,uV,-87,87,-32768,32767,400
I007,10,58332020202020202020202020202020,b'X3              ',X3              ,X3,4c65675f4368616e6e656c202020202020202020202020202020202020202020202020202020202020202020202020202020202020202020202020202020202020202020202020202020202020202020,b'Leg_Channel                                                                     ',Leg_Channel,uV,-39,39,-32768,32767,400
I007,11,58342020202020202020202020202020,b'X4              ',X4              ,X4,4c6567325f4368616e6e656c2020202020202020202020202020202020202020202020202020202020202020202020202020202020202020202020202020202020202020202020202020202020202020,b'Leg2_Channel                                                                    ',Leg2_Channel,uV,-33,33,-32768,32767,400
I007,12,58352020202020202020202020202020,b'X5              ',X5              ,X5,536e6f72655f4368616e6e656c20202020202020202020202020202020202020202020202020202020202020202020202020202020202020202020202020202020202020202020202020202020202020,b'Snore_Channel                                                                   ',Snore_Channel,uV,-612,612,-32768,32767,400
I007,13,58362020202020202020202020202020,b'X6              ',X6              ,X6,466c6f775f4368616e6e656c2020202020202020202020202020202020202020202020202020202020202020202020202020202020202020202020202020202020202020202020202020202020202020,b'Flow_Channel                                                                    ',Flow_Channel,uV,-32,32,-32768,32767,25
I007,14,44433320202020202020202020202020,b'DC3             ',DC3             ,DC3,466c6f77325f4368616e6e656c20202020202020202020202020202020202020202020202020202020202020202020202020202020202020202020202020202020202020202020202020202020202020,b'Flow2_Channel                                                                   ',Flow2_Channel,uV,-16602,16602,-32768,32767,50
I007,15,58372020202020202020202020202020,b'X7              ',X7              ,X7,4566666f72745f4368616e6e656c202020202020202020202020202020202020202020202020202020202020202020202020202020202020202020202020202020202020202020202020202020202020,b'Effort_Channel                                                                  ',Effort_Channel,uV,-50,50,-32768,32767,50
I007,16,58382020202020202020202020202020,b'X8              ',X8              ,X8,4566666f7274325f4368616e6e656c2020202020202020202020202020202020202020202020202020202020202020202020202020202020202020202020202020202020202020202020202020202020,b'Effort2_Channel                                                                 ',Effort2_Channel,uV,-39,39,-32768,32767,50
I007,17,53614f32202020202020202020202020,b'SaO2            ',SaO2            ,SaO2,53614f325f4368616e6e656c2020202020202020202020202020202020202020202020202020202020202020202020202020202020202020202020202020202020202020202020202020202020202020,b'SaO2_Channel                                                                    ',SaO2_Channel,%,0,100,-32768,32767,25
I007,18,44433820202020202020202020202020,b'DC8             ',DC8             ,DC8,42504f535f4368616e6e656c2020202020202020202020202020202020202020202020202020202020202020202020202020202020202020202020202020202020202020202020202020202020202020,b'BPOS_Channel                                                                    ',BPOS_Channel,,0,200,-32768,32767,50
I008,0,4c4f432d413220202020202020202020,b'LOC-A2          ',LOC-A2          ,LOC-A2,454f475f4368616e6e656c202020202020202020202020202020202020202020202020202020202020202020202020202020202020202020202020202020202020202020202020202020202020202020,b'EOG_Channel                                                                     ',EOG_Channel,uV,-25,25,-32768,32767,400
I008,1,524f432d413120202020202020202020,b'ROC-A1          ',ROC-A1          ,ROC-A1,454f47325f4368616e6e656c2020202020202020202020202020202020202020202020202020202020202020202020202020202020202020202020202020202020202020202020202020202020202020,b'EOG2_Channel                                                                    ',EOG2_Channel,uV,-25,25,-32768,32767,400
I008,2,43332d41322020202020202020202020,b'C3-A2           ',C3-A2           ,C3-A2,4545475f4368616e6e656c202020202020202020202020202020202020202020202020202020202020202020202020202020202020202020202020202020202020202020202020202020202020202020,b'EEG_Channel                                                                     ',EEG_Channel,uV,-25,25,-32768,32767,400
I008,3,4f312d41322020202020202020202020,b'O1-A2           ',O1-A2           ,O1-A2,4545475f4368616e6e656c202020202020202020202020202020202020202020202020202020202020202020202020202020202020202020202020202020202020202020202020202020202020202020,b'EEG_Channel                                                                     ',EEG_Channel,uV,-15,15,-32768,32767,400
I008,4,43342d41312020202020202020202020,b'C4-A1           ',C4-A1           ,C4-A1,454547325f4368616e6e656c2020202020202020202020202020202020202020202020202020202020202020202020202020202020202020202020202020202020202020202020202020202020202020,b'EEG2_Channel                                                                    ',EEG2_Channel,uV,-25,25,-32768,32767,400
I008,5,4f322d41312020202020202020202020,b'O2-A1           ',O2-A1           ,O2-A1,4545475f4368616e6e656c202020202020202020202020202020202020202020202020202020202020202020202020202020202020202020202020202020202020202020202020202020202020202020,b'EEG_Channel                                                                     ',EEG_Channel,uV,-25,25,-32768,32767,400
I008,6,58312020202020202020202020202020,b'X1              ',X1              ,X1,4368696e5f4368616e6e656c2020202020202020202020202020202020202020202020202020202020202020202020202020202020202020202020202020202020202020202020202020202020202020,b'Chin_Channel                                                                    ',Chin_Channel,uV,-26,26,-32768,32767,400
I008,7,58322020202020202020202020202020,b'X2              ',X2              ,X2,454b475f4368616e6e656c202020202020202020202020202020202020202020202020202020202020202020202020202020202020202020202020202020202020202020202020202020202020202020,b'EKG_Channel                                                                     ',EKG_Channel,uV,-84,84,-32768,32767,400
I008,8,58332020202020202020202020202020,b'X3              ',X3              ,X3,4c65675f4368616e6e656c202020202020202020202020202020202020202020202020202020202020202020202020202020202020202020202020202020202020202020202020202020202020202020,b'Leg_Channel                                                                     ',Leg_Channel,uV,-87,87,-32768,32767,400
I008,9,58342020202020202020202020202020,b'X4              ',X4              ,X4,4c6567325f4368616e6e656c2020202020202020202020202020202020202020202020202020202020202020202020202020202020202020202020202020202020202020202020202020202020202020,b'Leg2_Channel                                                                    ',Leg2_Channel,uV,-87,87,-32768,32767,400
I008,10,58352020202020202020202020202020,b'X5              ',X5              ,X5,536e6f72655f4368616e6e656c20202020202020202020202020202020202020202020202020202020202020202020202020202020202020202020202020202020202020202020202020202020202020,b'Snore_Channel                                                                   ',Snore_Channel,uV,-98,98,-32768,32767,200
I008,11,58362020202020202020202020202020,b'X6              ',X6              ,X6,466c6f775f4368616e6e656c2020202020202020202020202020202020202020202020202020202020202020202020202020202020202020202020202020202020202020202020202020202020202020,b'Flow_Channel                                                                    ',Flow_Channel,uV,-51,51,-32768,32767,25
I008,12,44433320202020202020202020202020,b'DC3             ',DC3             ,DC3,466c6f77325f4368616e6e656c20202020202020202020202020202020202020202020202020202020202020202020202020202020202020202020202020202020202020202020202020202020202020,b'Flow2_Channel                                                                   ',Flow2_Channel,uV,-2829,2829,-32768,32767,25
I008,13,58372020202020202020202020202020,b'X7              ',X7              ,X7,4566666f72745f4368616e6e656c202020202020202020202020202020202020202020202020202020202020202020202020202020202020202020202020202020202020202020202020202020202020,b'Effort_Channel                                                                  ',Effort_Channel,uV,-155,155,-32768,32767,25
I008,14,58382020202020202020202020202020,b'X8              ',X8              ,X8,4566666f7274325f4368616e6e656c2020202020202020202020202020202020202020202020202020202020202020202020202020202020202020202020202020202020202020202020202020202020,b'Effort2_Channel                                                                 ',Effort2_Channel,uV,-126,126,-32768,32767,25
I008,15,53614f32202020202020202020202020,b'SaO2            ',SaO2            ,SaO2,53614f325f4368616e6e656c2020202020202020202020202020202020202020202020202020202020202020202020202020202020202020202020202020202020202020202020202020202020202020,b'SaO2_Channel                                                                    ',SaO2_Channel,%,0,100,-32768,32767,25
I008,16,44433820202020202020202020202020,b'DC8             ',DC8             ,DC8,42504f535f4368616e6e656c2020202020202020202020202020202020202020202020202020202020202020202020202020202020202020202020202020202020202020202020202020202020202020,b'BPOS_Channel                                                                    ',BPOS_Channel,,0,200,-32768,32767,25
I008,17,44433420202020202020202020202020,b'DC4             ',DC4             ,DC4,435041505f4368616e6e656c2020202020202020202020202020202020202020202020202020202020202020202020202020202020202020202020202020202020202020202020202020202020202020,b'CPAP_Channel                                                                    ',CPAP_Channel,cm H2O,0,25,-32768,32767,25
I008,18,44433520202020202020202020202020,b'DC5             ',DC5             ,DC5,42495041505f4368616e6e656c20202020202020202020202020202020202020202020202020202020202020202020202020202020202020202020202020202020202020202020202020202020202020,b'BIPAP_Channel                                                                   ',BIPAP_Channel,cm H2O,0,100,-32768,32767,25
I008,19,44433620202020202020202020202020,b'DC6             ',DC6             ,DC6,4443365f4368616e6e656c202020202020202020202020202020202020202020202020202020202020202020202020202020202020202020202020202020202020202020202020202020202020202020,b'DC6_Channel                                                                     ',DC6_Channel,,0,200,-32768,32767,25
I008,20,44433720202020202020202020202020,b'DC7             ',DC7             ,DC7,44435f4368616e6e656c20202020202020202020202020202020202020202020202020202020202020202020202020202020202020202020202020202020202020202020202020202020202020202020,b'DC_Channel                                                                      ',DC_Channel,,0,200,-32768,32767,25
I009,0,4c4f432d413220202020202020202020,b'LOC-A2          ',LOC-A2          ,LOC-A2,454f475f4368616e6e656c202020202020202020202020202020202020202020202020202020202020202020202020202020202020202020202020202020202020202020202020202020202020202020,b'EOG_Channel                                                                     ',EOG_Channel,uV,-25,25,-32768,32767,400
I009,1,524f432d413120202020202020202020,b'ROC-A1          ',ROC-A1          ,ROC-A1,454f47325f4368616e6e656c2020202020202020202020202020202020202020202020202020202020202020202020202020202020202020202020202020202020202020202020202020202020202020,b'EOG2_Channel                                                                    ',EOG2_Channel,uV,-25,25,-32768,32767,400
I009,2,46332d41322020202020202020202020,b'F3-A2           ',F3-A2           ,F3-A2,4545475f4368616e6e656c202020202020202020202020202020202020202020202020202020202020202020202020202020202020202020202020202020202020202020202020202020202020202020,b'EEG_Channel                                                                     ',EEG_Channel,uV,-25,25,-32768,32767,400
I009,3,43332d41322020202020202020202020,b'C3-A2           ',C3-A2           ,C3-A2,4545475f4368616e6e656c202020202020202020202020202020202020202020202020202020202020202020202020202020202020202020202020202020202020202020202020202020202020202020,b'EEG_Channel                                                                     ',EEG_Channel,uV,-25,25,-32768,32767,400
I009,4,4f312d41322020202020202020202020,b'O1-A2           ',O1-A2           ,O1-A2,4545475f4368616e6e656c202020202020202020202020202020202020202020202020202020202020202020202020202020202020202020202020202020202020202020202020202020202020202020,b'EEG_Channel                                                                     ',EEG_Channel,uV,-25,25,-32768,32767,400
I009,5,46342d41312020202020202020202020,b'F4-A1           ',F4-A1           ,F4-A1,454547325f4368616e6e656c2020202020202020202020202020202020202020202020202020202020202020202020202020202020202020202020202020202020202020202020202020202020202020,b'EEG2_Channel                                                                    ',EEG2_Channel,uV,-25,25,-32768,32767,400
I009,6,43342d41312020202020202020202020,b'C4-A1           ',C4-A1           ,C4-A1,454547325f4368616e6e656c2020202020202020202020202020202020202020202020202020202020202020202020202020202020202020202020202020202020202020202020202020202020202020,b'EEG2_Channel                                                                    ',EEG2_Channel,uV,-25,25,-32768,32767,400
I009,7,4f322d41312020202020202020202020,b'O2-A1           ',O2-A1           ,O2-A1,454547325f4368616e6e656c2020202020202020202020202020202020202020202020202020202020202020202020202020202020202020202020202020202020202020202020202020202020202020,b'EEG2_Channel                                                                    ',EEG2_Channel,uV,-25,25,-32768,32767,400
I009,8,58312020202020202020202020202020,b'X1              ',X1              ,X1,4368696e5f4368616e6e656c2020202020202020202020202020202020202020202020202020202020202020202020202020202020202020202020202020202020202020202020202020202020202020,b'Chin_Channel                                                                    ',Chin_Channel,uV,-101,101,-32768,32767,400
I009,9,58322020202020202020202020202020,b'X2              ',X2              ,X2,454b475f4368616e6e656c202020202020202020202020202020202020202020202020202020202020202020202020202020202020202020202020202020202020202020202020202020202020202020,b'EKG_Channel                                                                     ',EKG_Channel,uV,-87,87,-32768,32767,400
I009,10,58332020202020202020202020202020,b'X3              ',X3              ,X3,4c65675f4368616e6e656c202020202020202020202020202020202020202020202020202020202020202020202020202020202020202020202020202020202020202020202020202020202020202020,b'Leg_Channel                                                                     ',Leg_Channel,uV,-39,39,-32768,32767,400
I009,11,58342020202020202020202020202020,b'X4              ',X4              ,X4,4c6567325f4368616e6e656c2020202020202020202020202020202020202020202020202020202020202020202020202020202020202020202020202020202020202020202020202020202020202020,b'Leg2_Channel                                                                    ',Leg2_Channel,uV,-33,33,-32768,32767,400
I009,12,58352020202020202020202020202020,b'X5              ',X5              ,X5,536e6f72655f4368616e6e656c20202020202020202020202020202020202020202020202020202020202020202020202020202020202020202020202020202020202020202020202020202020202020,b'Snore_Channel                                                                   ',Snore_Channel,uV,-612,612,-32768,32767,400
I009,13,58362020202020202020202020202020,b'X6              ',X6              ,X6,466c6f775f4368616e6e656c2020202020202020202020202020202020202020202020202020202020202020202020202020202020202020202020202020202020202020202020202020202020202020,b'Flow_Channel                                                                    ',Flow_Channel,uV,-32,32,-32768,32767,25
I009,14,44433320202020202020202020202020,b'DC3             ',DC3             ,DC3,466c6f77325f4368616e6e656c20202020202020202020202020202020202020202020202020202020202020202020202020202020202020202020202020202020202020202020202020202020202020,b'Flow2_Channel                                                                   ',Flow2_Channel,uV,-16602,16602,-32768,32767,50
I009,15,58372020202020202020202020202020,b'X7              ',X7              ,X7,4566666f72745f4368616e6e656c202020202020202020202020202020202020202020202020202020202020202020202020202020202020202020202020202020202020202020202020202020202020,b'Effort_Channel                                                                  ',Effort_Channel,uV,-110,110,-32768,32767,50
I009,16,58382020202020202020202020202020,b'X8              ',X8              ,X8,4566666f7274325f4368616e6e656c2020202020202020202020202020202020202020202020202020202020202020202020202020202020202020202020202020202020202020202020202020202020,b'Effort2_Channel                                                                 ',Effort2_Channel,uV,-122,122,-32768,32767,50
I009,17,53614f32202020202020202020202020,b'SaO2            ',SaO2            ,SaO2,53614f325f4368616e6e656c2020202020202020202020202020202020202020202020202020202020202020202020202020202020202020202020202020202020202020202020202020202020202020,b'SaO2_Channel                                                                    ',SaO2_Channel,%,0,100,-32768,32767,25
I009,18,44433820202020202020202020202020,b'DC8             ',DC8             ,DC8,42504f535f4368616e6e656c2020202020202020202020202020202020202020202020202020202020202020202020202020202020202020202020202020202020202020202020202020202020202020,b'BPOS_Channel                                                                    ',BPOS_Channel,,0,200,-32768,32767,50
I010,0,4c4f432d413220202020202020202020,b'LOC-A2          ',LOC-A2          ,LOC-A2,454f475f4368616e6e656c202020202020202020202020202020202020202020202020202020202020202020202020202020202020202020202020202020202020202020202020202020202020202020,b'EOG_Channel                                                                     ',EOG_Channel,uV,-25,25,-32768,32767,400
I010,1,524f432d413120202020202020202020,b'ROC-A1          ',ROC-A1          ,ROC-A1,454f47325f4368616e6e656c2020202020202020202020202020202020202020202020202020202020202020202020202020202020202020202020202020202020202020202020202020202020202020,b'EOG2_Channel                                                                    ',EOG2_Channel,uV,-25,25,-32768,32767,400
I010,2,46332d41322020202020202020202020,b'F3-A2           ',F3-A2           ,F3-A2,4545475f4368616e6e656c202020202020202020202020202020202020202020202020202020202020202020202020202020202020202020202020202020202020202020202020202020202020202020,b'EEG_Channel                                                                     ',EEG_Channel,uV,-25,25,-32768,32767,400
I010,3,43332d41322020202020202020202020,b'C3-A2           ',C3-A2           ,C3-A2,4545475f4368616e6e656c202020202020202020202020202020202020202020202020202020202020202020202020202020202020202020202020202020202020202020202020202020202020202020,b'EEG_Channel                                                                     ',EEG_Channel,uV,-25,25,-32768,32767,400
I010,4,4f312d41322020202020202020202020,b'O1-A2           ',O1-A2           ,O1-A2,4545475f4368616e6e656c202020202020202020202020202020202020202020202020202020202020202020202020202020202020202020202020202020202020202020202020202020202020202020,b'EEG_Channel                                                                     ',EEG_Channel,uV,-25,25,-32768,32767,400
I010,5,46342d41312020202020202020202020,b'F4-A1           ',F4-A1           ,F4-A1,454547325f4368616e6e656c2020202020202020202020202020202020202020202020202020202020202020202020202020202020202020202020202020202020202020202020202020202020202020,b'EEG2_Channel                                                                    ',EEG2_Channel,uV,-25,25,-32768,32767,400
I010,6,43342d41312020202020202020202020,b'C4-A1           ',C4-A1           ,C4-A1,454547325f4368616e6e656c2020202020202020202020202020202020202020202020202020202020202020202020202020202020202020202020202020202020202020202020202020202020202020,b'EEG2_Channel                                                                    ',EEG2_Channel,uV,-25,25,-32768,32767,400
I010,7,4f322d41312020202020202020202020,b'O2-A1           ',O2-A1           ,O2-A1,454547325f4368616e6e656c2020202020202020202020202020202020202020202020202020202020202020202020202020202020202020202020202020202020202020202020202020202020202020,b'EEG2_Channel                                                                    ',EEG2_Channel,uV,-25,25,-32768,32767,400
I010,8,58312020202020202020202020202020,b'X1              ',X1              ,X1,4368696e5f4368616e6e656c2020202020202020202020202020202020202020202020202020202020202020202020202020202020202020202020202020202020202020202020202020202020202020,b'Chin_Channel                                                                    ',Chin_Channel,uV,-101,101,-32768,32767,400
I010,9,58322020202020202020202020202020,b'X2              ',X2              ,X2,454b475f4368616e6e656c202020202020202020202020202020202020202020202020202020202020202020202020202020202020202020202020202020202020202020202020202020202020202020,b'EKG_Channel                                                                     ',EKG_Channel,uV,-87,87,-32768,32767,400
I010,10,58332020202020202020202020202020,b'X3              ',X3              ,X3,4c65675f4368616e6e656c202020202020202020202020202020202020202020202020202020202020202020202020202020202020202020202020202020202020202020202020202020202020202020,b'Leg_Channel                                                                     ',Leg_Channel,uV,-39,39,-32768,32767,400
I010,11,58342020202020202020202020202020,b'X4              ',X4              ,X4,4c6567325f4368616e6e656c2020202020202020202020202020202020202020202020202020202020202020202020202020202020202020202020202020202020202020202020202020202020202020,b'Leg2_Channel                                                                    ',Leg2_Channel,uV,-33,33,-32768,32767,400
I010,12,58352020202020202020202020202020,b'X5              ',X5              ,X5,536e6f72655f4368616e6e656c20202020202020202020202020202020202020202020202020202020202020202020202020202020202020202020202020202020202020202020202020202020202020,b'Snore_Channel                                                                   ',Snore_Channel,uV,-612,612,-32768,32767,400
I010,13,58362020202020202020202020202020,b'X6              ',X6              ,X6,466c6f775f4368616e6e656c2020202020202020202020202020202020202020202020202020202020202020202020202020202020202020202020202020202020202020202020202020202020202020,b'Flow_Channel                                                                    ',Flow_Channel,uV,-22,22,-32768,32767,25
I010,14,44433320202020202020202020202020,b'DC3             ',DC3             ,DC3,466c6f77325f4368616e6e656c20202020202020202020202020202020202020202020202020202020202020202020202020202020202020202020202020202020202020202020202020202020202020,b'Flow2_Channel                                                                   ',Flow2_Channel,uV,-1180,1180,-32768,32767,50
I010,15,58372020202020202020202020202020,b'X7              ',X7              ,X7,4566666f72745f4368616e6e656c202020202020202020202020202020202020202020202020202020202020202020202020202020202020202020202020202020202020202020202020202020202020,b'Effort_Channel                                                                  ',Effort_Channel,uV,-20,20,-32768,32767,50
I010,16,58382020202020202020202020202020,b'X8              ',X8              ,X8,4566666f7274325f4368616e6e656c2020202020202020202020202020202020202020202020202020202020202020202020202020202020202020202020202020202020202020202020202020202020,b'Effort2_Channel                                                                 ',Effort2_Channel,uV,-14,14,-32768,32767,50
I010,17,53614f32202020202020202020202020,b'SaO2            ',SaO2            ,SaO2,53614f325f4368616e6e656c2020202020202020202020202020202020202020202020202020202020202020202020202020202020202020202020202020202020202020202020202020202020202020,b'SaO2_Channel                                                                    ',SaO2_Channel,%,0,100,-32768,32767,25
I010,18,44433820202020202020202020202020,b'DC8             ',DC8             ,DC8,42504f535f4368616e6e656c2020202020202020202020202020202020202020202020202020202020202020202020202020202020202020202020202020202020202020202020202020202020202020,b'BPOS_Channel                                                                    ',BPOS_Channel,,0,200,-32768,32767,50
I011,0,45312d4d322020202020202020202020,b'E1-M2           ',E1-M2           ,E1-M2,454f475f4368616e6e656c202020202020202020202020202020202020202020202020202020202020202020202020202020202020202020202020202020202020202020202020202020202020202020,b'EOG_Channel                                                                     ',EOG_Channel,uV,-2490,2490,-32768,32767,400
I011,1,45322d4d312020202020202020202020,b'E2-M1           ',E2-M1           ,E2-M1,454f47325f4368616e6e656c2020202020202020202020202020202020202020202020202020202020202020202020202020202020202020202020202020202020202020202020202020202020202020,b'EOG2_Channel                                                                    ',EOG2_Channel,uV,-2490,2490,-32768,32767,400
I011,2,46332d4d322020202020202020202020,b'F3-M2           ',F3-M2           ,F3-M2,4545475f4368616e6e656c202020202020202020202020202020202020202020202020202020202020202020202020202020202020202020202020202020202020202020202020202020202020202020,b'EEG_Channel                                                                     ',EEG_Channel,uV,-2490,2490,-32768,32767,400
I011,3,43332d4d322020202020202020202020,b'C3-M2           ',C3-M2           ,C3-M2,4545475f4368616e6e656c202020202020202020202020202020202020202020202020202020202020202020202020202020202020202020202020202020202020202020202020202020202020202020,b'EEG_Channel                                                                     ',EEG_Channel,uV,-2490,2490,-32768,32767,400
I011,4,4f312d4d322020202020202020202020,b'O1-M2           ',O1-M2           ,O1-M2,4545475f4368616e6e656c202020202020202020202020202020202020202020202020202020202020202020202020202020202020202020202020202020202020202020202020202020202020202020,b'EEG_Channel                                                                     ',EEG_Channel,uV,-2490,2490,-32768,32767,400
I011,5,46342d4d312020202020202020202020,b'F4-M1           ',F4-M1           ,F4-M1,454547325f4368616e6e656c2020202020202020202020202020202020202020202020202020202020202020202020202020202020202020202020202020202020202020202020202020202020202020,b'EEG2_Channel                                                                    ',EEG2_Channel,uV,-2490,2490,-32768,32767,400
I011,6,43342d4d312020202020202020202020,b'C4-M1           ',C4-M1           ,C4-M1,454547325f4368616e6e656c2020202020202020202020202020202020202020202020202020202020202020202020202020202020202020202020202020202020202020202020202020202020202020,b'EEG2_Channel                                                                    ',EEG2_Channel,uV,-2490,2490,-32768,32767,400
I011,7,4f322d4d312020202020202020202020,b'O2-M1           ',O2-M1           ,O2-M1,454547325f4368616e6e656c2020202020202020202020202020202020202020202020202020202020202020202020202020202020202020202020202020202020202020202020202020202020202020,b'EEG2_Channel                                                                    ',EEG2_Channel,uV,-2490,2490,-32768,32767,400
I011,8,58312020202020202020202020202020,b'X1              ',X1              ,X1,4368696e5f4368616e6e656c2020202020202020202020202020202020202020202020202020202020202020202020202020202020202020202020202020202020202020202020202020202020202020,b'Chin_Channel                                                                    ',Chin_Channel,uV,-9404,9404,-32768,32767,400
I011,9,58322020202020202020202020202020,b'X2              ',X2              ,X2,454b475f4368616e6e656c202020202020202020202020202020202020202020202020202020202020202020202020202020202020202020202020202020202020202020202020202020202020202020,b'EKG_Channel                                                                     ',EKG_Channel,uV,-9404,9404,-32768,32767,400
I011,10,58332020202020202020202020202020,b'X3              ',X3              ,X3,4c65675f4368616e6e656c202020202020202020202020202020202020202020202020202020202020202020202020202020202020202020202020202020202020202020202020202020202020202020,b'Leg_Channel                                                                     ',Leg_Channel,uV,-9404,9404,-32768,32767,400
I011,11,58342020202020202020202020202020,b'X4              ',X4              ,X4,4c6567325f4368616e6e656c2020202020202020202020202020202020202020202020202020202020202020202020202020202020202020202020202020202020202020202020202020202020202020,b'Leg2_Channel                                                                    ',Leg2_Channel,uV,-9404,9404,-32768,32767,400
I011,12,58352020202020202020202020202020,b'X5              ',X5              ,X5,536e6f72655f4368616e6e656c20202020202020202020202020202020202020202020202020202020202020202020202020202020202020202020202020202020202020202020202020202020202020,b'Snore_Channel                                                                   ',Snore_Channel,uV,-9404,9404,-32768,32767,400
I011,13,58362020202020202020202020202020,b'X6              ',X6              ,X6,466c6f775f4368616e6e656c2020202020202020202020202020202020202020202020202020202020202020202020202020202020202020202020202020202020202020202020202020202020202020,b'Flow_Channel                                                                    ',Flow_Channel,uV,-9404,9404,-32768,32767,25
I011,14,44433420202020202020202020202020,b'DC4             ',DC4             ,DC4,466c6f77325f4368616e6e656c20202020202020202020202020202020202020202020202020202020202020202020202020202020202020202020202020202020202020202020202020202020202020,b'Flow2_Channel                                                                   ',Flow2_Channel,uV,-495,495,-32768,32767,400
I011,15,58372020202020202020202020202020,b'X7              ',X7              ,X7,4566666f72745f4368616e6e656c202020202020202020202020202020202020202020202020202020202020202020202020202020202020202020202020202020202020202020202020202020202020,b'Effort_Channel                                                                  ',Effort_Channel,uV,-9404,9404,-32768,32767,50
I011,16,58382020202020202020202020202020,b'X8              ',X8              ,X8,4566666f7274325f4368616e6e656c2020202020202020202020202020202020202020202020202020202020202020202020202020202020202020202020202020202020202020202020202020202020,b'Effort2_Channel                                                                 ',Effort2_Channel,uV,-9404,9404,-32768,32767,50
I011,17,58372d58382020202020202020202020,b'X7-X8           ',X7-X8           ,X7-X8,53756d5f4368616e6e656c202020202020202020202020202020202020202020202020202020202020202020202020202020202020202020202020202020202020202020202020202020202020202020,b'Sum_Channel                                                                     ',Sum_Channel,,0,100,-32768,32767,50
I011,18,53704f32202020202020202020202020,b'SpO2            ',SpO2            ,SpO2,53704f325f4368616e6e656c2020202020202020202020202020202020202020202020202020202020202020202020202020202020202020202020202020202020202020202020202020202020202020,b'SpO2_Channel                                                                    ',SpO2_Channel,%,0,100,-32768,32767,25
I011,19,44433820202020202020202020202020,b'DC8             ',DC8             ,DC8,42504f535f4368616e6e656c2020202020202020202020202020202020202020202020202020202020202020202020202020202020202020202020202020202020202020202020202020202020202020,b'BPOS_Channel                                                                    ',BPOS_Channel,,0,100,-32768,32767,50
I011,20,44433120202020202020202020202020,b'DC1             ',DC1             ,DC1,542d50726573204368616e6e656c202020202020202020202020202020202020202020202020202020202020202020202020202020202020202020202020202020202020202020202020202020202020,b'T-Pres Channel                                                                  ',T-Pres Channel,uV,-494,494,-32768,32767,200
I011,21,44433220202020202020202020202020,b'DC2             ',DC2             ,DC2,542d466c6f77204368616e6e656c202020202020202020202020202020202020202020202020202020202020202020202020202020202020202020202020202020202020202020202020202020202020,b'T-Flow Channel                                                                  ',T-Flow Channel,uV,-1042,1042,-32768,32767,200
I011,22,44433320202020202020202020202020,b'DC3             ',DC3             ,DC3,542d4c65616b204368616e6e656c202020202020202020202020202020202020202020202020202020202020202020202020202020202020202020202020202020202020202020202020202020202020,b'T-Leak Channel                                                                  ',T-Leak Channel,uV,-622,622,-32768,32767,200
I011,23,44433520202020202020202020202020,b'DC5             ',DC5             ,DC5,542d566f6c204368616e6e656c20202020202020202020202020202020202020202020202020202020202020202020202020202020202020202020202020202020202020202020202020202020202020,b'T-Vol Channel                                                                   ',T-Vol Channel,uV,-509,509,-32768,32767,200
I012,0,4c4f432d413220202020202020202020,b'LOC-A2          ',LOC-A2          ,LOC-A2,454f475f4368616e6e656c202020202020202020202020202020202020202020202020202020202020202020202020202020202020202020202020202020202020202020202020202020202020202020,b'EOG_Channel                                                                     ',EOG_Channel,uV,-25,25,-32768,32767,400
I012,1,524f432d413120202020202020202020,b'ROC-A1          ',ROC-A1          ,ROC-A1,454f47325f4368616e6e656c2020202020202020202020202020202020202020202020202020202020202020202020202020202020202020202020202020202020202020202020202020202020202020,b'EOG2_Channel                                                                    ',EOG2_Channel,uV,-25,25,-32768,32767,400
I012,2,46332d41322020202020202020202020,b'F3-A2           ',F3-A2           ,F3-A2,4545475f4368616e6e656c202020202020202020202020202020202020202020202020202020202020202020202020202020202020202020202020202020202020202020202020202020202020202020,b'EEG_Channel                                                                     ',EEG_Channel,uV,-25,25,-32768,32767,400
I012,3,43332d41322020202020202020202020,b'C3-A2           ',C3-A2           ,C3-A2,4545475f4368616e6e656c202020202020202020202020202020202020202020202020202020202020202020202020202020202020202020202020202020202020202020202020202020202020202020,b'EEG_Channel                                                                     ',EEG_Channel,uV,-25,25,-32768,32767,400
I012,4,4f312d41322020202020202020202020,b'O1-A2           ',O1-A2           ,O1-A2,4545475f4368616e6e656c202020202020202020202020202020202020202020202020202020202020202020202020202020202020202020202020202020202020202020202020202020202020202020,b'EEG_Channel                                                                     ',EEG_Channel,uV,-25,25,-32768,32767,400
I012,5,46342d41312020202020202020202020,b'F4-A1           ',F4-A1           ,F4-A1,454547325f4368616e6e656c2020202020202020202020202020202020202020202020202020202020202020202020202020202020202020202020202020202020202020202020202020202020202020,b'EEG2_Channel                                                                    ',EEG2_Channel,uV,-25,25,-32768,32767,400
I012,6,43342d41312020202020202020202020,b'C4-A1           ',C4-A1           ,C4-A1,454547325f4368616e6e656c2020202020202020202020202020202020202020202020202020202020202020202020202020202020202020202020202020202020202020202020202020202020202020,b'EEG2_Channel                                                                    ',EEG2_Channel,uV,-25,25,-32768,32767,400
I012,7,4f322d41312020202020202020202020,b'O2-A1           ',O2-A1           ,O2-A1,454547325f4368616e6e656c2020202020202020202020202020202020202020202020202020202020202020202020202020202020202020202020202020202020202020202020202020202020202020,b'EEG2_Channel                                                                    ',EEG2_Channel,uV,-25,25,-32768,32767,400
I012,8,58312020202020202020202020202020,b'X1              ',X1              ,X1,4368696e5f4368616e6e656c2020202020202020202020202020202020202020202020202020202020202020202020202020202020202020202020202020202020202020202020202020202020202020,b'Chin_Channel                                                                    ',Chin_Channel,uV,-101,101,-32768,32767,400
I012,9,58322020202020202020202020202020,b'X2              ',X2              ,X2,454b475f4368616e6e656c202020202020202020202020202020202020202020202020202020202020202020202020202020202020202020202020202020202020202020202020202020202020202020,b'EKG_Channel                                                                     ',EKG_Channel,uV,-87,87,-32768,32767,400
I012,10,58332020202020202020202020202020,b'X3              ',X3              ,X3,4c65675f4368616e6e656c202020202020202020202020202020202020202020202020202020202020202020202020202020202020202020202020202020202020202020202020202020202020202020,b'Leg_Channel                                                                     ',Leg_Channel,uV,-39,39,-32768,32767,400
I012,11,58342020202020202020202020202020,b'X4              ',X4              ,X4,4c6567325f4368616e6e656c2020202020202020202020202020202020202020202020202020202020202020202020202020202020202020202020202020202020202020202020202020202020202020,b'Leg2_Channel                                                                    ',Leg2_Channel,uV,-33,33,-32768,32767,400
I012,12,58352020202020202020202020202020,b'X5              ',X5              ,X5,536e6f72655f4368616e6e656c20202020202020202020202020202020202020202020202020202020202020202020202020202020202020202020202020202020202020202020202020202020202020,b'Snore_Channel                                                                   ',Snore_Channel,uV,-612,612,-32768,32767,400
I012,13,58362020202020202020202020202020,b'X6              ',X6              ,X6,466c6f775f4368616e6e656c2020202020202020202020202020202020202020202020202020202020202020202020202020202020202020202020202020202020202020202020202020202020202020,b'Flow_Channel                                                                    ',Flow_Channel,uV,-21,21,-32768,32767,25
I012,14,44433320202020202020202020202020,b'DC3             ',DC3             ,DC3,466c6f77325f4368616e6e656c20202020202020202020202020202020202020202020202020202020202020202020202020202020202020202020202020202020202020202020202020202020202020,b'Flow2_Channel                                                                   ',Flow2_Channel,uV,-3802,3802,-32768,32767,50
I012,15,58372020202020202020202020202020,b'X7              ',X7              ,X7,4566666f72745f4368616e6e656c202020202020202020202020202020202020202020202020202020202020202020202020202020202020202020202020202020202020202020202020202020202020,b'Effort_Channel                                                                  ',Effort_Channel,uV,-76,76,-32768,32767,50
I012,16,58382020202020202020202020202020,b'X8              ',X8              ,X8,4566666f7274325f4368616e6e656c2020202020202020202020202020202020202020202020202020202020202020202020202020202020202020202020202020202020202020202020202020202020,b'Effort2_Channel                                                                 ',Effort2_Channel,uV,-76,76,-32768,32767,50
I012,17,53614f32202020202020202020202020,b'SaO2            ',SaO2            ,SaO2,53614f325f4368616e6e656c2020202020202020202020202020202020202020202020202020202020202020202020202020202020202020202020202020202020202020202020202020202020202020,b'SaO2_Channel                                                                    ',SaO2_Channel,%,0,100,-32768,32767,25
I012,18,44433820202020202020202020202020,b'DC8             ',DC8             ,DC8,42504f535f4368616e6e656c2020202020202020202020202020202020202020202020202020202020202020202020202020202020202020202020202020202020202020202020202020202020202020,b'BPOS_Channel                                                                    ',BPOS_Channel,,0,200,-32768,32767,50
I013,0,45312d4d322020202020202020202020,b'E1-M2           ',E1-M2           ,E1-M2,454f475f4368616e6e656c202020202020202020202020202020202020202020202020202020202020202020202020202020202020202020202020202020202020202020202020202020202020202020,b'EOG_Channel                                                                     ',EOG_Channel,uV,-2490,2490,-32768,32767,400
I013,1,45322d4d312020202020202020202020,b'E2-M1           ',E2-M1           ,E2-M1,454f47325f4368616e6e656c2020202020202020202020202020202020202020202020202020202020202020202020202020202020202020202020202020202020202020202020202020202020202020,b'EOG2_Channel                                                                    ',EOG2_Channel,uV,-2490,2490,-32768,32767,400
I013,2,46332d4d322020202020202020202020,b'F3-M2           ',F3-M2           ,F3-M2,4545475f4368616e6e656c202020202020202020202020202020202020202020202020202020202020202020202020202020202020202020202020202020202020202020202020202020202020202020,b'EEG_Channel                                                                     ',EEG_Channel,uV,-2490,2490,-32768,32767,400
I013,3,43332d4d322020202020202020202020,b'C3-M2           ',C3-M2           ,C3-M2,4545475f4368616e6e656c202020202020202020202020202020202020202020202020202020202020202020202020202020202020202020202020202020202020202020202020202020202020202020,b'EEG_Channel                                                                     ',EEG_Channel,uV,-2490,2490,-32768,32767,400
I013,4,4f312d4d322020202020202020202020,b'O1-M2           ',O1-M2           ,O1-M2,4545475f4368616e6e656c202020202020202020202020202020202020202020202020202020202020202020202020202020202020202020202020202020202020202020202020202020202020202020,b'EEG_Channel                                                                     ',EEG_Channel,uV,-2490,2490,-32768,32767,400
I013,5,46342d4d312020202020202020202020,b'F4-M1           ',F4-M1           ,F4-M1,454547325f4368616e6e656c2020202020202020202020202020202020202020202020202020202020202020202020202020202020202020202020202020202020202020202020202020202020202020,b'EEG2_Channel                                                                    ',EEG2_Channel,uV,-2490,2490,-32768,32767,400
I013,6,43342d4d312020202020202020202020,b'C4-M1           ',C4-M1           ,C4-M1,454547325f4368616e6e656c2020202020202020202020202020202020202020202020202020202020202020202020202020202020202020202020202020202020202020202020202020202020202020,b'EEG2_Channel                                                                    ',EEG2_Channel,uV,-2490,2490,-32768,32767,400
I013,7,4f322d4d312020202020202020202020,b'O2-M1           ',O2-M1           ,O2-M1,454547325f4368616e6e656c2020202020202020202020202020202020202020202020202020202020202020202020202020202020202020202020202020202020202020202020202020202020202020,b'EEG2_Channel                                                                    ',EEG2_Channel,uV,-2490,2490,-32768,32767,400
I013,8,58312020202020202020202020202020,b'X1              ',X1              ,X1,4368696e5f4368616e6e656c2020202020202020202020202020202020202020202020202020202020202020202020202020202020202020202020202020202020202020202020202020202020202020,b'Chin_Channel                                                                    ',Chin_Channel,uV,-9404,9404,-32768,32767,400
I013,9,58322020202020202020202020202020,b'X2              ',X2              ,X2,454b475f4368616e6e656c202020202020202020202020202020202020202020202020202020202020202020202020202020202020202020202020202020202020202020202020202020202020202020,b'EKG_Channel                                                                     ',EKG_Channel,uV,-9404,9404,-32768,32767,400
I013,10,58332020202020202020202020202020,b'X3              ',X3              ,X3,4c65675f4368616e6e656c202020202020202020202020202020202020202020202020202020202020202020202020202020202020202020202020202020202020202020202020202020202020202020,b'Leg_Channel                                                                     ',Leg_Channel,uV,-9404,9404,-32768,32767,400
I013,11,58342020202020202020202020202020,b'X4              ',X4              ,X4,4c6567325f4368616e6e656c2020202020202020202020202020202020202020202020202020202020202020202020202020202020202020202020202020202020202020202020202020202020202020,b'Leg2_Channel                                                                    ',Leg2_Channel,uV,-9404,9404,-32768,32767,400
I013,12,58352020202020202020202020202020,b'X5              ',X5              ,X5,536e6f72655f4368616e6e656c20202020202020202020202020202020202020202020202020202020202020202020202020202020202020202020202020202020202020202020202020202020202020,b'Snore_Channel                                                                   ',Snore_Channel,uV,-9404,9404,-32768,32767,400
I013,13,58362020202020202020202020202020,b'X6              ',X6              ,X6,466c6f775f4368616e6e656c2020202020202020202020202020202020202020202020202020202020202020202020202020202020202020202020202020202020202020202020202020202020202020,b'Flow_Channel                                                                    ',Flow_Channel,uV,-9404,9404,-32768,32767,25
I013,14,44433420202020202020202020202020,b'DC4             ',DC4             ,DC4,466c6f77325f4368616e6e656c20202020202020202020202020202020202020202020202020202020202020202020202020202020202020202020202020202020202020202020202020202020202020,b'Flow2_Channel                                                                   ',Flow2_Channel,uV,-223,223,-32768,32767,50
I013,15,58372020202020202020202020202020,b'X7              ',X7              ,X7,4566666f72745f4368616e6e656c202020202020202020202020202020202020202020202020202020202020202020202020202020202020202020202020202020202020202020202020202020202020,b'Effort_Channel                                                                  ',Effort_Channel,uV,-9404,9404,-32768,32767,50
I013,16,58382020202020202020202020202020,b'X8              ',X8              ,X8,4566666f7274325f4368616e6e656c2020202020202020202020202020202020202020202020202020202020202020202020202020202020202020202020202020202020202020202020202020202020,b'Effort2_Channel                                                                 ',Effort2_Channel,uV,-9404,9404,-32768,32767,50
I013,17,53704f32202020202020202020202020,b'SpO2            ',SpO2            ,SpO2,53704f325f4368616e6e656c2020202020202020202020202020202020202020202020202020202020202020202020202020202020202020202020202020202020202020202020202020202020202020,b'SpO2_Channel                                                                    ',SpO2_Channel,%,0,100,-32768,32767,25
I013,18,44433820202020202020202020202020,b'DC8             ',DC8             ,DC8,42504f535f4368616e6e656c2020202020202020202020202020202020202020202020202020202020202020202020202020202020202020202020202020202020202020202020202020202020202020,b'BPOS_Channel                                                                    ',BPOS_Channel,,0,200,-32768,32767,50
I014,0,45312d4d322020202020202020202020,b'E1-M2           ',E1-M2           ,E1-M2,454f475f4368616e6e656c202020202020202020202020202020202020202020202020202020202020202020202020202020202020202020202020202020202020202020202020202020202020202020,b'EOG_Channel                                                                     ',EOG_Channel,uV,-5013,5013,-32768,32767,400
I014,1,45322d4d312020202020202020202020,b'E2-M1           ',E2-M1           ,E2-M1,454f475f4368616e6e656c202020202020202020202020202020202020202020202020202020202020202020202020202020202020202020202020202020202020202020202020202020202020202020,b'EOG_Channel                                                                     ',EOG_Channel,uV,-5013,5013,-32768,32767,400
I014,2,46332d4d322020202020202020202020,b'F3-M2           ',F3-M2           ,F3-M2,4545475f4368616e6e656c202020202020202020202020202020202020202020202020202020202020202020202020202020202020202020202020202020202020202020202020202020202020202020,b'EEG_Channel                                                                     ',EEG_Channel,uV,-5013,5013,-32768,32767,400
I014,3,43332d4d322020202020202020202020,b'C3-M2           ',C3-M2           ,C3-M2,4545475f4368616e6e656c202020202020202020202020202020202020202020202020202020202020202020202020202020202020202020202020202020202020202020202020202020202020202020,b'EEG_Channel                                                                     ',EEG_Channel,uV,-5013,5013,-32768,32767,400
I014,4,4f312d4d322020202020202020202020,b'O1-M2           ',O1-M2           ,O1-M2,4545475f4368616e6e656c202020202020202020202020202020202020202020202020202020202020202020202020202020202020202020202020202020202020202020202020202020202020202020,b'EEG_Channel                                                                     ',EEG_Channel,uV,-5013,5013,-32768,32767,400
I014,5,46342d4d312020202020202020202020,b'F4-M1           ',F4-M1           ,F4-M1,454547325f4368616e6e656c2020202020202020202020202020202020202020202020202020202020202020202020202020202020202020202020202020202020202020202020202020202020202020,b'EEG2_Channel                                                                    ',EEG2_Channel,uV,-5013,5013,-32768,32767,400
I014,6,43342d4d312020202020202020202020,b'C4-M1           ',C4-M1           ,C4-M1,454547325f4368616e6e656c2020202020202020202020202020202020202020202020202020202020202020202020202020202020202020202020202020202020202020202020202020202020202020,b'EEG2_Channel                                                                    ',EEG2_Channel,uV,-5013,5013,-32768,32767,400
I014,7,4f322d4d312020202020202020202020,b'O2-M1           ',O2-M1           ,O2-M1,454547325f4368616e6e656c2020202020202020202020202020202020202020202020202020202020202020202020202020202020202020202020202020202020202020202020202020202020202020,b'EEG2_Channel                                                                    ',EEG2_Channel,uV,-5013,5013,-32768,32767,400
I014,8,32342020202020202020202020202020,b'24              ',24              ,24,4368696e5f4368616e6e656c2020202020202020202020202020202020202020202020202020202020202020202020202020202020202020202020202020202020202020202020202020202020202020,b'Chin_Channel                                                                    ',Chin_Channel,uV,-5013,5013,-32768,32767,400
I014,9,32352020202020202020202020202020,b'25              ',25              ,25,454b475f4368616e6e656c202020202020202020202020202020202020202020202020202020202020202020202020202020202020202020202020202020202020202020202020202020202020202020,b'EKG_Channel                                                                     ',EKG_Channel,uV,-5013,5013,-32768,32767,400
I014,10,32362020202020202020202020202020,b'26              ',26              ,26,4c65675f4368616e6e656c202020202020202020202020202020202020202020202020202020202020202020202020202020202020202020202020202020202020202020202020202020202020202020,b'Leg_Channel                                                                     ',Leg_Channel,uV,-5013,5013,-32768,32767,400
I014,11,32372020202020202020202020202020,b'27              ',27              ,27,4c6567325f4368616e6e656c2020202020202020202020202020202020202020202020202020202020202020202020202020202020202020202020202020202020202020202020202020202020202020,b'Leg2_Channel                                                                    ',Leg2_Channel,uV,-5013,5013,-32768,32767,400
I014,12,32382020202020202020202020202020,b'28              ',28              ,28,536e6f72655f4368616e6e656c20202020202020202020202020202020202020202020202020202020202020202020202020202020202020202020202020202020202020202020202020202020202020,b'Snore_Channel                                                                   ',Snore_Channel,uV,-5013,5013,-32768,32767,400
I014,13,32392020202020202020202020202020,b'29              ',29              ,29,466c6f775f4368616e6e656c2020202020202020202020202020202020202020202020202020202020202020202020202020202020202020202020202020202020202020202020202020202020202020,b'Flow_Channel                                                                    ',Flow_Channel,uV,-5013,5013,-32768,32767,25
I014,14,44433031202020202020202020202020,b'DC01            ',DC01            ,DC01,466c6f77325f4368616e6e656c20202020202020202020202020202020202020202020202020202020202020202020202020202020202020202020202020202020202020202020202020202020202020,b'Flow2_Channel                                                                   ',Flow2_Channel,uV,-327680,327680,-32768,32767,25
I014,15,33302020202020202020202020202020,b'30              ',30              ,30,4566666f72745f4368616e6e656c202020202020202020202020202020202020202020202020202020202020202020202020202020202020202020202020202020202020202020202020202020202020,b'Effort_Channel                                                                  ',Effort_Channel,uV,-5013,5013,-32768,32767,50
I014,16,33312020202020202020202020202020,b'31              ',31              ,31,4566666f7274325f4368616e6e656c2020202020202020202020202020202020202020202020202020202020202020202020202020202020202020202020202020202020202020202020202020202020,b'Effort2_Channel                                                                 ',Effort2_Channel,uV,-5013,5013,-32768,32767,50
I014,17,53704f32202020202020202020202020,b'SpO2            ',SpO2            ,SpO2,53704f325f4368616e6e656c2020202020202020202020202020202020202020202020202020202020202020202020202020202020202020202020202020202020202020202020202020202020202020,b'SpO2_Channel                                                                    ',SpO2_Channel,%,0,100,-32768,32767,25
I014,18,44433032202020202020202020202020,b'DC02            ',DC02            ,DC02,42504f535f4368616e6e656c2020202020202020202020202020202020202020202020202020202020202020202020202020202020202020202020202020202020202020202020202020202020202020,b'BPOS_Channel                                                                    ',BPOS_Channel,,0,100,-32768,32767,25
I015,0,4c4f432d413220202020202020202020,b'LOC-A2          ',LOC-A2          ,LOC-A2,454f475f4368616e6e656c202020202020202020202020202020202020202020202020202020202020202020202020202020202020202020202020202020202020202020202020202020202020202020,b'EOG_Channel                                                                     ',EOG_Channel,uV,-25,25,-32768,32767,400
I015,1,524f432d413120202020202020202020,b'ROC-A1          ',ROC-A1          ,ROC-A1,454f47325f4368616e6e656c2020202020202020202020202020202020202020202020202020202020202020202020202020202020202020202020202020202020202020202020202020202020202020,b'EOG2_Channel                                                                    ',EOG2_Channel,uV,-25,25,-32768,32767,400
I015,2,46332d41322020202020202020202020,b'F3-A2           ',F3-A2           ,F3-A2,4545475f4368616e6e656c202020202020202020202020202020202020202020202020202020202020202020202020202020202020202020202020202020202020202020202020202020202020202020,b'EEG_Channel                                                                     ',EEG_Channel,uV,-25,25,-32768,32767,400
I015,3,43332d41322020202020202020202020,b'C3-A2           ',C3-A2           ,C3-A2,4545475f4368616e6e656c202020202020202020202020202020202020202020202020202020202020202020202020202020202020202020202020202020202020202020202020202020202020202020,b'EEG_Channel                                                                     ',EEG_Channel,uV,-25,25,-32768,32767,400
I015,4,4f312d41322020202020202020202020,b'O1-A2           ',O1-A2           ,O1-A2,4545475f4368616e6e656c202020202020202020202020202020202020202020202020202020202020202020202020202020202020202020202020202020202020202020202020202020202020202020,b'EEG_Channel                                                                     ',EEG_Channel,uV,-25,25,-32768,32767,400
I015,5,46342d41312020202020202020202020,b'F4-A1           ',F4-A1           ,F4-A1,454547325f4368616e6e656c2020202020202020202020202020202020202020202020202020202020202020202020202020202020202020202020202020202020202020202020202020202020202020,b'EEG2_Channel                                                                    ',EEG2_Channel,uV,-25,25,-32768,32767,400
I015,6,43342d41312020202020202020202020,b'C4-A1           ',C4-A1           ,C4-A1,454547325f4368616e6e656c2020202020202020202020202020202020202020202020202020202020202020202020202020202020202020202020202020202020202020202020202020202020202020,b'EEG2_Channel                                                                    ',EEG2_Channel,uV,-25,25,-32768,32767,400
I015,7,4f322d41312020202020202020202020,b'O2-A1           ',O2-A1           ,O2-A1,454547325f4368616e6e656c2020202020202020202020202020202020202020202020202020202020202020202020202020202020202020202020202020202020202020202020202020202020202020,b'EEG2_Channel                                                                    ',EEG2_Channel,uV,-25,25,-32768,32767,400
I015,8,58312020202020202020202020202020,b'X1              ',X1              ,X1,4368696e5f4368616e6e656c2020202020202020202020202020202020202020202020202020202020202020202020202020202020202020202020202020202020202020202020202020202020202020,b'Chin_Channel                                                                    ',Chin_Channel,uV,-42,42,-32768,32767,400
I015,9,58322020202020202020202020202020,b'X2              ',X2              ,X2,454b475f4368616e6e656c202020202020202020202020202020202020202020202020202020202020202020202020202020202020202020202020202020202020202020202020202020202020202020,b'EKG_Channel                                                                     ',EKG_Channel,uV,-97,97,-32768,32767,400
I015,10,58332020202020202020202020202020,b'X3              ',X3              ,X3,4c65675f4368616e6e656c202020202020202020202020202020202020202020202020202020202020202020202020202020202020202020202020202020202020202020202020202020202020202020,b'Leg_Channel                                                                     ',Leg_Channel,uV,-25,25,-32768,32767,400
I015,11,58342020202020202020202020202020,b'X4              ',X4              ,X4,4c6567325f4368616e6e656c2020202020202020202020202020202020202020202020202020202020202020202020202020202020202020202020202020202020202020202020202020202020202020,b'Leg2_Channel                                                                    ',Leg2_Channel,uV,-16,16,-32768,32767,400
I015,12,58352020202020202020202020202020,b'X5              ',X5              ,X5,536e6f72655f4368616e6e656c20202020202020202020202020202020202020202020202020202020202020202020202020202020202020202020202020202020202020202020202020202020202020,b'Snore_Channel                                                                   ',Snore_Channel,uV,-215,215,-32768,32767,400
I015,13,58362020202020202020202020202020,b'X6              ',X6              ,X6,466c6f775f4368616e6e656c2020202020202020202020202020202020202020202020202020202020202020202020202020202020202020202020202020202020202020202020202020202020202020,b'Flow_Channel                                                                    ',Flow_Channel,uV,-14,14,-32768,32767,25
I015,14,44433320202020202020202020202020,b'DC3             ',DC3             ,DC3,466c6f77325f4368616e6e656c20202020202020202020202020202020202020202020202020202020202020202020202020202020202020202020202020202020202020202020202020202020202020,b'Flow2_Channel                                                                   ',Flow2_Channel,uV,-3055,3055,-32768,32767,50
I015,15,58372020202020202020202020202020,b'X7              ',X7              ,X7,4566666f72745f4368616e6e656c202020202020202020202020202020202020202020202020202020202020202020202020202020202020202020202020202020202020202020202020202020202020,b'Effort_Channel                                                                  ',Effort_Channel,uV,-133,133,-32768,32767,50
I015,16,58382020202020202020202020202020,b'X8              ',X8              ,X8,4566666f7274325f4368616e6e656c2020202020202020202020202020202020202020202020202020202020202020202020202020202020202020202020202020202020202020202020202020202020,b'Effort2_Channel                                                                 ',Effort2_Channel,uV,-626,626,-32768,32767,50
I015,17,53614f32202020202020202020202020,b'SaO2            ',SaO2            ,SaO2,53614f325f4368616e6e656c2020202020202020202020202020202020202020202020202020202020202020202020202020202020202020202020202020202020202020202020202020202020202020,b'SaO2_Channel                                                                    ',SaO2_Channel,%,0,100,-32768,32767,25
I015,18,44433820202020202020202020202020,b'DC8             ',DC8             ,DC8,42504f535f4368616e6e656c2020202020202020202020202020202020202020202020202020202020202020202020202020202020202020202020202020202020202020202020202020202020202020,b'BPOS_Channel                                                                    ',BPOS_Channel,,0,200,-32768,32767,50
I016,0,4c4f432d413220202020202020202020,b'LOC-A2          ',LOC-A2          ,LOC-A2,454f475f4368616e6e656c202020202020202020202020202020202020202020202020202020202020202020202020202020202020202020202020202020202020202020202020202020202020202020,b'EOG_Channel                                                                     ',EOG_Channel,uV,-25,25,-32768,32767,400
I016,1,524f432d413120202020202020202020,b'ROC-A1          ',ROC-A1          ,ROC-A1,454f47325f4368616e6e656c2020202020202020202020202020202020202020202020202020202020202020202020202020202020202020202020202020202020202020202020202020202020202020,b'EOG2_Channel                                                                    ',EOG2_Channel,uV,-25,25,-32768,32767,400
I016,2,46332d41322020202020202020202020,b'F3-A2           ',F3-A2           ,F3-A2,4545475f4368616e6e656c202020202020202020202020202020202020202020202020202020202020202020202020202020202020202020202020202020202020202020202020202020202020202020,b'EEG_Channel                                                                     ',EEG_Channel,uV,-25,25,-32768,32767,400
I016,3,43332d41322020202020202020202020,b'C3-A2           ',C3-A2           ,C3-A2,4545475f4368616e6e656c202020202020202020202020202020202020202020202020202020202020202020202020202020202020202020202020202020202020202020202020202020202020202020,b'EEG_Channel                                                                     ',EEG_Channel,uV,-25,25,-32768,32767,400
I016,4,4f312d41322020202020202020202020,b'O1-A2           ',O1-A2           ,O1-A2,4545475f4368616e6e656c202020202020202020202020202020202020202020202020202020202020202020202020202020202020202020202020202020202020202020202020202020202020202020,b'EEG_Channel                                                                     ',EEG_Channel,uV,-25,25,-32768,32767,400
I016,5,46342d41312020202020202020202020,b'F4-A1           ',F4-A1           ,F4-A1,454547325f4368616e6e656c2020202020202020202020202020202020202020202020202020202020202020202020202020202020202020202020202020202020202020202020202020202020202020,b'EEG2_Channel                                                                    ',EEG2_Channel,uV,-25,25,-32768,32767,400
I016,6,43342d41312020202020202020202020,b'C4-A1           ',C4-A1           ,C4-A1,454547325f4368616e6e656c2020202020202020202020202020202020202020202020202020202020202020202020202020202020202020202020202020202020202020202020202020202020202020,b'EEG2_Channel                                                                    ',EEG2_Channel,uV,-25,25,-32768,32767,400
I016,7,4f322d41312020202020202020202020,b'O2-A1           ',O2-A1           ,O2-A1,454547325f4368616e6e656c2020202020202020202020202020202020202020202020202020202020202020202020202020202020202020202020202020202020202020202020202020202020202020,b'EEG2_Channel                                                                    ',EEG2_Channel,uV,-25,25,-32768,32767,400
I016,8,58312020202020202020202020202020,b'X1              ',X1              ,X1,4368696e5f4368616e6e656c2020202020202020202020202020202020202020202020202020202020202020202020202020202020202020202020202020202020202020202020202020202020202020,b'Chin_Channel                                                                    ',Chin_Channel,uV,-42,42,-32768,32767,400
I016,9,58322020202020202020202020202020,b'X2              ',X2              ,X2,454b475f4368616e6e656c202020202020202020202020202020202020202020202020202020202020202020202020202020202020202020202020202020202020202020202020202020202020202020,b'EKG_Channel                                                                     ',EKG_Channel,uV,-97,97,-32768,32767,400
I016,10,58332020202020202020202020202020,b'X3              ',X3              ,X3,4c65675f4368616e6e656c202020202020202020202020202020202020202020202020202020202020202020202020202020202020202020202020202020202020202020202020202020202020202020,b'Leg_Channel                                                                     ',Leg_Channel,uV,-25,25,-32768,32767,400
I016,11,58342020202020202020202020202020,b'X4              ',X4              ,X4,4c6567325f4368616e6e656c2020202020202020202020202020202020202020202020202020202020202020202020202020202020202020202020202020202020202020202020202020202020202020,b'Leg2_Channel                                                                    ',Leg2_Channel,uV,-16,16,-32768,32767,400
I016,12,58352020202020202020202020202020,b'X5              ',X5              ,X5,536e6f72655f4368616e6e656c20202020202020202020202020202020202020202020202020202020202020202020202020202020202020202020202020202020202020202020202020202020202020,b'Snore_Channel                                                                   ',Snore_Channel,uV,-262,262,-32768,32767,400
I016,13,58362020202020202020202020202020,b'X6              ',X6              ,X6,466c6f775f4368616e6e656c2020202020202020202020202020202020202020202020202020202020202020202020202020202020202020202020202020202020202020202020202020202020202020,b'Flow_Channel                                                                    ',Flow_Channel,uV,-5,5,-32768,32767,25
I016,14,44433320202020202020202020202020,b'DC3             ',DC3             ,DC3,466c6f77325f4368616e6e656c20202020202020202020202020202020202020202020202020202020202020202020202020202020202020202020202020202020202020202020202020202020202020,b'Flow2_Channel                                                                   ',Flow2_Channel,uV,-959,959,-32768,32767,50
I016,15,58372020202020202020202020202020,b'X7              ',X7              ,X7,4566666f72745f4368616e6e656c202020202020202020202020202020202020202020202020202020202020202020202020202020202020202020202020202020202020202020202020202020202020,b'Effort_Channel                                                                  ',Effort_Channel,uV,-244,244,-32768,32767,50
I016,16,58382020202020202020202020202020,b'X8              ',X8              ,X8,4566666f7274325f4368616e6e656c2020202020202020202020202020202020202020202020202020202020202020202020202020202020202020202020202020202020202020202020202020202020,b'Effort2_Channel                                                                 ',Effort2_Channel,uV,-174,174,-32768,32767,50
I016,17,53614f32202020202020202020202020,b'SaO2            ',SaO2            ,SaO2,53614f325f4368616e6e656c2020202020202020202020202020202020202020202020202020202020202020202020202020202020202020202020202020202020202020202020202020202020202020,b'SaO2_Channel                                                                    ',SaO2_Channel,%,0,100,-32768,32767,25
I016,18,44433820202020202020202020202020,b'DC8             ',DC8             ,DC8,42504f535f4368616e6e656c2020202020202020202020202020202020202020202020202020202020202020202020202020202020202020202020202020202020202020202020202020202020202020,b'BPOS_Channel                                                                    ',BPOS_Channel,,0,200,-32768,32767,50
I017,0,45312d4d322020202020202020202020,b'E1-M2           ',E1-M2           ,E1-M2,454f475f4368616e6e656c202020202020202020202020202020202020202020202020202020202020202020202020202020202020202020202020202020202020202020202020202020202020202020,b'EOG_Channel                                                                     ',EOG_Channel,uV,-5013,5013,-32768,32767,400
I017,1,45322d4d312020202020202020202020,b'E2-M1           ',E2-M1           ,E2-M1,454f475f4368616e6e656c202020202020202020202020202020202020202020202020202020202020202020202020202020202020202020202020202020202020202020202020202020202020202020,b'EOG_Channel                                                                     ',EOG_Channel,uV,-5013,5013,-32768,32767,400
I017,2,46332d4d322020202020202020202020,b'F3-M2           ',F3-M2           ,F3-M2,4545475f4368616e6e656c202020202020202020202020202020202020202020202020202020202020202020202020202020202020202020202020202020202020202020202020202020202020202020,b'EEG_Channel                                                                     ',EEG_Channel,uV,-5013,5013,-32768,32767,400
I017,3,43332d4d322020202020202020202020,b'C3-M2           ',C3-M2           ,C3-M2,4545475f4368616e6e656c202020202020202020202020202020202020202020202020202020202020202020202020202020202020202020202020202020202020202020202020202020202020202020,b'EEG_Channel                                                                     ',EEG_Channel,uV,-5013,5013,-32768,32767,400
I017,4,4f312d4d322020202020202020202020,b'O1-M2           ',O1-M2           ,O1-M2,4545475f4368616e6e656c202020202020202020202020202020202020202020202020202020202020202020202020202020202020202020202020202020202020202020202020202020202020202020,b'EEG_Channel                                                                     ',EEG_Channel,uV,-5013,5013,-32768,32767,400
I017,5,46342d4d312020202020202020202020,b'F4-M1           ',F4-M1           ,F4-M1,454547325f4368616e6e656c2020202020202020202020202020202020202020202020202020202020202020202020202020202020202020202020202020202020202020202020202020202020202020,b'EEG2_Channel                                                                    ',EEG2_Channel,uV,-5013,5013,-32768,32767,400
I017,6,43342d4d312020202020202020202020,b'C4-M1           ',C4-M1           ,C4-M1,454547325f4368616e6e656c2020202020202020202020202020202020202020202020202020202020202020202020202020202020202020202020202020202020202020202020202020202020202020,b'EEG2_Channel                                                                    ',EEG2_Channel,uV,-5013,5013,-32768,32767,400
I017,7,4f322d4d312020202020202020202020,b'O2-M1           ',O2-M1           ,O2-M1,454547325f4368616e6e656c2020202020202020202020202020202020202020202020202020202020202020202020202020202020202020202020202020202020202020202020202020202020202020,b'EEG2_Channel                                                                    ',EEG2_Channel,uV,-5013,5013,-32768,32767,400
I017,8,32342020202020202020202020202020,b'24              ',24              ,24,4368696e5f4368616e6e656c2020202020202020202020202020202020202020202020202020202020202020202020202020202020202020202020202020202020202020202020202020202020202020,b'Chin_Channel                                                                    ',Chin_Channel,uV,-5013,5013,-32768,32767,400
I017,9,32352020202020202020202020202020,b'25              ',25              ,25,454b475f4368616e6e656c202020202020202020202020202020202020202020202020202020202020202020202020202020202020202020202020202020202020202020202020202020202020202020,b'EKG_Channel                                                                     ',EKG_Channel,uV,-5013,5013,-32768,32767,400
I017,10,32362020202020202020202020202020,b'26              ',26              ,26,4c65675f4368616e6e656c202020202020202020202020202020202020202020202020202020202020202020202020202020202020202020202020202020202020202020202020202020202020202020,b'Leg_Channel                                                                     ',Leg_Channel,uV,-5013,5013,-32768,32767,400
I017,11,32372020202020202020202020202020,b'27              ',27              ,27,4c6567325f4368616e6e656c2020202020202020202020202020202020202020202020202020202020202020202020202020202020202020202020202020202020202020202020202020202020202020,b'Leg2_Channel                                                                    ',Leg2_Channel,uV,-5013,5013,-32768,32767,400
I017,12,32382020202020202020202020202020,b'28              ',28              ,28,536e6f72655f4368616e6e656c20202020202020202020202020202020202020202020202020202020202020202020202020202020202020202020202020202020202020202020202020202020202020,b'Snore_Channel                                                                   ',Snore_Channel,uV,-5013,5013,-32768,32767,400
I017,13,32392020202020202020202020202020,b'29              ',29              ,29,466c6f775f4368616e6e656c2020202020202020202020202020202020202020202020202020202020202020202020202020202020202020202020202020202020202020202020202020202020202020,b'Flow_Channel                                                                    ',Flow_Channel,uV,-5013,5013,-32768,32767,25
I017,14,44433031202020202020202020202020,b'DC01            ',DC01            ,DC01,466c6f77325f4368616e6e656c20202020202020202020202020202020202020202020202020202020202020202020202020202020202020202020202020202020202020202020202020202020202020,b'Flow2_Channel                                                                   ',Flow2_Channel,uV,-327680,327680,-32768,32767,25
I017,15,33302020202020202020202020202020,b'30              ',30              ,30,4566666f72745f4368616e6e656c202020202020202020202020202020202020202020202020202020202020202020202020202020202020202020202020202020202020202020202020202020202020,b'Effort_Channel                                                                  ',Effort_Channel,uV,-5013,5013,-32768,32767,50
I017,16,33312020202020202020202020202020,b'31              ',31              ,31,4566666f7274325f4368616e6e656c2020202020202020202020202020202020202020202020202020202020202020202020202020202020202020202020202020202020202020202020202020202020,b'Effort2_Channel                                                                 ',Effort2_Channel,uV,-5013,5013,-32768,32767,50
I017,17,53704f32202020202020202020202020,b'SpO2            ',SpO2            ,SpO2,53704f325f4368616e6e656c2020202020202020202020202020202020202020202020202020202020202020202020202020202020202020202020202020202020202020202020202020202020202020,b'SpO2_Channel                                                                    ',SpO2_Channel,%,0,100,-32768,32767,25
I017,18,44433032202020202020202020202020,b'DC02            ',DC02            ,DC02,42504f535f4368616e6e656c2020202020202020202020202020202020202020202020202020202020202020202020202020202020202020202020202020202020202020202020202020202020202020,b'BPOS_Channel                                                                    ',BPOS_Channel,,0,100,-32768,32767,25
I018,0,4c4f432d413220202020202020202020,b'LOC-A2          ',LOC-A2          ,LOC-A2,454f475f4368616e6e656c202020202020202020202020202020202020202020202020202020202020202020202020202020202020202020202020202020202020202020202020202020202020202020,b'EOG_Channel                                                                     ',EOG_Channel,uV,-25,25,-32768,32767,400
I018,1,524f432d413120202020202020202020,b'ROC-A1          ',ROC-A1          ,ROC-A1,454f47325f4368616e6e656c2020202020202020202020202020202020202020202020202020202020202020202020202020202020202020202020202020202020202020202020202020202020202020,b'EOG2_Channel                                                                    ',EOG2_Channel,uV,-25,25,-32768,32767,400
I018,2,46332d41322020202020202020202020,b'F3-A2           ',F3-A2           ,F3-A2,4545475f4368616e6e656c202020202020202020202020202020202020202020202020202020202020202020202020202020202020202020202020202020202020202020202020202020202020202020,b'EEG_Channel                                                                     ',EEG_Channel,uV,-25,25,-32768,32767,400
I018,3,43332d41322020202020202020202020,b'C3-A2           ',C3-A2           ,C3-A2,4545475f4368616e6e656c202020202020202020202020202020202020202020202020202020202020202020202020202020202020202020202020202020202020202020202020202020202020202020,b'EEG_Channel                                                                     ',EEG_Channel,uV,-25,25,-32768,32767,400
I018,4,4f312d41322020202020202020202020,b'O1-A2           ',O1-A2           ,O1-A2,4545475f4368616e6e656c202020202020202020202020202020202020202020202020202020202020202020202020202020202020202020202020202020202020202020202020202020202020202020,b'EEG_Channel                                                                     ',EEG_Channel,uV,-25,25,-32768,32767,400
I018,5,46342d41312020202020202020202020,b'F4-A1           ',F4-A1           ,F4-A1,454547325f4368616e6e656c2020202020202020202020202020202020202020202020202020202020202020202020202020202020202020202020202020202020202020202020202020202020202020,b'EEG2_Channel                                                                    ',EEG2_Channel,uV,-25,25,-32768,32767,400
I018,6,43342d41312020202020202020202020,b'C4-A1           ',C4-A1           ,C4-A1,454547325f4368616e6e656c2020202020202020202020202020202020202020202020202020202020202020202020202020202020202020202020202020202020202020202020202020202020202020,b'EEG2_Channel                                                                    ',EEG2_Channel,uV,-25,25,-32768,32767,400
I018,7,4f322d41312020202020202020202020,b'O2-A1           ',O2-A1           ,O2-A1,454547325f4368616e6e656c2020202020202020202020202020202020202020202020202020202020202020202020202020202020202020202020202020202020202020202020202020202020202020,b'EEG2_Channel                                                                    ',EEG2_Channel,uV,-25,25,-32768,32767,400
I018,8,58312020202020202020202020202020,b'X1              ',X1              ,X1,4368696e5f4368616e6e656c2020202020202020202020202020202020202020202020202020202020202020202020202020202020202020202020202020202020202020202020202020202020202020,b'Chin_Channel                                                                    ',Chin_Channel,uV,-42,42,-32768,32767,400
I018,9,58322020202020202020202020202020,b'X2              ',X2              ,X2,454b475f4368616e6e656c202020202020202020202020202020202020202020202020202020202020202020202020202020202020202020202020202020202020202020202020202020202020202020,b'EKG_Channel                                                                     ',EKG_Channel,uV,-97,97,-32768,32767,400
I018,10,58332020202020202020202020202020,b'X3              ',X3              ,X3,4c65675f4368616e6e656c202020202020202020202020202020202020202020202020202020202020202020202020202020202020202020202020202020202020202020202020202020202020202020,b'Leg_Channel                                                                     ',Leg_Channel,uV,-25,25,-32768,32767,400
I018,11,58342020202020202020202020202020,b'X4              ',X4              ,X4,4c6567325f4368616e6e656c2020202020202020202020202020202020202020202020202020202020202020202020202020202020202020202020202020202020202020202020202020202020202020,b'Leg2_Channel                                                                    ',Leg2_Channel,uV,-16,16,-32768,32767,400
I018,12,58352020202020202020202020202020,b'X5              ',X5              ,X5,536e6f72655f4368616e6e656c20202020202020202020202020202020202020202020202020202020202020202020202020202020202020202020202020202020202020202020202020202020202020,b'Snore_Channel                                                                   ',Snore_Channel,uV,-386,386,-32768,32767,400
I018,13,58362020202020202020202020202020,b'X6              ',X6              ,X6,466c6f775f4368616e6e656c2020202020202020202020202020202020202020202020202020202020202020202020202020202020202020202020202020202020202020202020202020202020202020,b'Flow_Channel                                                                    ',Flow_Channel,uV,-37,37,-32768,32767,25
I018,14,44433320202020202020202020202020,b'DC3             ',DC3             ,DC3,466c6f77325f4368616e6e656c20202020202020202020202020202020202020202020202020202020202020202020202020202020202020202020202020202020202020202020202020202020202020,b'Flow2_Channel                                                                   ',Flow2_Channel,uV,-1772,1772,-32768,32767,50
I018,15,58372020202020202020202020202020,b'X7              ',X7              ,X7,4566666f72745f4368616e6e656c202020202020202020202020202020202020202020202020202020202020202020202020202020202020202020202020202020202020202020202020202020202020,b'Effort_Channel                                                                  ',Effort_Channel,uV,-313,313,-32768,32767,50
I018,16,58382020202020202020202020202020,b'X8              ',X8              ,X8,4566666f7274325f4368616e6e656c2020202020202020202020202020202020202020202020202020202020202020202020202020202020202020202020202020202020202020202020202020202020,b'Effort2_Channel                                                                 ',Effort2_Channel,uV,-435,435,-32768,32767,50
I018,17,53614f32202020202020202020202020,b'SaO2            ',SaO2            ,SaO2,53614f325f4368616e6e656c2020202020202020202020202020202020202020202020202020202020202020202020202020202020202020202020202020202020202020202020202020202020202020,b'SaO2_Channel                                                                    ',SaO2_Channel,%,0,100,-32768,32767,25
I018,18,44433820202020202020202020202020,b'DC8             ',DC8             ,DC8,42504f535f4368616e6e656c2020202020202020202020202020202020202020202020202020202020202020202020202020202020202020202020202020202020202020202020202020202020202020,b'BPOS_Channel                                                                    ',BPOS_Channel,,0,200,-32768,32767,50
I019,0,45312d4d322020202020202020202020,b'E1-M2           ',E1-M2           ,E1-M2,454f475f4368616e6e656c202020202020202020202020202020202020202020202020202020202020202020202020202020202020202020202020202020202020202020202020202020202020202020,b'EOG_Channel                                                                     ',EOG_Channel,uV,-2490,2490,-32768,32767,400
I019,1,45322d4d312020202020202020202020,b'E2-M1           ',E2-M1           ,E2-M1,454f47325f4368616e6e656c2020202020202020202020202020202020202020202020202020202020202020202020202020202020202020202020202020202020202020202020202020202020202020,b'EOG2_Channel                                                                    ',EOG2_Channel,uV,-2490,2490,-32768,32767,400
I019,2,46332d4d322020202020202020202020,b'F3-M2           ',F3-M2           ,F3-M2,4545475f4368616e6e656c202020202020202020202020202020202020202020202020202020202020202020202020202020202020202020202020202020202020202020202020202020202020202020,b'EEG_Channel                                                                     ',EEG_Channel,uV,-2490,2490,-32768,32767,400
I019,3,43332d4d322020202020202020202020,b'C3-M2           ',C3-M2           ,C3-M2,4545475f4368616e6e656c202020202020202020202020202020202020202020202020202020202020202020202020202020202020202020202020202020202020202020202020202020202020202020,b'EEG_Channel                                                                     ',EEG_Channel,uV,-2490,2490,-32768,32767,400
I019,4,4f312d4d322020202020202020202020,b'O1-M2           ',O1-M2           ,O1-M2,4545475f4368616e6e656c202020202020202020202020202020202020202020202020202020202020202020202020202020202020202020202020202020202020202020202020202020202020202020,b'EEG_Channel                                                                     ',EEG_Channel,uV,-2490,2490,-32768,32767,400
I019,5,46342d4d312020202020202020202020,b'F4-M1           ',F4-M1           ,F4-M1,454547325f4368616e6e656c2020202020202020202020202020202020202020202020202020202020202020202020202020202020202020202020202020202020202020202020202020202020202020,b'EEG2_Channel                                                                    ',EEG2_Channel,uV,-2490,2490,-32768,32767,400
I019,6,43342d4d312020202020202020202020,b'C4-M1           ',C4-M1           ,C4-M1,454547325f4368616e6e656c2020202020202020202020202020202020202020202020202020202020202020202020202020202020202020202020202020202020202020202020202020202020202020,b'EEG2_Channel                                                                    ',EEG2_Channel,uV,-2490,2490,-32768,32767,400
I019,7,4f322d4d312020202020202020202020,b'O2-M1           ',O2-M1           ,O2-M1,454547325f4368616e6e656c2020202020202020202020202020202020202020202020202020202020202020202020202020202020202020202020202020202020202020202020202020202020202020,b'EEG2_Channel                                                                    ',EEG2_Channel,uV,-2490,2490,-32768,32767,400
I019,8,58312020202020202020202020202020,b'X1              ',X1              ,X1,4368696e5f4368616e6e656c2020202020202020202020202020202020202020202020202020202020202020202020202020202020202020202020202020202020202020202020202020202020202020,b'Chin_Channel                                                                    ',Chin_Channel,uV,-9404,9404,-32768,32767,400
I019,9,58322020202020202020202020202020,b'X2              ',X2              ,X2,454b475f4368616e6e656c202020202020202020202020202020202020202020202020202020202020202020202020202020202020202020202020202020202020202020202020202020202020202020,b'EKG_Channel                                                                     ',EKG_Channel,uV,-9404,9404,-32768,32767,400
I019,10,58332020202020202020202020202020,b'X3              ',X3              ,X3,4c65675f4368616e6e656c202020202020202020202020202020202020202020202020202020202020202020202020202020202020202020202020202020202020202020202020202020202020202020,b'Leg_Channel                                                                     ',Leg_Channel,uV,-9404,9404,-32768,32767,400
I019,11,58342020202020202020202020202020,b'X4              ',X4              ,X4,4c6567325f4368616e6e656c2020202020202020202020202020202020202020202020202020202020202020202020202020202020202020202020202020202020202020202020202020202020202020,b'Leg2_Channel                                                                    ',Leg2_Channel,uV,-9404,9404,-32768,32767,400
I019,12,58352020202020202020202020202020,b'X5              ',X5              ,X5,536e6f72655f4368616e6e656c20202020202020202020202020202020202020202020202020202020202020202020202020202020202020202020202020202020202020202020202020202020202020,b'Snore_Channel                                                                   ',Snore_Channel,uV,-9404,9404,-32768,32767,400
I019,13,58362020202020202020202020202020,b'X6              ',X6              ,X6,466c6f775f4368616e6e656c2020202020202020202020202020202020202020202020202020202020202020202020202020202020202020202020202020202020202020202020202020202020202020,b'Flow_Channel                                                                    ',Flow_Channel,uV,-9404,9404,-32768,32767,25
I019,14,44433420202020202020202020202020,b'DC4             ',DC4             ,DC4,466c6f77325f4368616e6e656c20202020202020202020202020202020202020202020202020202020202020202020202020202020202020202020202020202020202020202020202020202020202020,b'Flow2_Channel                                                                   ',Flow2_Channel,uV,-223,223,-32768,32767,400
I019,15,58372020202020202020202020202020,b'X7              ',X7              ,X7,4566666f72745f4368616e6e656c202020202020202020202020202020202020202020202020202020202020202020202020202020202020202020202020202020202020202020202020202020202020,b'Effort_Channel                                                                  ',Effort_Channel,uV,-9404,9404,-32768,32767,50
I019,16,58382020202020202020202020202020,b'X8              ',X8              ,X8,4566666f7274325f4368616e6e656c2020202020202020202020202020202020202020202020202020202020202020202020202020202020202020202020202020202020202020202020202020202020,b'Effort2_Channel                                                                 ',Effort2_Channel,uV,-9404,9404,-32768,32767,50
I019,17,53704f32202020202020202020202020,b'SpO2            ',SpO2            ,SpO2,53704f325f4368616e6e656c2020202020202020202020202020202020202020202020202020202020202020202020202020202020202020202020202020202020202020202020202020202020202020,b'SpO2_Channel                                                                    ',SpO2_Channel,%,0,100,-32768,32767,25
I019,18,44433820202020202020202020202020,b'DC8             ',DC8             ,DC8,42504f535f4368616e6e656c2020202020202020202020202020202020202020202020202020202020202020202020202020202020202020202020202020202020202020202020202020202020202020,b'BPOS_Channel                                                                    ',BPOS_Channel,,0,200,-32768,32767,50
I020,0,45312d4d322020202020202020202020,b'E1-M2           ',E1-M2           ,E1-M2,454f475f4368616e6e656c202020202020202020202020202020202020202020202020202020202020202020202020202020202020202020202020202020202020202020202020202020202020202020,b'EOG_Channel                                                                     ',EOG_Channel,uV,-2490,2490,-32768,32767,400
I020,1,45322d4d312020202020202020202020,b'E2-M1           ',E2-M1           ,E2-M1,454f47325f4368616e6e656c2020202020202020202020202020202020202020202020202020202020202020202020202020202020202020202020202020202020202020202020202020202020202020,b'EOG2_Channel                                                                    ',EOG2_Channel,uV,-2490,2490,-32768,32767,400
I020,2,46332d4d322020202020202020202020,b'F3-M2           ',F3-M2           ,F3-M2,4545475f4368616e6e656c202020202020202020202020202020202020202020202020202020202020202020202020202020202020202020202020202020202020202020202020202020202020202020,b'EEG_Channel                                                                     ',EEG_Channel,uV,-2490,2490,-32768,32767,400
I020,3,43332d4d322020202020202020202020,b'C3-M2           ',C3-M2           ,C3-M2,4545475f4368616e6e656c202020202020202020202020202020202020202020202020202020202020202020202020202020202020202020202020202020202020202020202020202020202020202020,b'EEG_Channel                                                                     ',EEG_Channel,uV,-2490,2490,-32768,32767,400
I020,4,4f312d4d322020202020202020202020,b'O1-M2           ',O1-M2           ,O1-M2,4545475f4368616e6e656c202020202020202020202020202020202020202020202020202020202020202020202020202020202020202020202020202020202020202020202020202020202020202020,b'EEG_Channel                                                                     ',EEG_Channel,uV,-2490,2490,-32768,32767,400
I020,5,46342d4d312020202020202020202020,b'F4-M1           ',F4-M1           ,F4-M1,454547325f4368616e6e656c2020202020202020202020202020202020202020202020202020202020202020202020202020202020202020202020202020202020202020202020202020202020202020,b'EEG2_Channel                                                                    ',EEG2_Channel,uV,-2490,2490,-32768,32767,400
I020,6,43342d4d312020202020202020202020,b'C4-M1           ',C4-M1           ,C4-M1,454547325f4368616e6e656c2020202020202020202020202020202020202020202020202020202020202020202020202020202020202020202020202020202020202020202020202020202020202020,b'EEG2_Channel                                                                    ',EEG2_Channel,uV,-2490,2490,-32768,32767,400
I020,7,4f322d4d312020202020202020202020,b'O2-M1           ',O2-M1           ,O2-M1,454547325f4368616e6e656c2020202020202020202020202020202020202020202020202020202020202020202020202020202020202020202020202020202020202020202020202020202020202020,b'EEG2_Channel                                                                    ',EEG2_Channel,uV,-2490,2490,-32768,32767,400
I020,8,58312020202020202020202020202020,b'X1              ',X1              ,X1,4368696e5f4368616e6e656c2020202020202020202020202020202020202020202020202020202020202020202020202020202020202020202020202020202020202020202020202020202020202020,b'Chin_Channel                                                                    ',Chin_Channel,uV,-9404,9404,-32768,32767,400
I020,9,58322020202020202020202020202020,b'X2              ',X2              ,X2,454b475f4368616e6e656c202020202020202020202020202020202020202020202020202020202020202020202020202020202020202020202020202020202020202020202020202020202020202020,b'EKG_Channel                                                                     ',EKG_Channel,uV,-9404,9404,-32768,32767,400
I020,10,58332020202020202020202020202020,b'X3              ',X3              ,X3,4c65675f4368616e6e656c202020202020202020202020202020202020202020202020202020202020202020202020202020202020202020202020202020202020202020202020202020202020202020,b'Leg_Channel                                                                     ',Leg_Channel,uV,-9404,9404,-32768,32767,400
I020,11,58342020202020202020202020202020,b'X4              ',X4              ,X4,4c6567325f4368616e6e656c2020202020202020202020202020202020202020202020202020202020202020202020202020202020202020202020202020202020202020202020202020202020202020,b'Leg2_Channel                                                                    ',Leg2_Channel,uV,-9404,9404,-32768,32767,400
I020,12,58352020202020202020202020202020,b'X5              ',X5              ,X5,536e6f72655f4368616e6e656c20202020202020202020202020202020202020202020202020202020202020202020202020202020202020202020202020202020202020202020202020202020202020,b'Snore_Channel                                                                   ',Snore_Channel,uV,-9404,9404,-32768,32767,400
I020,13,58362020202020202020202020202020,b'X6              ',X6              ,X6,466c6f775f4368616e6e656c2020202020202020202020202020202020202020202020202020202020202020202020202020202020202020202020202020202020202020202020202020202020202020,b'Flow_Channel                                                                    ',Flow_Channel,uV,-9404,9404,-32768,32767,25
I020,14,44433420202020202020202020202020,b'DC4             ',DC4             ,DC4,466c6f77325f4368616e6e656c20202020202020202020202020202020202020202020202020202020202020202020202020202020202020202020202020202020202020202020202020202020202020,b'Flow2_Channel                                                                   ',Flow2_Channel,uV,-223,223,-32768,32767,400
I020,15,58372020202020202020202020202020,b'X7              ',X7              ,X7,4566666f72745f4368616e6e656c202020202020202020202020202020202020202020202020202020202020202020202020202020202020202020202020202020202020202020202020202020202020,b'Effort_Channel                                                                  ',Effort_Channel,uV,-9404,9404,-32768,32767,50
I020,16,58382020202020202020202020202020,b'X8              ',X8              ,X8,4566666f7274325f4368616e6e656c2020202020202020202020202020202020202020202020202020202020202020202020202020202020202020202020202020202020202020202020202020202020,b'Effort2_Channel                                                                 ',Effort2_Channel,uV,-9404,9404,-32768,32767,50
I020,17,53704f32202020202020202020202020,b'SpO2            ',SpO2            ,SpO2,53704f325f4368616e6e656c2020202020202020202020202020202020202020202020202020202020202020202020202020202020202020202020202020202020202020202020202020202020202020,b'SpO2_Channel                                                                    ',SpO2_Channel,%,0,100,-32768,32767,25
I020,18,44433820202020202020202020202020,b'DC8             ',DC8             ,DC8,42504f535f4368616e6e656c2020202020202020202020202020202020202020202020202020202020202020202020202020202020202020202020202020202020202020202020202020202020202020,b'BPOS_Channel                                                                    ',BPOS_Channel,,0,200,-32768,32767,50
I021,0,45312d4d322020202020202020202020,b'E1-M2           ',E1-M2           ,E1-M2,454f475f4368616e6e656c202020202020202020202020202020202020202020202020202020202020202020202020202020202020202020202020202020202020202020202020202020202020202020,b'EOG_Channel                                                                     ',EOG_Channel,uV,-2490,2490,-32768,32767,400
I021,1,45322d4d312020202020202020202020,b'E2-M1           ',E2-M1           ,E2-M1,454f47325f4368616e6e656c2020202020202020202020202020202020202020202020202020202020202020202020202020202020202020202020202020202020202020202020202020202020202020,b'EOG2_Channel                                                                    ',EOG2_Channel,uV,-2490,2490,-32768,32767,400
I021,2,46332d4d322020202020202020202020,b'F3-M2           ',F3-M2           ,F3-M2,4545475f4368616e6e656c202020202020202020202020202020202020202020202020202020202020202020202020202020202020202020202020202020202020202020202020202020202020202020,b'EEG_Channel                                                                     ',EEG_Channel,uV,-2490,2490,-32768,32767,400
I021,3,43332d4d322020202020202020202020,b'C3-M2           ',C3-M2           ,C3-M2,4545475f4368616e6e656c202020202020202020202020202020202020202020202020202020202020202020202020202020202020202020202020202020202020202020202020202020202020202020,b'EEG_Channel                                                                     ',EEG_Channel,uV,-2490,2490,-32768,32767,400
I021,4,4f312d4d322020202020202020202020,b'O1-M2           ',O1-M2           ,O1-M2,4545475f4368616e6e656c202020202020202020202020202020202020202020202020202020202020202020202020202020202020202020202020202020202020202020202020202020202020202020,b'EEG_Channel                                                                     ',EEG_Channel,uV,-2490,2490,-32768,32767,400
I021,5,46342d4d312020202020202020202020,b'F4-M1           ',F4-M1           ,F4-M1,454547325f4368616e6e656c2020202020202020202020202020202020202020202020202020202020202020202020202020202020202020202020202020202020202020202020202020202020202020,b'EEG2_Channel                                                                    ',EEG2_Channel,uV,-2490,2490,-32768,32767,400
I021,6,43342d4d312020202020202020202020,b'C4-M1           ',C4-M1           ,C4-M1,454547325f4368616e6e656c2020202020202020202020202020202020202020202020202020202020202020202020202020202020202020202020202020202020202020202020202020202020202020,b'EEG2_Channel                                                                    ',EEG2_Channel,uV,-2490,2490,-32768,32767,400
I021,7,4f322d4d312020202020202020202020,b'O2-M1           ',O2-M1           ,O2-M1,454547325f4368616e6e656c2020202020202020202020202020202020202020202020202020202020202020202020202020202020202020202020202020202020202020202020202020202020202020,b'EEG2_Channel                                                                    ',EEG2_Channel,uV,-2490,2490,-32768,32767,400
I021,8,58312020202020202020202020202020,b'X1              ',X1              ,X1,4368696e5f4368616e6e656c2020202020202020202020202020202020202020202020202020202020202020202020202020202020202020202020202020202020202020202020202020202020202020,b'Chin_Channel                                                                    ',Chin_Channel,uV,-9404,9404,-32768,32767,400
I021,9,58322020202020202020202020202020,b'X2              ',X2              ,X2,454b475f4368616e6e656c202020202020202020202020202020202020202020202020202020202020202020202020202020202020202020202020202020202020202020202020202020202020202020,b'EKG_Channel                                                                     ',EKG_Channel,uV,-9404,9404,-32768,32767,400
I021,10,58332020202020202020202020202020,b'X3              ',X3              ,X3,4c65675f4368616e6e656c202020202020202020202020202020202020202020202020202020202020202020202020202020202020202020202020202020202020202020202020202020202020202020,b'Leg_Channel                                                                     ',Leg_Channel,uV,-9404,9404,-32768,32767,400
I021,11,58342020202020202020202020202020,b'X4              ',X4              ,X4,4c6567325f4368616e6e656c2020202020202020202020202020202020202020202020202020202020202020202020202020202020202020202020202020202020202020202020202020202020202020,b'Leg2_Channel                                                                    ',Leg2_Channel,uV,-9404,9404,-32768,32767,400
I021,12,58352020202020202020202020202020,b'X5              ',X5              ,X5,536e6f72655f4368616e6e656c20202020202020202020202020202020202020202020202020202020202020202020202020202020202020202020202020202020202020202020202020202020202020,b'Snore_Channel                                                                   ',Snore_Channel,uV,-9404,9404,-32768,32767,400
I021,13,58362020202020202020202020202020,b'X6              ',X6              ,X6,466c6f775f4368616e6e656c2020202020202020202020202020202020202020202020202020202020202020202020202020202020202020202020202020202020202020202020202020202020202020,b'Flow_Channel                                                                    ',Flow_Channel,uV,-9404,9404,-32768,32767,25
I021,14,44433420202020202020202020202020,b'DC4             ',DC4             ,DC4,466c6f77325f4368616e6e656c20202020202020202020202020202020202020202020202020202020202020202020202020202020202020202020202020202020202020202020202020202020202020,b'Flow2_Channel                                                                   ',Flow2_Channel,uV,-223,223,-32768,32767,400
I021,15,58372020202020202020202020202020,b'X7              ',X7              ,X7,4566666f72745f4368616e6e656c202020202020202020202020202020202020202020202020202020202020202020202020202020202020202020202020202020202020202020202020202020202020,b'Effort_Channel                                                                  ',Effort_Channel,uV,-9404,9404,-32768,32767,50
I021,16,58382020202020202020202020202020,b'X8              ',X8              ,X8,4566666f7274325f4368616e6e656c2020202020202020202020202020202020202020202020202020202020202020202020202020202020202020202020202020202020202020202020202020202020,b'Effort2_Channel                                                                 ',Effort2_Channel,uV,-9404,9404,-32768,32767,50
I021,17,53704f32202020202020202020202020,b'SpO2            ',SpO2            ,SpO2,53704f325f4368616e6e656c2020202020202020202020202020202020202020202020202020202020202020202020202020202020202020202020202020202020202020202020202020202020202020,b'SpO2_Channel                                                                    ',SpO2_Channel,%,0,100,-32768,32767,25
I021,18,44433820202020202020202020202020,b'DC8             ',DC8             ,DC8,42504f535f4368616e6e656c2020202020202020202020202020202020202020202020202020202020202020202020202020202020202020202020202020202020202020202020202020202020202020,b'BPOS_Channel                                                                    ',BPOS_Channel,,0,200,-32768,32767,50
I022,0,4c4f432d413220202020202020202020,b'LOC-A2          ',LOC-A2          ,LOC-A2,454f475f4368616e6e656c202020202020202020202020202020202020202020202020202020202020202020202020202020202020202020202020202020202020202020202020202020202020202020,b'EOG_Channel                                                                     ',EOG_Channel,uV,-25,25,-32768,32767,400
I022,1,524f432d413120202020202020202020,b'ROC-A1          ',ROC-A1          ,ROC-A1,454f47325f4368616e6e656c2020202020202020202020202020202020202020202020202020202020202020202020202020202020202020202020202020202020202020202020202020202020202020,b'EOG2_Channel                                                                    ',EOG2_Channel,uV,-25,25,-32768,32767,400
I022,2,46332d41322020202020202020202020,b'F3-A2           ',F3-A2           ,F3-A2,4545475f4368616e6e656c202020202020202020202020202020202020202020202020202020202020202020202020202020202020202020202020202020202020202020202020202020202020202020,b'EEG_Channel                                                                     ',EEG_Channel,uV,-25,25,-32768,32767,400
I022,3,43332d41322020202020202020202020,b'C3-A2           ',C3-A2           ,C3-A2,4545475f4368616e6e656c202020202020202020202020202020202020202020202020202020202020202020202020202020202020202020202020202020202020202020202020202020202020202020,b'EEG_Channel                                                                     ',EEG_Channel,uV,-25,25,-32768,32767,400
I022,4,4f312d41322020202020202020202020,b'O1-A2           ',O1-A2           ,O1-A2,4545475f4368616e6e656c202020202020202020202020202020202020202020202020202020202020202020202020202020202020202020202020202020202020202020202020202020202020202020,b'EEG_Channel                                                                     ',EEG_Channel,uV,-25,25,-32768,32767,400
I022,5,46342d41312020202020202020202020,b'F4-A1           ',F4-A1           ,F4-A1,454547325f4368616e6e656c2020202020202020202020202020202020202020202020202020202020202020202020202020202020202020202020202020202020202020202020202020202020202020,b'EEG2_Channel                                                                    ',EEG2_Channel,uV,-25,25,-32768,32767,400
I022,6,43342d41312020202020202020202020,b'C4-A1           ',C4-A1           ,C4-A1,454547325f4368616e6e656c2020202020202020202020202020202020202020202020202020202020202020202020202020202020202020202020202020202020202020202020202020202020202020,b'EEG2_Channel                                                                    ',EEG2_Channel,uV,-25,25,-32768,32767,400
I022,7,4f322d41312020202020202020202020,b'O2-A1           ',O2-A1           ,O2-A1,454547325f4368616e6e656c2020202020202020202020202020202020202020202020202020202020202020202020202020202020202020202020202020202020202020202020202020202020202020,b'EEG2_Channel                                                                    ',EEG2_Channel,uV,-25,25,-32768,32767,400
I022,8,58312020202020202020202020202020,b'X1              ',X1              ,X1,4368696e5f4368616e6e656c2020202020202020202020202020202020202020202020202020202020202020202020202020202020202020202020202020202020202020202020202020202020202020,b'Chin_Channel                                                                    ',Chin_Channel,uV,-42,42,-32768,32767,400
I022,9,58322020202020202020202020202020,b'X2              ',X2              ,X2,454b475f4368616e6e656c202020202020202020202020202020202020202020202020202020202020202020202020202020202020202020202020202020202020202020202020202020202020202020,b'EKG_Channel                                                                     ',EKG_Channel,uV,-97,97,-32768,32767,400
I022,10,58332020202020202020202020202020,b'X3              ',X3              ,X3,4c65675f4368616e6e656c202020202020202020202020202020202020202020202020202020202020202020202020202020202020202020202020202020202020202020202020202020202020202020,b'Leg_Channel                                                                     ',Leg_Channel,uV,-25,25,-32768,32767,400
I022,11,58342020202020202020202020202020,b'X4              ',X4              ,X4,4c6567325f4368616e6e656c2020202020202020202020202020202020202020202020202020202020202020202020202020202020202020202020202020202020202020202020202020202020202020,b'Leg2_Channel                                                                    ',Leg2_Channel,uV,-16,16,-32768,32767,400
I022,12,58352020202020202020202020202020,b'X5              ',X5              ,X5,536e6f72655f4368616e6e656c20202020202020202020202020202020202020202020202020202020202020202020202020202020202020202020202020202020202020202020202020202020202020,b'Snore_Channel                                                                   ',Snore_Channel,uV,-262,262,-32768,32767,400
I022,13,58362020202020202020202020202020,b'X6              ',X6              ,X6,466c6f775f4368616e6e656c2020202020202020202020202020202020202020202020202020202020202020202020202020202020202020202020202020202020202020202020202020202020202020,b'Flow_Channel                                                                    ',Flow_Channel,uV,-4,4,-32768,32767,25
I022,14,44433320202020202020202020202020,b'DC3             ',DC3             ,DC3,466c6f77325f4368616e6e656c20202020202020202020202020202020202020202020202020202020202020202020202020202020202020202020202020202020202020202020202020202020202020,b'Flow2_Channel                                                                   ',Flow2_Channel,uV,-1242,1242,-32768,32767,50
I022,15,58372020202020202020202020202020,b'X7              ',X7              ,X7,4566666f72745f4368616e6e656c202020202020202020202020202020202020202020202020202020202020202020202020202020202020202020202020202020202020202020202020202020202020,b'Effort_Channel                                                                  ',Effort_Channel,uV,-64,64,-32768,32767,50
I022,16,58382020202020202020202020202020,b'X8              ',X8              ,X8,4566666f7274325f4368616e6e656c2020202020202020202020202020202020202020202020202020202020202020202020202020202020202020202020202020202020202020202020202020202020,b'Effort2_Channel                                                                 ',Effort2_Channel,uV,-198,198,-32768,32767,50
I022,17,53614f32202020202020202020202020,b'SaO2            ',SaO2            ,SaO2,53614f325f4368616e6e656c2020202020202020202020202020202020202020202020202020202020202020202020202020202020202020202020202020202020202020202020202020202020202020,b'SaO2_Channel                                                                    ',SaO2_Channel,%,0,100,-32768,32767,25
I022,18,44433820202020202020202020202020,b'DC8             ',DC8             ,DC8,42504f535f4368616e6e656c2020202020202020202020202020202020202020202020202020202020202020202020202020202020202020202020202020202020202020202020202020202020202020,b'BPOS_Channel                                                                    ',BPOS_Channel,,0,200,-32768,32767,50
I023,0,45312d4d322020202020202020202020,b'E1-M2           ',E1-M2           ,E1-M2,454f475f4368616e6e656c202020202020202020202020202020202020202020202020202020202020202020202020202020202020202020202020202020202020202020202020202020202020202020,b'EOG_Channel                                                                     ',EOG_Channel,uV,-5013,5013,-32768,32767,400
I023,1,45322d4d312020202020202020202020,b'E2-M1           ',E2-M1           ,E2-M1,454f475f4368616e6e656c202020202020202020202020202020202020202020202020202020202020202020202020202020202020202020202020202020202020202020202020202020202020202020,b'EOG_Channel                                                                     ',EOG_Channel,uV,-5013,5013,-32768,32767,400
I023,2,46332d4d322020202020202020202020,b'F3-M2           ',F3-M2           ,F3-M2,4545475f4368616e6e656c202020202020202020202020202020202020202020202020202020202020202020202020202020202020202020202020202020202020202020202020202020202020202020,b'EEG_Channel                                                                     ',EEG_Channel,uV,-5013,5013,-32768,32767,400
I023,3,43332d4d322020202020202020202020,b'C3-M2           ',C3-M2           ,C3-M2,4545475f4368616e6e656c202020202020202020202020202020202020202020202020202020202020202020202020202020202020202020202020202020202020202020202020202020202020202020,b'EEG_Channel                                                                     ',EEG_Channel,uV,-5013,5013,-32768,32767,400
I023,4,4f312d4d322020202020202020202020,b'O1-M2           ',O1-M2           ,O1-M2,4545475f4368616e6e656c202020202020202020202020202020202020202020202020202020202020202020202020202020202020202020202020202020202020202020202020202020202020202020,b'EEG_Channel                                                                     ',EEG_Channel,uV,-5013,5013,-32768,32767,400
I023,5,46342d4d312020202020202020202020,b'F4-M1           ',F4-M1           ,F4-M1,454547325f4368616e6e656c2020202020202020202020202020202020202020202020202020202020202020202020202020202020202020202020202020202020202020202020202020202020202020,b'EEG2_Channel                                                                    ',EEG2_Channel,uV,-5013,5013,-32768,32767,400
I023,6,43342d4d312020202020202020202020,b'C4-M1           ',C4-M1           ,C4-M1,454547325f4368616e6e656c2020202020202020202020202020202020202020202020202020202020202020202020202020202020202020202020202020202020202020202020202020202020202020,b'EEG2_Channel                                                                    ',EEG2_Channel,uV,-5013,5013,-32768,32767,400
I023,7,4f322d4d312020202020202020202020,b'O2-M1           ',O2-M1           ,O2-M1,454547325f4368616e6e656c2020202020202020202020202020202020202020202020202020202020202020202020202020202020202020202020202020202020202020202020202020202020202020,b'EEG2_Channel                                                                    ',EEG2_Channel,uV,-5013,5013,-32768,32767,400
I023,8,32342020202020202020202020202020,b'24              ',24              ,24,4368696e5f4368616e6e656c2020202020202020202020202020202020202020202020202020202020202020202020202020202020202020202020202020202020202020202020202020202020202020,b'Chin_Channel                                                                    ',Chin_Channel,uV,-5013,5013,-32768,32767,400
I023,9,32352020202020202020202020202020,b'25              ',25              ,25,454b475f4368616e6e656c202020202020202020202020202020202020202020202020202020202020202020202020202020202020202020202020202020202020202020202020202020202020202020,b'EKG_Channel                                                                     ',EKG_Channel,uV,-5013,5013,-32768,32767,400
I023,10,32362020202020202020202020202020,b'26              ',26              ,26,4c65675f4368616e6e656c202020202020202020202020202020202020202020202020202020202020202020202020202020202020202020202020202020202020202020202020202020202020202020,b'Leg_Channel                                                                     ',Leg_Channel,uV,-5013,5013,-32768,32767,400
I023,11,32372020202020202020202020202020,b'27              ',27              ,27,4c6567325f4368616e6e656c2020202020202020202020202020202020202020202020202020202020202020202020202020202020202020202020202020202020202020202020202020202020202020,b'Leg2_Channel                                                                    ',Leg2_Channel,uV,-5013,5013,-32768,32767,400
I023,12,32382020202020202020202020202020,b'28              ',28              ,28,536e6f72655f4368616e6e656c20202020202020202020202020202020202020202020202020202020202020202020202020202020202020202020202020202020202020202020202020202020202020,b'Snore_Channel                                                                   ',Snore_Channel,uV,-5013,5013,-32768,32767,400
I023,13,32392020202020202020202020202020,b'29              ',29              ,29,466c6f775f4368616e6e656c2020202020202020202020202020202020202020202020202020202020202020202020202020202020202020202020202020202020202020202020202020202020202020,b'Flow_Channel                                                                    ',Flow_Channel,uV,-5013,5013,-32768,32767,25
I023,14,44433031202020202020202020202020,b'DC01            ',DC01            ,DC01,466c6f77325f4368616e6e656c20202020202020202020202020202020202020202020202020202020202020202020202020202020202020202020202020202020202020202020202020202020202020,b'Flow2_Channel                                                                   ',Flow2_Channel,uV,-327680,327680,-32768,32767,25
I023,15,33302020202020202020202020202020,b'30              ',30              ,30,4566666f72745f4368616e6e656c202020202020202020202020202020202020202020202020202020202020202020202020202020202020202020202020202020202020202020202020202020202020,b'Effort_Channel                                                                  ',Effort_Channel,uV,-5013,5013,-32768,32767,50
I023,16,33312020202020202020202020202020,b'31              ',31              ,31,4566666f7274325f4368616e6e656c2020202020202020202020202020202020202020202020202020202020202020202020202020202020202020202020202020202020202020202020202020202020,b'Effort2_Channel                                                                 ',Effort2_Channel,uV,-5013,5013,-32768,32767,50
I023,17,53704f32202020202020202020202020,b'SpO2            ',SpO2            ,SpO2,53704f325f4368616e6e656c2020202020202020202020202020202020202020202020202020202020202020202020202020202020202020202020202020202020202020202020202020202020202020,b'SpO2_Channel                                                                    ',SpO2_Channel,%,0,100,-32768,32767,25
I023,18,44433032202020202020202020202020,b'DC02            ',DC02            ,DC02,42504f535f4368616e6e656c2020202020202020202020202020202020202020202020202020202020202020202020202020202020202020202020202020202020202020202020202020202020202020,b'BPOS_Channel                                                                    ',BPOS_Channel,,0,100,-32768,32767,25
I024,0,4c4f432d413220202020202020202020,b'LOC-A2          ',LOC-A2          ,LOC-A2,454f475f4368616e6e656c202020202020202020202020202020202020202020202020202020202020202020202020202020202020202020202020202020202020202020202020202020202020202020,b'EOG_Channel                                                                     ',EOG_Channel,uV,-25,25,-32768,32767,400
I024,1,524f432d413120202020202020202020,b'ROC-A1          ',ROC-A1          ,ROC-A1,454f47325f4368616e6e656c2020202020202020202020202020202020202020202020202020202020202020202020202020202020202020202020202020202020202020202020202020202020202020,b'EOG2_Channel                                                                    ',EOG2_Channel,uV,-25,25,-32768,32767,400
I024,2,46332d41322020202020202020202020,b'F3-A2           ',F3-A2           ,F3-A2,4545475f4368616e6e656c202020202020202020202020202020202020202020202020202020202020202020202020202020202020202020202020202020202020202020202020202020202020202020,b'EEG_Channel                                                                     ',EEG_Channel,uV,-25,25,-32768,32767,400
I024,3,43332d41322020202020202020202020,b'C3-A2           ',C3-A2           ,C3-A2,4545475f4368616e6e656c202020202020202020202020202020202020202020202020202020202020202020202020202020202020202020202020202020202020202020202020202020202020202020,b'EEG_Channel                                                                     ',EEG_Channel,uV,-25,25,-32768,32767,400
I024,4,4f312d41322020202020202020202020,b'O1-A2           ',O1-A2           ,O1-A2,4545475f4368616e6e656c202020202020202020202020202020202020202020202020202020202020202020202020202020202020202020202020202020202020202020202020202020202020202020,b'EEG_Channel                                                                     ',EEG_Channel,uV,-25,25,-32768,32767,400
I024,5,46342d41312020202020202020202020,b'F4-A1           ',F4-A1           ,F4-A1,454547325f4368616e6e656c2020202020202020202020202020202020202020202020202020202020202020202020202020202020202020202020202020202020202020202020202020202020202020,b'EEG2_Channel                                                                    ',EEG2_Channel,uV,-25,25,-32768,32767,400
I024,6,43342d41312020202020202020202020,b'C4-A1           ',C4-A1           ,C4-A1,454547325f4368616e6e656c2020202020202020202020202020202020202020202020202020202020202020202020202020202020202020202020202020202020202020202020202020202020202020,b'EEG2_Channel                                                                    ',EEG2_Channel,uV,-25,25,-32768,32767,400
I024,7,4f322d41312020202020202020202020,b'O2-A1           ',O2-A1           ,O2-A1,454547325f4368616e6e656c2020202020202020202020202020202020202020202020202020202020202020202020202020202020202020202020202020202020202020202020202020202020202020,b'EEG2_Channel                                                                    ',EEG2_Channel,uV,-25,25,-32768,32767,400
I024,8,58312020202020202020202020202020,b'X1              ',X1              ,X1,4368696e5f4368616e6e656c2020202020202020202020202020202020202020202020202020202020202020202020202020202020202020202020202020202020202020202020202020202020202020,b'Chin_Channel                                                                    ',Chin_Channel,uV,-42,42,-32768,32767,400
I024,9,58322020202020202020202020202020,b'X2              ',X2              ,X2,454b475f4368616e6e656c202020202020202020202020202020202020202020202020202020202020202020202020202020202020202020202020202020202020202020202020202020202020202020,b'EKG_Channel                                                                     ',EKG_Channel,uV,-97,97,-32768,32767,400
I024,10,58332020202020202020202020202020,b'X3              ',X3              ,X3,4c65675f4368616e6e656c202020202020202020202020202020202020202020202020202020202020202020202020202020202020202020202020202020202020202020202020202020202020202020,b'Leg_Channel                                                                     ',Leg_Channel,uV,-19,19,-32768,32767,400
I024,11,58342020202020202020202020202020,b'X4              ',X4              ,X4,4c6567325f4368616e6e656c2020202020202020202020202020202020202020202020202020202020202020202020202020202020202020202020202020202020202020202020202020202020202020,b'Leg2_Channel                                                                    ',Leg2_Channel,uV,-16,16,-32768,32767,400
I024,12,58352020202020202020202020202020,b'X5              ',X5              ,X5,536e6f72655f4368616e6e656c20202020202020202020202020202020202020202020202020202020202020202020202020202020202020202020202020202020202020202020202020202020202020,b'Snore_Channel                                                                   ',Snore_Channel,uV,-262,262,-32768,32767,400
I024,13,58362020202020202020202020202020,b'X6              ',X6              ,X6,466c6f775f4368616e6e656c2020202020202020202020202020202020202020202020202020202020202020202020202020202020202020202020202020202020202020202020202020202020202020,b'Flow_Channel                                                                    ',Flow_Channel,uV,-24,24,-32768,32767,25
I024,14,44433320202020202020202020202020,b'DC3             ',DC3             ,DC3,466c6f77325f4368616e6e656c20202020202020202020202020202020202020202020202020202020202020202020202020202020202020202020202020202020202020202020202020202020202020,b'Flow2_Channel                                                                   ',Flow2_Channel,uV,-6304,6304,-32768,32767,50
I024,15,58372020202020202020202020202020,b'X7              ',X7              ,X7,4566666f72745f4368616e6e656c202020202020202020202020202020202020202020202020202020202020202020202020202020202020202020202020202020202020202020202020202020202020,b'Effort_Channel                                                                  ',Effort_Channel,uV,-198,198,-32768,32767,50
I024,16,58382020202020202020202020202020,b'X8              ',X8              ,X8,4566666f7274325f4368616e6e656c2020202020202020202020202020202020202020202020202020202020202020202020202020202020202020202020202020202020202020202020202020202020,b'Effort2_Channel                                                                 ',Effort2_Channel,uV,-870,870,-32768,32767,50
I024,17,53614f32202020202020202020202020,b'SaO2            ',SaO2            ,SaO2,53614f325f4368616e6e656c2020202020202020202020202020202020202020202020202020202020202020202020202020202020202020202020202020202020202020202020202020202020202020,b'SaO2_Channel                                                                    ',SaO2_Channel,%,0,100,-32768,32767,25
I024,18,44433820202020202020202020202020,b'DC8             ',DC8             ,DC8,42504f535f4368616e6e656c2020202020202020202020202020202020202020202020202020202020202020202020202020202020202020202020202020202020202020202020202020202020202020,b'BPOS_Channel                                                                    ',BPOS_Channel,,0,200,-32768,32767,50
I025,0,45312d4d322020202020202020202020,b'E1-M2           ',E1-M2           ,E1-M2,454f475f4368616e6e656c202020202020202020202020202020202020202020202020202020202020202020202020202020202020202020202020202020202020202020202020202020202020202020,b'EOG_Channel                                                                     ',EOG_Channel,uV,-5013,5013,-32768,32767,400
I025,1,45322d4d312020202020202020202020,b'E2-M1           ',E2-M1           ,E2-M1,454f475f4368616e6e656c202020202020202020202020202020202020202020202020202020202020202020202020202020202020202020202020202020202020202020202020202020202020202020,b'EOG_Channel                                                                     ',EOG_Channel,uV,-5013,5013,-32768,32767,400
I025,2,46332d4d322020202020202020202020,b'F3-M2           ',F3-M2           ,F3-M2,4545475f4368616e6e656c202020202020202020202020202020202020202020202020202020202020202020202020202020202020202020202020202020202020202020202020202020202020202020,b'EEG_Channel                                                                     ',EEG_Channel,uV,-5013,5013,-32768,32767,400
I025,3,43332d4d322020202020202020202020,b'C3-M2           ',C3-M2           ,C3-M2,4545475f4368616e6e656c202020202020202020202020202020202020202020202020202020202020202020202020202020202020202020202020202020202020202020202020202020202020202020,b'EEG_Channel                                                                     ',EEG_Channel,uV,-5013,5013,-32768,32767,400
I025,4,4f312d4d322020202020202020202020,b'O1-M2           ',O1-M2           ,O1-M2,4545475f4368616e6e656c202020202020202020202020202020202020202020202020202020202020202020202020202020202020202020202020202020202020202020202020202020202020202020,b'EEG_Channel                                                                     ',EEG_Channel,uV,-5013,5013,-32768,32767,400
I025,5,46342d4d312020202020202020202020,b'F4-M1           ',F4-M1           ,F4-M1,454547325f4368616e6e656c2020202020202020202020202020202020202020202020202020202020202020202020202020202020202020202020202020202020202020202020202020202020202020,b'EEG2_Channel                                                                    ',EEG2_Channel,uV,-5013,5013,-32768,32767,400
I025,6,43342d4d312020202020202020202020,b'C4-M1           ',C4-M1           ,C4-M1,454547325f4368616e6e656c2020202020202020202020202020202020202020202020202020202020202020202020202020202020202020202020202020202020202020202020202020202020202020,b'EEG2_Channel                                                                    ',EEG2_Channel,uV,-5013,5013,-32768,32767,400
I025,7,4f322d4d312020202020202020202020,b'O2-M1           ',O2-M1           ,O2-M1,454547325f4368616e6e656c2020202020202020202020202020202020202020202020202020202020202020202020202020202020202020202020202020202020202020202020202020202020202020,b'EEG2_Channel                                                                    ',EEG2_Channel,uV,-5013,5013,-32768,32767,400
I025,8,32342020202020202020202020202020,b'24              ',24              ,24,4368696e5f4368616e6e656c2020202020202020202020202020202020202020202020202020202020202020202020202020202020202020202020202020202020202020202020202020202020202020,b'Chin_Channel                                                                    ',Chin_Channel,uV,-5013,5013,-32768,32767,400
I025,9,32352020202020202020202020202020,b'25              ',25              ,25,454b475f4368616e6e656c202020202020202020202020202020202020202020202020202020202020202020202020202020202020202020202020202020202020202020202020202020202020202020,b'EKG_Channel                                                                     ',EKG_Channel,uV,-5013,5013,-32768,32767,400
I025,10,32362020202020202020202020202020,b'26              ',26              ,26,4c65675f4368616e6e656c202020202020202020202020202020202020202020202020202020202020202020202020202020202020202020202020202020202020202020202020202020202020202020,b'Leg_Channel                                                                     ',Leg_Channel,uV,-5013,5013,-32768,32767,400
I025,11,32372020202020202020202020202020,b'27              ',27              ,27,4c6567325f4368616e6e656c2020202020202020202020202020202020202020202020202020202020202020202020202020202020202020202020202020202020202020202020202020202020202020,b'Leg2_Channel                                                                    ',Leg2_Channel,uV,-5013,5013,-32768,32767,400
I025,12,32382020202020202020202020202020,b'28              ',28              ,28,536e6f72655f4368616e6e656c20202020202020202020202020202020202020202020202020202020202020202020202020202020202020202020202020202020202020202020202020202020202020,b'Snore_Channel                                                                   ',Snore_Channel,uV,-5013,5013,-32768,32767,400
I025,13,32392020202020202020202020202020,b'29              ',29              ,29,466c6f775f4368616e6e656c2020202020202020202020202020202020202020202020202020202020202020202020202020202020202020202020202020202020202020202020202020202020202020,b'Flow_Channel                                                                    ',Flow_Channel,uV,-5013,5013,-32768,32767,25
I025,14,44433031202020202020202020202020,b'DC01            ',DC01            ,DC01,466c6f77325f4368616e6e656c20202020202020202020202020202020202020202020202020202020202020202020202020202020202020202020202020202020202020202020202020202020202020,b'Flow2_Channel                                                                   ',Flow2_Channel,uV,-327680,327680,-32768,32767,25
I025,15,33302020202020202020202020202020,b'30              ',30              ,30,4566666f72745f4368616e6e656c202020202020202020202020202020202020202020202020202020202020202020202020202020202020202020202020202020202020202020202020202020202020,b'Effort_Channel                                                                  ',Effort_Channel,uV,-5013,5013,-32768,32767,50
I025,16,33312020202020202020202020202020,b'31              ',31              ,31,4566666f7274325f4368616e6e656c2020202020202020202020202020202020202020202020202020202020202020202020202020202020202020202020202020202020202020202020202020202020,b'Effort2_Channel                                                                 ',Effort2_Channel,uV,-5013,5013,-32768,32767,50
I025,17,53704f32202020202020202020202020,b'SpO2            ',SpO2            ,SpO2,53704f325f4368616e6e656c2020202020202020202020202020202020202020202020202020202020202020202020202020202020202020202020202020202020202020202020202020202020202020,b'SpO2_Channel                                                                    ',SpO2_Channel,%,0,100,-32768,32767,25
I025,18,44433032202020202020202020202020,b'DC02            ',DC02            ,DC02,42504f535f4368616e6e656c2020202020202020202020202020202020202020202020202020202020202020202020202020202020202020202020202020202020202020202020202020202020202020,b'BPOS_Channel                                                                    ',BPOS_Channel,,0,100,-32768,32767,25
I026,0,4c4f432d413220202020202020202020,b'LOC-A2          ',LOC-A2          ,LOC-A2,454f475f4368616e6e656c202020202020202020202020202020202020202020202020202020202020202020202020202020202020202020202020202020202020202020202020202020202020202020,b'EOG_Channel                                                                     ',EOG_Channel,uV,-25,25,-32768,32767,400
I026,1,524f432d413120202020202020202020,b'ROC-A1          ',ROC-A1          ,ROC-A1,454f47325f4368616e6e656c2020202020202020202020202020202020202020202020202020202020202020202020202020202020202020202020202020202020202020202020202020202020202020,b'EOG2_Channel                                                                    ',EOG2_Channel,uV,-25,25,-32768,32767,400
I026,2,46332d41322020202020202020202020,b'F3-A2           ',F3-A2           ,F3-A2,4545475f4368616e6e656c202020202020202020202020202020202020202020202020202020202020202020202020202020202020202020202020202020202020202020202020202020202020202020,b'EEG_Channel                                                                     ',EEG_Channel,uV,-25,25,-32768,32767,400
I026,3,43332d41322020202020202020202020,b'C3-A2           ',C3-A2           ,C3-A2,4545475f4368616e6e656c202020202020202020202020202020202020202020202020202020202020202020202020202020202020202020202020202020202020202020202020202020202020202020,b'EEG_Channel                                                                     ',EEG_Channel,uV,-25,25,-32768,32767,400
I026,4,4f312d41322020202020202020202020,b'O1-A2           ',O1-A2           ,O1-A2,4545475f4368616e6e656c202020202020202020202020202020202020202020202020202020202020202020202020202020202020202020202020202020202020202020202020202020202020202020,b'EEG_Channel                                                                     ',EEG_Channel,uV,-25,25,-32768,32767,400
I026,5,46342d41312020202020202020202020,b'F4-A1           ',F4-A1           ,F4-A1,454547325f4368616e6e656c2020202020202020202020202020202020202020202020202020202020202020202020202020202020202020202020202020202020202020202020202020202020202020,b'EEG2_Channel                                                                    ',EEG2_Channel,uV,-25,25,-32768,32767,400
I026,6,43342d41312020202020202020202020,b'C4-A1           ',C4-A1           ,C4-A1,454547325f4368616e6e656c2020202020202020202020202020202020202020202020202020202020202020202020202020202020202020202020202020202020202020202020202020202020202020,b'EEG2_Channel                                                                    ',EEG2_Channel,uV,-25,25,-32768,32767,400
I026,7,4f322d41312020202020202020202020,b'O2-A1           ',O2-A1           ,O2-A1,454547325f4368616e6e656c2020202020202020202020202020202020202020202020202020202020202020202020202020202020202020202020202020202020202020202020202020202020202020,b'EEG2_Channel                                                                    ',EEG2_Channel,uV,-25,25,-32768,32767,400
I026,8,58312020202020202020202020202020,b'X1              ',X1              ,X1,4368696e5f4368616e6e656c2020202020202020202020202020202020202020202020202020202020202020202020202020202020202020202020202020202020202020202020202020202020202020,b'Chin_Channel                                                                    ',Chin_Channel,uV,-42,42,-32768,32767,400
I026,9,58322020202020202020202020202020,b'X2              ',X2              ,X2,454b475f4368616e6e656c202020202020202020202020202020202020202020202020202020202020202020202020202020202020202020202020202020202020202020202020202020202020202020,b'EKG_Channel                                                                     ',EKG_Channel,uV,-97,97,-32768,32767,400
I026,10,58332020202020202020202020202020,b'X3              ',X3              ,X3,4c65675f4368616e6e656c202020202020202020202020202020202020202020202020202020202020202020202020202020202020202020202020202020202020202020202020202020202020202020,b'Leg_Channel                                                                     ',Leg_Channel,uV,-25,25,-32768,32767,400
I026,11,58342020202020202020202020202020,b'X4              ',X4              ,X4,4c6567325f4368616e6e656c2020202020202020202020202020202020202020202020202020202020202020202020202020202020202020202020202020202020202020202020202020202020202020,b'Leg2_Channel                                                                    ',Leg2_Channel,uV,-16,16,-32768,32767,400
I026,12,58352020202020202020202020202020,b'X5              ',X5              ,X5,536e6f72655f4368616e6e656c20202020202020202020202020202020202020202020202020202020202020202020202020202020202020202020202020202020202020202020202020202020202020,b'Snore_Channel                                                                   ',Snore_Channel,uV,-262,262,-32768,32767,400
I026,13,58362020202020202020202020202020,b'X6              ',X6              ,X6,466c6f775f4368616e6e656c2020202020202020202020202020202020202020202020202020202020202020202020202020202020202020202020202020202020202020202020202020202020202020,b'Flow_Channel                                                                    ',Flow_Channel,uV,-17,17,-32768,32767,25
I026,14,44433320202020202020202020202020,b'DC3             ',DC3             ,DC3,466c6f77325f4368616e6e656c20202020202020202020202020202020202020202020202020202020202020202020202020202020202020202020202020202020202020202020202020202020202020,b'Flow2_Channel                                                                   ',Flow2_Channel,uV,-839,839,-32768,32767,50
I026,15,58372020202020202020202020202020,b'X7              ',X7              ,X7,4566666f72745f4368616e6e656c202020202020202020202020202020202020202020202020202020202020202020202020202020202020202020202020202020202020202020202020202020202020,b'Effort_Channel                                                                  ',Effort_Channel,uV,-55,55,-32768,32767,50
I026,16,58382020202020202020202020202020,b'X8              ',X8              ,X8,4566666f7274325f4368616e6e656c2020202020202020202020202020202020202020202020202020202020202020202020202020202020202020202020202020202020202020202020202020202020,b'Effort2_Channel                                                                 ',Effort2_Channel,uV,-746,746,-32768,32767,50
I026,17,53614f32202020202020202020202020,b'SaO2            ',SaO2            ,SaO2,53614f325f4368616e6e656c2020202020202020202020202020202020202020202020202020202020202020202020202020202020202020202020202020202020202020202020202020202020202020,b'SaO2_Channel                                                                    ',SaO2_Channel,%,0,100,-32768,32767,25
I026,18,44433820202020202020202020202020,b'DC8             ',DC8             ,DC8,42504f535f4368616e6e656c2020202020202020202020202020202020202020202020202020202020202020202020202020202020202020202020202020202020202020202020202020202020202020,b'BPOS_Channel                                                                    ',BPOS_Channel,,0,200,-32768,32767,50
I027,0,45312d4d322020202020202020202020,b'E1-M2           ',E1-M2           ,E1-M2,454f475f4368616e6e656c202020202020202020202020202020202020202020202020202020202020202020202020202020202020202020202020202020202020202020202020202020202020202020,b'EOG_Channel                                                                     ',EOG_Channel,uV,-2490,2490,-32768,32767,400
I027,1,45322d4d312020202020202020202020,b'E2-M1           ',E2-M1           ,E2-M1,454f47325f4368616e6e656c2020202020202020202020202020202020202020202020202020202020202020202020202020202020202020202020202020202020202020202020202020202020202020,b'EOG2_Channel                                                                    ',EOG2_Channel,uV,-2490,2490,-32768,32767,400
I027,2,46332d4d322020202020202020202020,b'F3-M2           ',F3-M2           ,F3-M2,4545475f4368616e6e656c202020202020202020202020202020202020202020202020202020202020202020202020202020202020202020202020202020202020202020202020202020202020202020,b'EEG_Channel                                                                     ',EEG_Channel,uV,-2490,2490,-32768,32767,400
I027,3,43332d4d322020202020202020202020,b'C3-M2           ',C3-M2           ,C3-M2,4545475f4368616e6e656c202020202020202020202020202020202020202020202020202020202020202020202020202020202020202020202020202020202020202020202020202020202020202020,b'EEG_Channel                                                                     ',EEG_Channel,uV,-2490,2490,-32768,32767,400
I027,4,4f312d4d322020202020202020202020,b'O1-M2           ',O1-M2           ,O1-M2,4545475f4368616e6e656c202020202020202020202020202020202020202020202020202020202020202020202020202020202020202020202020202020202020202020202020202020202020202020,b'EEG_Channel                                                                     ',EEG_Channel,uV,-2490,2490,-32768,32767,400
I027,5,46342d4d312020202020202020202020,b'F4-M1           ',F4-M1           ,F4-M1,454547325f4368616e6e656c2020202020202020202020202020202020202020202020202020202020202020202020202020202020202020202020202020202020202020202020202020202020202020,b'EEG2_Channel                                                                    ',EEG2_Channel,uV,-2490,2490,-32768,32767,400
I027,6,43342d4d312020202020202020202020,b'C4-M1           ',C4-M1           ,C4-M1,454547325f4368616e6e656c2020202020202020202020202020202020202020202020202020202020202020202020202020202020202020202020202020202020202020202020202020202020202020,b'EEG2_Channel                                                                    ',EEG2_Channel,uV,-2490,2490,-32768,32767,400
I027,7,4f322d4d312020202020202020202020,b'O2-M1           ',O2-M1           ,O2-M1,454547325f4368616e6e656c2020202020202020202020202020202020202020202020202020202020202020202020202020202020202020202020202020202020202020202020202020202020202020,b'EEG2_Channel                                                                    ',EEG2_Channel,uV,-2490,2490,-32768,32767,400
I027,8,58312020202020202020202020202020,b'X1              ',X1              ,X1,4368696e5f4368616e6e656c2020202020202020202020202020202020202020202020202020202020202020202020202020202020202020202020202020202020202020202020202020202020202020,b'Chin_Channel                                                                    ',Chin_Channel,uV,-9404,9404,-32768,32767,400
I027,9,58322020202020202020202020202020,b'X2              ',X2              ,X2,454b475f4368616e6e656c202020202020202020202020202020202020202020202020202020202020202020202020202020202020202020202020202020202020202020202020202020202020202020,b'EKG_Channel                                                                     ',EKG_Channel,uV,-9404,9404,-32768,32767,400
I027,10,58332020202020202020202020202020,b'X3              ',X3              ,X3,4c65675f4368616e6e656c202020202020202020202020202020202020202020202020202020202020202020202020202020202020202020202020202020202020202020202020202020202020202020,b'Leg_Channel                                                                     ',Leg_Channel,uV,-9404,9404,-32768,32767,400
I027,11,58342020202020202020202020202020,b'X4              ',X4              ,X4,4c6567325f4368616e6e656c2020202020202020202020202020202020202020202020202020202020202020202020202020202020202020202020202020202020202020202020202020202020202020,b'Leg2_Channel                                                                    ',Leg2_Channel,uV,-9404,9404,-32768,32767,400
I027,12,58352020202020202020202020202020,b'X5              ',X5              ,X5,536e6f72655f4368616e6e656c20202020202020202020202020202020202020202020202020202020202020202020202020202020202020202020202020202020202020202020202020202020202020,b'Snore_Channel                                                                   ',Snore_Channel,uV,-9404,9404,-32768,32767,400
I027,13,58362020202020202020202020202020,b'X6              ',X6              ,X6,466c6f775f4368616e6e656c2020202020202020202020202020202020202020202020202020202020202020202020202020202020202020202020202020202020202020202020202020202020202020,b'Flow_Channel                                                                    ',Flow_Channel,uV,-9404,9404,-32768,32767,25
I027,14,44433420202020202020202020202020,b'DC4             ',DC4             ,DC4,466c6f77325f4368616e6e656c20202020202020202020202020202020202020202020202020202020202020202020202020202020202020202020202020202020202020202020202020202020202020,b'Flow2_Channel                                                                   ',Flow2_Channel,uV,-110,110,-32768,32767,25
I027,15,58372020202020202020202020202020,b'X7              ',X7              ,X7,4566666f72745f4368616e6e656c202020202020202020202020202020202020202020202020202020202020202020202020202020202020202020202020202020202020202020202020202020202020,b'Effort_Channel                                                                  ',Effort_Channel,uV,-9404,9404,-32768,32767,50
I027,16,58382020202020202020202020202020,b'X8              ',X8              ,X8,4566666f7274325f4368616e6e656c2020202020202020202020202020202020202020202020202020202020202020202020202020202020202020202020202020202020202020202020202020202020,b'Effort2_Channel                                                                 ',Effort2_Channel,uV,-9404,9404,-32768,32767,50
I027,17,53704f32202020202020202020202020,b'SpO2            ',SpO2            ,SpO2,53704f325f4368616e6e656c2020202020202020202020202020202020202020202020202020202020202020202020202020202020202020202020202020202020202020202020202020202020202020,b'SpO2_Channel                                                                    ',SpO2_Channel,%,0,100,-32768,32767,25
I027,18,44433820202020202020202020202020,b'DC8             ',DC8             ,DC8,42504f535f4368616e6e656c2020202020202020202020202020202020202020202020202020202020202020202020202020202020202020202020202020202020202020202020202020202020202020,b'BPOS_Channel                                                                    ',BPOS_Channel,,0,200,-32768,32767,50
I028,0,45312d4d322020202020202020202020,b'E1-M2           ',E1-M2           ,E1-M2,454f475f4368616e6e656c202020202020202020202020202020202020202020202020202020202020202020202020202020202020202020202020202020202020202020202020202020202020202020,b'EOG_Channel                                                                     ',EOG_Channel,uV,-2490,2490,-32768,32767,400
I028,1,45322d4d312020202020202020202020,b'E2-M1           ',E2-M1           ,E2-M1,454f47325f4368616e6e656c2020202020202020202020202020202020202020202020202020202020202020202020202020202020202020202020202020202020202020202020202020202020202020,b'EOG2_Channel                                                                    ',EOG2_Channel,uV,-2490,2490,-32768,32767,400
I028,2,46332d4d322020202020202020202020,b'F3-M2           ',F3-M2           ,F3-M2,4545475f4368616e6e656c202020202020202020202020202020202020202020202020202020202020202020202020202020202020202020202020202020202020202020202020202020202020202020,b'EEG_Channel                                                                     ',EEG_Channel,uV,-2490,2490,-32768,32767,400
I028,3,43332d4d322020202020202020202020,b'C3-M2           ',C3-M2           ,C3-M2,4545475f4368616e6e656c202020202020202020202020202020202020202020202020202020202020202020202020202020202020202020202020202020202020202020202020202020202020202020,b'EEG_Channel                                                                     ',EEG_Channel,uV,-2490,2490,-32768,32767,400
I028,4,4f312d4d322020202020202020202020,b'O1-M2           ',O1-M2           ,O1-M2,4545475f4368616e6e656c202020202020202020202020202020202020202020202020202020202020202020202020202020202020202020202020202020202020202020202020202020202020202020,b'EEG_Channel                                                                     ',EEG_Channel,uV,-2490,2490,-32768,32767,400
I028,5,46342d4d312020202020202020202020,b'F4-M1           ',F4-M1           ,F4-M1,454547325f4368616e6e656c2020202020202020202020202020202020202020202020202020202020202020202020202020202020202020202020202020202020202020202020202020202020202020,b'EEG2_Channel                                                                    ',EEG2_Channel,uV,-2490,2490,-32768,32767,400
I028,6,43342d4d312020202020202020202020,b'C4-M1           ',C4-M1           ,C4-M1,454547325f4368616e6e656c2020202020202020202020202020202020202020202020202020202020202020202020202020202020202020202020202020202020202020202020202020202020202020,b'EEG2_Channel                                                                    ',EEG2_Channel,uV,-2490,2490,-32768,32767,400
I028,7,4f322d4d312020202020202020202020,b'O2-M1           ',O2-M1           ,O2-M1,454547325f4368616e6e656c2020202020202020202020202020202020202020202020202020202020202020202020202020202020202020202020202020202020202020202020202020202020202020,b'EEG2_Channel                                                                    ',EEG2_Channel,uV,-2490,2490,-32768,32767,400
I028,8,58312020202020202020202020202020,b'X1              ',X1              ,X1,4368696e5f4368616e6e656c2020202020202020202020202020202020202020202020202020202020202020202020202020202020202020202020202020202020202020202020202020202020202020,b'Chin_Channel                                                                    ',Chin_Channel,uV,-9404,9404,-32768,32767,400
I028,9,58322020202020202020202020202020,b'X2              ',X2              ,X2,454b475f4368616e6e656c202020202020202020202020202020202020202020202020202020202020202020202020202020202020202020202020202020202020202020202020202020202020202020,b'EKG_Channel                                                                     ',EKG_Channel,uV,-9404,9404,-32768,32767,400
I028,10,58332020202020202020202020202020,b'X3              ',X3              ,X3,4c65675f4368616e6e656c202020202020202020202020202020202020202020202020202020202020202020202020202020202020202020202020202020202020202020202020202020202020202020,b'Leg_Channel                                                                     ',Leg_Channel,uV,-9404,9404,-32768,32767,400
I028,11,58342020202020202020202020202020,b'X4              ',X4              ,X4,4c6567325f4368616e6e656c2020202020202020202020202020202020202020202020202020202020202020202020202020202020202020202020202020202020202020202020202020202020202020,b'Leg2_Channel                                                                    ',Leg2_Channel,uV,-9404,9404,-32768,32767,400
I028,12,58352020202020202020202020202020,b'X5              ',X5              ,X5,536e6f72655f4368616e6e656c20202020202020202020202020202020202020202020202020202020202020202020202020202020202020202020202020202020202020202020202020202020202020,b'Snore_Channel                                                                   ',Snore_Channel,uV,-9404,9404,-32768,32767,400
I028,13,58362020202020202020202020202020,b'X6              ',X6              ,X6,466c6f775f4368616e6e656c2020202020202020202020202020202020202020202020202020202020202020202020202020202020202020202020202020202020202020202020202020202020202020,b'Flow_Channel                                                                    ',Flow_Channel,uV,-9404,9404,-32768,32767,25
I028,14,44433420202020202020202020202020,b'DC4             ',DC4             ,DC4,466c6f77325f4368616e6e656c20202020202020202020202020202020202020202020202020202020202020202020202020202020202020202020202020202020202020202020202020202020202020,b'Flow2_Channel                                                                   ',Flow2_Channel,uV,-223,223,-32768,32767,400
I028,15,58372020202020202020202020202020,b'X7              ',X7              ,X7,4566666f72745f4368616e6e656c202020202020202020202020202020202020202020202020202020202020202020202020202020202020202020202020202020202020202020202020202020202020,b'Effort_Channel                                                                  ',Effort_Channel,uV,-9404,9404,-32768,32767,50
I028,16,58382020202020202020202020202020,b'X8              ',X8              ,X8,4566666f7274325f4368616e6e656c2020202020202020202020202020202020202020202020202020202020202020202020202020202020202020202020202020202020202020202020202020202020,b'Effort2_Channel                                                                 ',Effort2_Channel,uV,-9404,9404,-32768,32767,50
I028,17,53704f32202020202020202020202020,b'SpO2            ',SpO2            ,SpO2,53704f325f4368616e6e656c2020202020202020202020202020202020202020202020202020202020202020202020202020202020202020202020202020202020202020202020202020202020202020,b'SpO2_Channel                                                                    ',SpO2_Channel,%,0,100,-32768,32767,25
I028,18,44433820202020202020202020202020,b'DC8             ',DC8             ,DC8,42504f535f4368616e6e656c2020202020202020202020202020202020202020202020202020202020202020202020202020202020202020202020202020202020202020202020202020202020202020,b'BPOS_Channel                                                                    ',BPOS_Channel,,0,200,-32768,32767,50
I029,0,45312d4d322020202020202020202020,b'E1-M2           ',E1-M2           ,E1-M2,454f475f4368616e6e656c202020202020202020202020202020202020202020202020202020202020202020202020202020202020202020202020202020202020202020202020202020202020202020,b'EOG_Channel                                                                     ',EOG_Channel,uV,-2490,2490,-32768,32767,400
I029,1,45322d4d312020202020202020202020,b'E2-M1           ',E2-M1           ,E2-M1,454f47325f4368616e6e656c2020202020202020202020202020202020202020202020202020202020202020202020202020202020202020202020202020202020202020202020202020202020202020,b'EOG2_Channel                                                                    ',EOG2_Channel,uV,-2490,2490,-32768,32767,400
I029,2,46332d4d322020202020202020202020,b'F3-M2           ',F3-M2           ,F3-M2,4545475f4368616e6e656c202020202020202020202020202020202020202020202020202020202020202020202020202020202020202020202020202020202020202020202020202020202020202020,b'EEG_Channel                                                                     ',EEG_Channel,uV,-2490,2490,-32768,32767,400
I029,3,43332d4d322020202020202020202020,b'C3-M2           ',C3-M2           ,C3-M2,4545475f4368616e6e656c202020202020202020202020202020202020202020202020202020202020202020202020202020202020202020202020202020202020202020202020202020202020202020,b'EEG_Channel                                                                     ',EEG_Channel,uV,-2490,2490,-32768,32767,400
I029,4,4f312d4d322020202020202020202020,b'O1-M2           ',O1-M2           ,O1-M2,4545475f4368616e6e656c202020202020202020202020202020202020202020202020202020202020202020202020202020202020202020202020202020202020202020202020202020202020202020,b'EEG_Channel                                                                     ',EEG_Channel,uV,-2490,2490,-32768,32767,400
I029,5,46342d4d312020202020202020202020,b'F4-M1           ',F4-M1           ,F4-M1,454547325f4368616e6e656c2020202020202020202020202020202020202020202020202020202020202020202020202020202020202020202020202020202020202020202020202020202020202020,b'EEG2_Channel                                                                    ',EEG2_Channel,uV,-2490,2490,-32768,32767,400
I029,6,43342d4d312020202020202020202020,b'C4-M1           ',C4-M1           ,C4-M1,454547325f4368616e6e656c2020202020202020202020202020202020202020202020202020202020202020202020202020202020202020202020202020202020202020202020202020202020202020,b'EEG2_Channel                                                                    ',EEG2_Channel,uV,-2490,2490,-32768,32767,400
I029,7,4f322d4d312020202020202020202020,b'O2-M1           ',O2-M1           ,O2-M1,454547325f4368616e6e656c2020202020202020202020202020202020202020202020202020202020202020202020202020202020202020202020202020202020202020202020202020202020202020,b'EEG2_Channel                                                                    ',EEG2_Channel,uV,-2490,2490,-32768,32767,400
I029,8,58312020202020202020202020202020,b'X1              ',X1              ,X1,4368696e5f4368616e6e656c2020202020202020202020202020202020202020202020202020202020202020202020202020202020202020202020202020202020202020202020202020202020202020,b'Chin_Channel                                                                    ',Chin_Channel,uV,-9404,9404,-32768,32767,400
I029,9,58322020202020202020202020202020,b'X2              ',X2              ,X2,454b475f4368616e6e656c202020202020202020202020202020202020202020202020202020202020202020202020202020202020202020202020202020202020202020202020202020202020202020,b'EKG_Channel                                                                     ',EKG_Channel,uV,-9404,9404,-32768,32767,400
I029,10,58332020202020202020202020202020,b'X3              ',X3              ,X3,4c65675f4368616e6e656c202020202020202020202020202020202020202020202020202020202020202020202020202020202020202020202020202020202020202020202020202020202020202020,b'Leg_Channel                                                                     ',Leg_Channel,uV,-9404,9404,-32768,32767,400
I029,11,58342020202020202020202020202020,b'X4              ',X4              ,X4,4c6567325f4368616e6e656c2020202020202020202020202020202020202020202020202020202020202020202020202020202020202020202020202020202020202020202020202020202020202020,b'Leg2_Channel                                                                    ',Leg2_Channel,uV,-9404,9404,-32768,32767,400
I029,12,58352020202020202020202020202020,b'X5              ',X5              ,X5,536e6f72655f4368616e6e656c20202020202020202020202020202020202020202020202020202020202020202020202020202020202020202020202020202020202020202020202020202020202020,b'Snore_Channel                                                                   ',Snore_Channel,uV,-9404,9404,-32768,32767,400
I029,13,58362020202020202020202020202020,b'X6              ',X6              ,X6,466c6f775f4368616e6e656c2020202020202020202020202020202020202020202020202020202020202020202020202020202020202020202020202020202020202020202020202020202020202020,b'Flow_Channel                                                                    ',Flow_Channel,uV,-9404,9404,-32768,32767,25
I029,14,44433420202020202020202020202020,b'DC4             ',DC4             ,DC4,466c6f77325f4368616e6e656c20202020202020202020202020202020202020202020202020202020202020202020202020202020202020202020202020202020202020202020202020202020202020,b'Flow2_Channel                                                                   ',Flow2_Channel,uV,-110,110,-32768,32767,25
I029,15,58372020202020202020202020202020,b'X7              ',X7              ,X7,4566666f72745f4368616e6e656c202020202020202020202020202020202020202020202020202020202020202020202020202020202020202020202020202020202020202020202020202020202020,b'Effort_Channel                                                                  ',Effort_Channel,uV,-9404,9404,-32768,32767,50
I029,16,58382020202020202020202020202020,b'X8              ',X8              ,X8,4566666f7274325f4368616e6e656c2020202020202020202020202020202020202020202020202020202020202020202020202020202020202020202020202020202020202020202020202020202020,b'Effort2_Channel                                                                 ',Effort2_Channel,uV,-9404,9404,-32768,32767,50
I029,17,53704f32202020202020202020202020,b'SpO2            ',SpO2            ,SpO2,53704f325f4368616e6e656c2020202020202020202020202020202020202020202020202020202020202020202020202020202020202020202020202020202020202020202020202020202020202020,b'SpO2_Channel                                                                    ',SpO2_Channel,%,0,100,-32768,32767,25
I029,18,44433820202020202020202020202020,b'DC8             ',DC8             ,DC8,42504f535f4368616e6e656c2020202020202020202020202020202020202020202020202020202020202020202020202020202020202020202020202020202020202020202020202020202020202020,b'BPOS_Channel                                                                    ',BPOS_Channel,,0,200,-32768,32767,50
I030,0,45312d4d322020202020202020202020,b'E1-M2           ',E1-M2           ,E1-M2,454f475f4368616e6e656c202020202020202020202020202020202020202020202020202020202020202020202020202020202020202020202020202020202020202020202020202020202020202020,b'EOG_Channel                                                                     ',EOG_Channel,uV,-5013,5013,-32768,32767,400
I030,1,45322d4d312020202020202020202020,b'E2-M1           ',E2-M1           ,E2-M1,454f475f4368616e6e656c202020202020202020202020202020202020202020202020202020202020202020202020202020202020202020202020202020202020202020202020202020202020202020,b'EOG_Channel                                                                     ',EOG_Channel,uV,-5013,5013,-32768,32767,400
I030,2,46332d4d322020202020202020202020,b'F3-M2           ',F3-M2           ,F3-M2,4545475f4368616e6e656c202020202020202020202020202020202020202020202020202020202020202020202020202020202020202020202020202020202020202020202020202020202020202020,b'EEG_Channel                                                                     ',EEG_Channel,uV,-5013,5013,-32768,32767,400
I030,3,43332d4d322020202020202020202020,b'C3-M2           ',C3-M2           ,C3-M2,4545475f4368616e6e656c202020202020202020202020202020202020202020202020202020202020202020202020202020202020202020202020202020202020202020202020202020202020202020,b'EEG_Channel                                                                     ',EEG_Channel,uV,-5013,5013,-32768,32767,400
I030,4,4f312d4d322020202020202020202020,b'O1-M2           ',O1-M2           ,O1-M2,4545475f4368616e6e656c202020202020202020202020202020202020202020202020202020202020202020202020202020202020202020202020202020202020202020202020202020202020202020,b'EEG_Channel                                                                     ',EEG_Channel,uV,-5013,5013,-32768,32767,400
I030,5,46342d4d312020202020202020202020,b'F4-M1           ',F4-M1           ,F4-M1,454547325f4368616e6e656c2020202020202020202020202020202020202020202020202020202020202020202020202020202020202020202020202020202020202020202020202020202020202020,b'EEG2_Channel                                                                    ',EEG2_Channel,uV,-5013,5013,-32768,32767,400
I030,6,43342d4d312020202020202020202020,b'C4-M1           ',C4-M1           ,C4-M1,454547325f4368616e6e656c2020202020202020202020202020202020202020202020202020202020202020202020202020202020202020202020202020202020202020202020202020202020202020,b'EEG2_Channel                                                                    ',EEG2_Channel,uV,-5013,5013,-32768,32767,400
I030,7,4f322d4d312020202020202020202020,b'O2-M1           ',O2-M1           ,O2-M1,454547325f4368616e6e656c2020202020202020202020202020202020202020202020202020202020202020202020202020202020202020202020202020202020202020202020202020202020202020,b'EEG2_Channel                                                                    ',EEG2_Channel,uV,-5013,5013,-32768,32767,400
I030,8,32342020202020202020202020202020,b'24              ',24              ,24,4368696e5f4368616e6e656c2020202020202020202020202020202020202020202020202020202020202020202020202020202020202020202020202020202020202020202020202020202020202020,b'Chin_Channel                                                                    ',Chin_Channel,uV,-5013,5013,-32768,32767,400
I030,9,32352020202020202020202020202020,b'25              ',25              ,25,454b475f4368616e6e656c202020202020202020202020202020202020202020202020202020202020202020202020202020202020202020202020202020202020202020202020202020202020202020,b'EKG_Channel                                                                     ',EKG_Channel,uV,-5013,5013,-32768,32767,400
I030,10,32362020202020202020202020202020,b'26              ',26              ,26,4c65675f4368616e6e656c202020202020202020202020202020202020202020202020202020202020202020202020202020202020202020202020202020202020202020202020202020202020202020,b'Leg_Channel                                                                     ',Leg_Channel,uV,-5013,5013,-32768,32767,400
I030,11,32372020202020202020202020202020,b'27              ',27              ,27,4c6567325f4368616e6e656c2020202020202020202020202020202020202020202020202020202020202020202020202020202020202020202020202020202020202020202020202020202020202020,b'Leg2_Channel                                                                    ',Leg2_Channel,uV,-5013,5013,-32768,32767,400
I030,12,32382020202020202020202020202020,b'28              ',28              ,28,536e6f72655f4368616e6e656c20202020202020202020202020202020202020202020202020202020202020202020202020202020202020202020202020202020202020202020202020202020202020,b'Snore_Channel                                                                   ',Snore_Channel,uV,-5013,5013,-32768,32767,400
I030,13,32392020202020202020202020202020,b'29              ',29              ,29,466c6f775f4368616e6e656c2020202020202020202020202020202020202020202020202020202020202020202020202020202020202020202020202020202020202020202020202020202020202020,b'Flow_Channel                                                                    ',Flow_Channel,uV,-5013,5013,-32768,32767,25
I030,14,44433031202020202020202020202020,b'DC01            ',DC01            ,DC01,466c6f77325f4368616e6e656c20202020202020202020202020202020202020202020202020202020202020202020202020202020202020202020202020202020202020202020202020202020202020,b'Flow2_Channel                                                                   ',Flow2_Channel,uV,-327680,327680,-32768,32767,25
I030,15,33302020202020202020202020202020,b'30              ',30              ,30,4566666f72745f4368616e6e656c202020202020202020202020202020202020202020202020202020202020202020202020202020202020202020202020202020202020202020202020202020202020,b'Effort_Channel                                                                  ',Effort_Channel,uV,-5013,5013,-32768,32767,50
I030,16,33312020202020202020202020202020,b'31              ',31              ,31,4566666f7274325f4368616e6e656c2020202020202020202020202020202020202020202020202020202020202020202020202020202020202020202020202020202020202020202020202020202020,b'Effort2_Channel                                                                 ',Effort2_Channel,uV,-5013,5013,-32768,32767,50
I030,17,53704f32202020202020202020202020,b'SpO2            ',SpO2            ,SpO2,53704f325f4368616e6e656c2020202020202020202020202020202020202020202020202020202020202020202020202020202020202020202020202020202020202020202020202020202020202020,b'SpO2_Channel                                                                    ',SpO2_Channel,%,0,100,-32768,32767,25
I030,18,44433032202020202020202020202020,b'DC02            ',DC02            ,DC02,42504f535f4368616e6e656c2020202020202020202020202020202020202020202020202020202020202020202020202020202020202020202020202020202020202020202020202020202020202020,b'BPOS_Channel                                                                    ',BPOS_Channel,,0,100,-32768,32767,25
I031,0,45312d4d322020202020202020202020,b'E1-M2           ',E1-M2           ,E1-M2,454f475f4368616e6e656c202020202020202020202020202020202020202020202020202020202020202020202020202020202020202020202020202020202020202020202020202020202020202020,b'EOG_Channel                                                                     ',EOG_Channel,uV,-5013,5013,-32768,32767,400
I031,1,45322d4d312020202020202020202020,b'E2-M1           ',E2-M1           ,E2-M1,454f475f4368616e6e656c202020202020202020202020202020202020202020202020202020202020202020202020202020202020202020202020202020202020202020202020202020202020202020,b'EOG_Channel                                                                     ',EOG_Channel,uV,-5013,5013,-32768,32767,400
I031,2,46332d4d322020202020202020202020,b'F3-M2           ',F3-M2           ,F3-M2,4545475f4368616e6e656c202020202020202020202020202020202020202020202020202020202020202020202020202020202020202020202020202020202020202020202020202020202020202020,b'EEG_Channel                                                                     ',EEG_Channel,uV,-5013,5013,-32768,32767,400
I031,3,43332d4d322020202020202020202020,b'C3-M2           ',C3-M2           ,C3-M2,4545475f4368616e6e656c202020202020202020202020202020202020202020202020202020202020202020202020202020202020202020202020202020202020202020202020202020202020202020,b'EEG_Channel                                                                     ',EEG_Channel,uV,-5013,5013,-32768,32767,400
I031,4,4f312d4d322020202020202020202020,b'O1-M2           ',O1-M2           ,O1-M2,4545475f4368616e6e656c202020202020202020202020202020202020202020202020202020202020202020202020202020202020202020202020202020202020202020202020202020202020202020,b'EEG_Channel                                                                     ',EEG_Channel,uV,-5013,5013,-32768,32767,400
I031,5,46342d4d312020202020202020202020,b'F4-M1           ',F4-M1           ,F4-M1,454547325f4368616e6e656c2020202020202020202020202020202020202020202020202020202020202020202020202020202020202020202020202020202020202020202020202020202020202020,b'EEG2_Channel                                                                    ',EEG2_Channel,uV,-5013,5013,-32768,32767,400
I031,6,43342d4d312020202020202020202020,b'C4-M1           ',C4-M1           ,C4-M1,454547325f4368616e6e656c2020202020202020202020202020202020202020202020202020202020202020202020202020202020202020202020202020202020202020202020202020202020202020,b'EEG2_Channel                                                                    ',EEG2_Channel,uV,-5013,5013,-32768,32767,400
I031,7,4f322d4d312020202020202020202020,b'O2-M1           ',O2-M1           ,O2-M1,454547325f4368616e6e656c2020202020202020202020202020202020202020202020202020202020202020202020202020202020202020202020202020202020202020202020202020202020202020,b'EEG2_Channel                                                                    ',EEG2_Channel,uV,-5013,5013,-32768,32767,400
I031,8,32342020202020202020202020202020,b'24              ',24              ,24,4368696e5f4368616e6e656c2020202020202020202020202020202020202020202020202020202020202020202020202020202020202020202020202020202020202020202020202020202020202020,b'Chin_Channel                                                                    ',Chin_Channel,uV,-5013,5013,-32768,32767,400
I031,9,32352020202020202020202020202020,b'25              ',25              ,25,454b475f4368616e6e656c202020202020202020202020202020202020202020202020202020202020202020202020202020202020202020202020202020202020202020202020202020202020202020,b'EKG_Channel                                                                     ',EKG_Channel,uV,-5013,5013,-32768,32767,400
I031,10,32362020202020202020202020202020,b'26              ',26              ,26,4c65675f4368616e6e656c202020202020202020202020202020202020202020202020202020202020202020202020202020202020202020202020202020202020202020202020202020202020202020,b'Leg_Channel                                                                     ',Leg_Channel,uV,-5013,5013,-32768,32767,400
I031,11,32372020202020202020202020202020,b'27              ',27              ,27,4c6567325f4368616e6e656c2020202020202020202020202020202020202020202020202020202020202020202020202020202020202020202020202020202020202020202020202020202020202020,b'Leg2_Channel                                                                    ',Leg2_Channel,uV,-5013,5013,-32768,32767,400
I031,12,32382020202020202020202020202020,b'28              ',28              ,28,536e6f72655f4368616e6e656c20202020202020202020202020202020202020202020202020202020202020202020202020202020202020202020202020202020202020202020202020202020202020,b'Snore_Channel                                                                   ',Snore_Channel,uV,-5013,5013,-32768,32767,400
I031,13,32392020202020202020202020202020,b'29              ',29              ,29,466c6f775f4368616e6e656c2020202020202020202020202020202020202020202020202020202020202020202020202020202020202020202020202020202020202020202020202020202020202020,b'Flow_Channel                                                                    ',Flow_Channel,uV,-5013,5013,-32768,32767,25
I031,14,44433031202020202020202020202020,b'DC01            ',DC01            ,DC01,466c6f77325f4368616e6e656c20202020202020202020202020202020202020202020202020202020202020202020202020202020202020202020202020202020202020202020202020202020202020,b'Flow2_Channel                                                                   ',Flow2_Channel,uV,-327680,327680,-32768,32767,25
I031,15,33302020202020202020202020202020,b'30              ',30              ,30,4566666f72745f4368616e6e656c202020202020202020202020202020202020202020202020202020202020202020202020202020202020202020202020202020202020202020202020202020202020,b'Effort_Channel                                                                  ',Effort_Channel,uV,-5013,5013,-32768,32767,50
I031,16,33312020202020202020202020202020,b'31              ',31              ,31,4566666f7274325f4368616e6e656c2020202020202020202020202020202020202020202020202020202020202020202020202020202020202020202020202020202020202020202020202020202020,b'Effort2_Channel                                                                 ',Effort2_Channel,uV,-5013,5013,-32768,32767,50
I031,17,53704f32202020202020202020202020,b'SpO2            ',SpO2            ,SpO2,53704f325f4368616e6e656c2020202020202020202020202020202020202020202020202020202020202020202020202020202020202020202020202020202020202020202020202020202020202020,b'SpO2_Channel                                                                    ',SpO2_Channel,%,0,100,-32768,32767,25
I031,18,44433032202020202020202020202020,b'DC02            ',DC02            ,DC02,42504f535f4368616e6e656c2020202020202020202020202020202020202020202020202020202020202020202020202020202020202020202020202020202020202020202020202020202020202020,b'BPOS_Channel                                                                    ',BPOS_Channel,,0,100,-32768,32767,25
I032,0,45312d4d322020202020202020202020,b'E1-M2           ',E1-M2           ,E1-M2,454f475f4368616e6e656c202020202020202020202020202020202020202020202020202020202020202020202020202020202020202020202020202020202020202020202020202020202020202020,b'EOG_Channel                                                                     ',EOG_Channel,uV,-5013,5013,-32768,32767,400
I032,1,45322d4d312020202020202020202020,b'E2-M1           ',E2-M1           ,E2-M1,454f475f4368616e6e656c202020202020202020202020202020202020202020202020202020202020202020202020202020202020202020202020202020202020202020202020202020202020202020,b'EOG_Channel                                                                     ',EOG_Channel,uV,-5013,5013,-32768,32767,400
I032,2,46332d4d322020202020202020202020,b'F3-M2           ',F3-M2           ,F3-M2,4545475f4368616e6e656c202020202020202020202020202020202020202020202020202020202020202020202020202020202020202020202020202020202020202020202020202020202020202020,b'EEG_Channel                                                                     ',EEG_Channel,uV,-5013,5013,-32768,32767,400
I032,3,43332d4d322020202020202020202020,b'C3-M2           ',C3-M2           ,C3-M2,4545475f4368616e6e656c202020202020202020202020202020202020202020202020202020202020202020202020202020202020202020202020202020202020202020202020202020202020202020,b'EEG_Channel                                                                     ',EEG_Channel,uV,-5013,5013,-32768,32767,400
I032,4,4f312d4d322020202020202020202020,b'O1-M2           ',O1-M2           ,O1-M2,4545475f4368616e6e656c202020202020202020202020202020202020202020202020202020202020202020202020202020202020202020202020202020202020202020202020202020202020202020,b'EEG_Channel                                                                     ',EEG_Channel,uV,-5013,5013,-32768,32767,400
I032,5,46342d4d312020202020202020202020,b'F4-M1           ',F4-M1           ,F4-M1,454547325f4368616e6e656c2020202020202020202020202020202020202020202020202020202020202020202020202020202020202020202020202020202020202020202020202020202020202020,b'EEG2_Channel                                                                    ',EEG2_Channel,uV,-5013,5013,-32768,32767,400
I032,6,43342d4d312020202020202020202020,b'C4-M1           ',C4-M1           ,C4-M1,454547325f4368616e6e656c2020202020202020202020202020202020202020202020202020202020202020202020202020202020202020202020202020202020202020202020202020202020202020,b'EEG2_Channel                                                                    ',EEG2_Channel,uV,-5013,5013,-32768,32767,400
I032,7,4f322d4d312020202020202020202020,b'O2-M1           ',O2-M1           ,O2-M1,454547325f4368616e6e656c2020202020202020202020202020202020202020202020202020202020202020202020202020202020202020202020202020202020202020202020202020202020202020,b'EEG2_Channel                                                                    ',EEG2_Channel,uV,-5013,5013,-32768,32767,400
I032,8,32342020202020202020202020202020,b'24              ',24              ,24,4368696e5f4368616e6e656c2020202020202020202020202020202020202020202020202020202020202020202020202020202020202020202020202020202020202020202020202020202020202020,b'Chin_Channel                                                                    ',Chin_Channel,uV,-5013,5013,-32768,32767,400
I032,9,32352020202020202020202020202020,b'25              ',25              ,25,454b475f4368616e6e656c202020202020202020202020202020202020202020202020202020202020202020202020202020202020202020202020202020202020202020202020202020202020202020,b'EKG_Channel                                                                     ',EKG_Channel,uV,-5013,5013,-32768,32767,400
I032,10,32362020202020202020202020202020,b'26              ',26              ,26,4c65675f4368616e6e656c202020202020202020202020202020202020202020202020202020202020202020202020202020202020202020202020202020202020202020202020202020202020202020,b'Leg_Channel                                                                     ',Leg_Channel,uV,-5013,5013,-32768,32767,400
I032,11,32372020202020202020202020202020,b'27              ',27              ,27,4c6567325f4368616e6e656c2020202020202020202020202020202020202020202020202020202020202020202020202020202020202020202020202020202020202020202020202020202020202020,b'Leg2_Channel                                                                    ',Leg2_Channel,uV,-5013,5013,-32768,32767,400
I032,12,32382020202020202020202020202020,b'28              ',28              ,28,536e6f72655f4368616e6e656c20202020202020202020202020202020202020202020202020202020202020202020202020202020202020202020202020202020202020202020202020202020202020,b'Snore_Channel                                                                   ',Snore_Channel,uV,-5013,5013,-32768,32767,400
I032,13,32392020202020202020202020202020,b'29              ',29              ,29,466c6f775f4368616e6e656c2020202020202020202020202020202020202020202020202020202020202020202020202020202020202020202020202020202020202020202020202020202020202020,b'Flow_Channel                                                                    ',Flow_Channel,uV,-5013,5013,-32768,32767,25
I032,14,44433031202020202020202020202020,b'DC01            ',DC01            ,DC01,466c6f77325f4368616e6e656c20202020202020202020202020202020202020202020202020202020202020202020202020202020202020202020202020202020202020202020202020202020202020,b'Flow2_Channel                                                                   ',Flow2_Channel,uV,-327680,327680,-32768,32767,25
I032,15,33302020202020202020202020202020,b'30              ',30              ,30,4566666f72745f4368616e6e656c202020202020202020202020202020202020202020202020202020202020202020202020202020202020202020202020202020202020202020202020202020202020,b'Effort_Channel                                                                  ',Effort_Channel,uV,-5013,5013,-32768,32767,50
I032,16,33312020202020202020202020202020,b'31              ',31              ,31,4566666f7274325f4368616e6e656c2020202020202020202020202020202020202020202020202020202020202020202020202020202020202020202020202020202020202020202020202020202020,b'Effort2_Channel                                                                 ',Effort2_Channel,uV,-5013,5013,-32768,32767,50
I032,17,53704f32202020202020202020202020,b'SpO2            ',SpO2            ,SpO2,53704f325f4368616e6e656c2020202020202020202020202020202020202020202020202020202020202020202020202020202020202020202020202020202020202020202020202020202020202020,b'SpO2_Channel                                                                    ',SpO2_Channel,%,0,100,-32768,32767,25
I032,18,44433032202020202020202020202020,b'DC02            ',DC02            ,DC02,42504f535f4368616e6e656c2020202020202020202020202020202020202020202020202020202020202020202020202020202020202020202020202020202020202020202020202020202020202020,b'BPOS_Channel                                                                    ',BPOS_Channel,,0,100,-32768,32767,25
I033,0,45312d4d322020202020202020202020,b'E1-M2           ',E1-M2           ,E1-M2,454f475f4368616e6e656c202020202020202020202020202020202020202020202020202020202020202020202020202020202020202020202020202020202020202020202020202020202020202020,b'EOG_Channel                                                                     ',EOG_Channel,uV,-5013,5013,-32768,32767,400
I033,1,45322d4d312020202020202020202020,b'E2-M1           ',E2-M1           ,E2-M1,454f475f4368616e6e656c202020202020202020202020202020202020202020202020202020202020202020202020202020202020202020202020202020202020202020202020202020202020202020,b'EOG_Channel                                                                     ',EOG_Channel,uV,-5013,5013,-32768,32767,400
I033,2,46332d4d322020202020202020202020,b'F3-M2           ',F3-M2           ,F3-M2,4545475f4368616e6e656c202020202020202020202020202020202020202020202020202020202020202020202020202020202020202020202020202020202020202020202020202020202020202020,b'EEG_Channel                                                                     ',EEG_Channel,uV,-5013,5013,-32768,32767,400
I033,3,43332d4d322020202020202020202020,b'C3-M2           ',C3-M2           ,C3-M2,4545475f4368616e6e656c202020202020202020202020202020202020202020202020202020202020202020202020202020202020202020202020202020202020202020202020202020202020202020,b'EEG_Channel                                                                     ',EEG_Channel,uV,-5013,5013,-32768,32767,400
I033,4,4f312d4d322020202020202020202020,b'O1-M2           ',O1-M2           ,O1-M2,4545475f4368616e6e656c202020202020202020202020202020202020202020202020202020202020202020202020202020202020202020202020202020202020202020202020202020202020202020,b'EEG_Channel                                                                     ',EEG_Channel,uV,-5013,5013,-32768,32767,400
I033,5,46342d4d312020202020202020202020,b'F4-M1           ',F4-M1           ,F4-M1,454547325f4368616e6e656c2020202020202020202020202020202020202020202020202020202020202020202020202020202020202020202020202020202020202020202020202020202020202020,b'EEG2_Channel                                                                    ',EEG2_Channel,uV,-5013,5013,-32768,32767,400
I033,6,43342d4d312020202020202020202020,b'C4-M1           ',C4-M1           ,C4-M1,454547325f4368616e6e656c2020202020202020202020202020202020202020202020202020202020202020202020202020202020202020202020202020202020202020202020202020202020202020,b'EEG2_Channel                                                                    ',EEG2_Channel,uV,-5013,5013,-32768,32767,400
I033,7,4f322d4d312020202020202020202020,b'O2-M1           ',O2-M1           ,O2-M1,454547325f4368616e6e656c2020202020202020202020202020202020202020202020202020202020202020202020202020202020202020202020202020202020202020202020202020202020202020,b'EEG2_Channel                                                                    ',EEG2_Channel,uV,-5013,5013,-32768,32767,400
I033,8,32342020202020202020202020202020,b'24              ',24              ,24,4368696e5f4368616e6e656c2020202020202020202020202020202020202020202020202020202020202020202020202020202020202020202020202020202020202020202020202020202020202020,b'Chin_Channel                                                                    ',Chin_Channel,uV,-5013,5013,-32768,32767,400
I033,9,32352020202020202020202020202020,b'25              ',25              ,25,454b475f4368616e6e656c202020202020202020202020202020202020202020202020202020202020202020202020202020202020202020202020202020202020202020202020202020202020202020,b'EKG_Channel                                                                     ',EKG_Channel,uV,-5013,5013,-32768,32767,400
I033,10,32362020202020202020202020202020,b'26              ',26              ,26,4c65675f4368616e6e656c202020202020202020202020202020202020202020202020202020202020202020202020202020202020202020202020202020202020202020202020202020202020202020,b'Leg_Channel                                                                     ',Leg_Channel,uV,-5013,5013,-32768,32767,400
I033,11,32372020202020202020202020202020,b'27              ',27              ,27,4c6567325f4368616e6e656c2020202020202020202020202020202020202020202020202020202020202020202020202020202020202020202020202020202020202020202020202020202020202020,b'Leg2_Channel                                                                    ',Leg2_Channel,uV,-5013,5013,-32768,32767,400
I033,12,32382020202020202020202020202020,b'28              ',28              ,28,536e6f72655f4368616e6e656c20202020202020202020202020202020202020202020202020202020202020202020202020202020202020202020202020202020202020202020202020202020202020,b'Snore_Channel                                                                   ',Snore_Channel,uV,-5013,5013,-32768,32767,400
I033,13,32392020202020202020202020202020,b'29              ',29              ,29,466c6f775f4368616e6e656c2020202020202020202020202020202020202020202020202020202020202020202020202020202020202020202020202020202020202020202020202020202020202020,b'Flow_Channel                                                                    ',Flow_Channel,uV,-5013,5013,-32768,32767,25
I033,14,44433031202020202020202020202020,b'DC01            ',DC01            ,DC01,466c6f77325f4368616e6e656c20202020202020202020202020202020202020202020202020202020202020202020202020202020202020202020202020202020202020202020202020202020202020,b'Flow2_Channel                                                                   ',Flow2_Channel,uV,-327680,327680,-32768,32767,25
I033,15,33302020202020202020202020202020,b'30              ',30              ,30,4566666f72745f4368616e6e656c202020202020202020202020202020202020202020202020202020202020202020202020202020202020202020202020202020202020202020202020202020202020,b'Effort_Channel                                                                  ',Effort_Channel,uV,-5013,5013,-32768,32767,50
I033,16,33312020202020202020202020202020,b'31              ',31              ,31,4566666f7274325f4368616e6e656c2020202020202020202020202020202020202020202020202020202020202020202020202020202020202020202020202020202020202020202020202020202020,b'Effort2_Channel                                                                 ',Effort2_Channel,uV,-5013,5013,-32768,32767,50
I033,17,53704f32202020202020202020202020,b'SpO2            ',SpO2            ,SpO2,53704f325f4368616e6e656c2020202020202020202020202020202020202020202020202020202020202020202020202020202020202020202020202020202020202020202020202020202020202020,b'SpO2_Channel                                                                    ',SpO2_Channel,%,0,100,-32768,32767,25
I033,18,44433032202020202020202020202020,b'DC02            ',DC02            ,DC02,42504f535f4368616e6e656c2020202020202020202020202020202020202020202020202020202020202020202020202020202020202020202020202020202020202020202020202020202020202020,b'BPOS_Channel                                                                    ',BPOS_Channel,,0,100,-32768,32767,25
I034,0,45312d4d322020202020202020202020,b'E1-M2           ',E1-M2           ,E1-M2,454f475f4368616e6e656c202020202020202020202020202020202020202020202020202020202020202020202020202020202020202020202020202020202020202020202020202020202020202020,b'EOG_Channel                                                                     ',EOG_Channel,uV,-5013,5013,-32768,32767,400
I034,1,45322d4d312020202020202020202020,b'E2-M1           ',E2-M1           ,E2-M1,454f475f4368616e6e656c202020202020202020202020202020202020202020202020202020202020202020202020202020202020202020202020202020202020202020202020202020202020202020,b'EOG_Channel                                                                     ',EOG_Channel,uV,-5013,5013,-32768,32767,400
I034,2,46332d4d322020202020202020202020,b'F3-M2           ',F3-M2           ,F3-M2,4545475f4368616e6e656c202020202020202020202020202020202020202020202020202020202020202020202020202020202020202020202020202020202020202020202020202020202020202020,b'EEG_Channel                                                                     ',EEG_Channel,uV,-5013,5013,-32768,32767,400
I034,3,43332d4d322020202020202020202020,b'C3-M2           ',C3-M2           ,C3-M2,4545475f4368616e6e656c202020202020202020202020202020202020202020202020202020202020202020202020202020202020202020202020202020202020202020202020202020202020202020,b'EEG_Channel                                                                     ',EEG_Channel,uV,-5013,5013,-32768,32767,400
I034,4,4f312d4d322020202020202020202020,b'O1-M2           ',O1-M2           ,O1-M2,4545475f4368616e6e656c202020202020202020202020202020202020202020202020202020202020202020202020202020202020202020202020202020202020202020202020202020202020202020,b'EEG_Channel                                                                     ',EEG_Channel,uV,-5013,5013,-32768,32767,400
I034,5,46342d4d312020202020202020202020,b'F4-M1           ',F4-M1           ,F4-M1,454547325f4368616e6e656c2020202020202020202020202020202020202020202020202020202020202020202020202020202020202020202020202020202020202020202020202020202020202020,b'EEG2_Channel                                                                    ',EEG2_Channel,uV,-5013,5013,-32768,32767,400
I034,6,43342d4d312020202020202020202020,b'C4-M1           ',C4-M1           ,C4-M1,454547325f4368616e6e656c2020202020202020202020202020202020202020202020202020202020202020202020202020202020202020202020202020202020202020202020202020202020202020,b'EEG2_Channel                                                                    ',EEG2_Channel,uV,-5013,5013,-32768,32767,400
I034,7,4f322d4d312020202020202020202020,b'O2-M1           ',O2-M1           ,O2-M1,454547325f4368616e6e656c2020202020202020202020202020202020202020202020202020202020202020202020202020202020202020202020202020202020202020202020202020202020202020,b'EEG2_Channel                                                                    ',EEG2_Channel,uV,-5013,5013,-32768,32767,400
I034,8,32342020202020202020202020202020,b'24              ',24              ,24,4368696e5f4368616e6e656c2020202020202020202020202020202020202020202020202020202020202020202020202020202020202020202020202020202020202020202020202020202020202020,b'Chin_Channel                                                                    ',Chin_Channel,uV,-5013,5013,-32768,32767,400
I034,9,32352020202020202020202020202020,b'25              ',25              ,25,454b475f4368616e6e656c202020202020202020202020202020202020202020202020202020202020202020202020202020202020202020202020202020202020202020202020202020202020202020,b'EKG_Channel                                                                     ',EKG_Channel,uV,-5013,5013,-32768,32767,400
I034,10,32362020202020202020202020202020,b'26              ',26              ,26,4c65675f4368616e6e656c202020202020202020202020202020202020202020202020202020202020202020202020202020202020202020202020202020202020202020202020202020202020202020,b'Leg_Channel                                                                     ',Leg_Channel,uV,-5013,5013,-32768,32767,400
I034,11,32372020202020202020202020202020,b'27              ',27              ,27,4c6567325f4368616e6e656c2020202020202020202020202020202020202020202020202020202020202020202020202020202020202020202020202020202020202020202020202020202020202020,b'Leg2_Channel                                                                    ',Leg2_Channel,uV,-5013,5013,-32768,32767,400
I034,12,32382020202020202020202020202020,b'28              ',28              ,28,536e6f72655f4368616e6e656c20202020202020202020202020202020202020202020202020202020202020202020202020202020202020202020202020202020202020202020202020202020202020,b'Snore_Channel                                                                   ',Snore_Channel,uV,-5013,5013,-32768,32767,400
I034,13,32392020202020202020202020202020,b'29              ',29              ,29,466c6f775f4368616e6e656c2020202020202020202020202020202020202020202020202020202020202020202020202020202020202020202020202020202020202020202020202020202020202020,b'Flow_Channel                                                                    ',Flow_Channel,uV,-5013,5013,-32768,32767,25
I034,14,44433031202020202020202020202020,b'DC01            ',DC01            ,DC01,466c6f77325f4368616e6e656c20202020202020202020202020202020202020202020202020202020202020202020202020202020202020202020202020202020202020202020202020202020202020,b'Flow2_Channel                                                                   ',Flow2_Channel,uV,-327680,327680,-32768,32767,25
I034,15,33302020202020202020202020202020,b'30              ',30              ,30,4566666f72745f4368616e6e656c202020202020202020202020202020202020202020202020202020202020202020202020202020202020202020202020202020202020202020202020202020202020,b'Effort_Channel                                                                  ',Effort_Channel,uV,-5013,5013,-32768,32767,50
I034,16,33312020202020202020202020202020,b'31              ',31              ,31,4566666f7274325f4368616e6e656c2020202020202020202020202020202020202020202020202020202020202020202020202020202020202020202020202020202020202020202020202020202020,b'Effort2_Channel                                                                 ',Effort2_Channel,uV,-5013,5013,-32768,32767,50
I034,17,53704f32202020202020202020202020,b'SpO2            ',SpO2            ,SpO2,53704f325f4368616e6e656c2020202020202020202020202020202020202020202020202020202020202020202020202020202020202020202020202020202020202020202020202020202020202020,b'SpO2_Channel                                                                    ',SpO2_Channel,%,0,100,-32768,32767,25
I034,18,44433032202020202020202020202020,b'DC02            ',DC02            ,DC02,42504f535f4368616e6e656c2020202020202020202020202020202020202020202020202020202020202020202020202020202020202020202020202020202020202020202020202020202020202020,b'BPOS_Channel                                                                    ',BPOS_Channel,,0,100,-32768,32767,25
I035,0,45312d4d322020202020202020202020,b'E1-M2           ',E1-M2           ,E1-M2,454f475f4368616e6e656c202020202020202020202020202020202020202020202020202020202020202020202020202020202020202020202020202020202020202020202020202020202020202020,b'EOG_Channel                                                                     ',EOG_Channel,uV,-2490,2490,-32768,32767,400
I035,1,45322d4d312020202020202020202020,b'E2-M1           ',E2-M1           ,E2-M1,454f47325f4368616e6e656c2020202020202020202020202020202020202020202020202020202020202020202020202020202020202020202020202020202020202020202020202020202020202020,b'EOG2_Channel                                                                    ',EOG2_Channel,uV,-2490,2490,-32768,32767,400
I035,2,46332d4d322020202020202020202020,b'F3-M2           ',F3-M2           ,F3-M2,4545475f4368616e6e656c202020202020202020202020202020202020202020202020202020202020202020202020202020202020202020202020202020202020202020202020202020202020202020,b'EEG_Channel                                                                     ',EEG_Channel,uV,-2490,2490,-32768,32767,400
I035,3,43332d4d322020202020202020202020,b'C3-M2           ',C3-M2           ,C3-M2,4545475f4368616e6e656c202020202020202020202020202020202020202020202020202020202020202020202020202020202020202020202020202020202020202020202020202020202020202020,b'EEG_Channel                                                                     ',EEG_Channel,uV,-2490,2490,-32768,32767,400
I035,4,4f312d4d322020202020202020202020,b'O1-M2           ',O1-M2           ,O1-M2,4545475f4368616e6e656c202020202020202020202020202020202020202020202020202020202020202020202020202020202020202020202020202020202020202020202020202020202020202020,b'EEG_Channel                                                                     ',EEG_Channel,uV,-2490,2490,-32768,32767,400
I035,5,46342d4d312020202020202020202020,b'F4-M1           ',F4-M1           ,F4-M1,454547325f4368616e6e656c2020202020202020202020202020202020202020202020202020202020202020202020202020202020202020202020202020202020202020202020202020202020202020,b'EEG2_Channel                                                                    ',EEG2_Channel,uV,-2490,2490,-32768,32767,400
I035,6,43342d4d312020202020202020202020,b'C4-M1           ',C4-M1           ,C4-M1,454547325f4368616e6e656c2020202020202020202020202020202020202020202020202020202020202020202020202020202020202020202020202020202020202020202020202020202020202020,b'EEG2_Channel                                                                    ',EEG2_Channel,uV,-2490,2490,-32768,32767,400
I035,7,4f322d4d312020202020202020202020,b'O2-M1           ',O2-M1           ,O2-M1,454547325f4368616e6e656c2020202020202020202020202020202020202020202020202020202020202020202020202020202020202020202020202020202020202020202020202020202020202020,b'EEG2_Channel                                                                    ',EEG2_Channel,uV,-2490,2490,-32768,32767,400
I035,8,58312020202020202020202020202020,b'X1              ',X1              ,X1,4368696e5f4368616e6e656c2020202020202020202020202020202020202020202020202020202020202020202020202020202020202020202020202020202020202020202020202020202020202020,b'Chin_Channel                                                                    ',Chin_Channel,uV,-9404,9404,-32768,32767,400
I035,9,58322020202020202020202020202020,b'X2              ',X2              ,X2,454b475f4368616e6e656c202020202020202020202020202020202020202020202020202020202020202020202020202020202020202020202020202020202020202020202020202020202020202020,b'EKG_Channel                                                                     ',EKG_Channel,uV,-9404,9404,-32768,32767,400
I035,10,58332020202020202020202020202020,b'X3              ',X3              ,X3,4c65675f4368616e6e656c202020202020202020202020202020202020202020202020202020202020202020202020202020202020202020202020202020202020202020202020202020202020202020,b'Leg_Channel                                                                     ',Leg_Channel,uV,-9404,9404,-32768,32767,400
I035,11,58342020202020202020202020202020,b'X4              ',X4              ,X4,4c6567325f4368616e6e656c2020202020202020202020202020202020202020202020202020202020202020202020202020202020202020202020202020202020202020202020202020202020202020,b'Leg2_Channel                                                                    ',Leg2_Channel,uV,-9404,9404,-32768,32767,400
I035,12,58352020202020202020202020202020,b'X5              ',X5              ,X5,536e6f72655f4368616e6e656c20202020202020202020202020202020202020202020202020202020202020202020202020202020202020202020202020202020202020202020202020202020202020,b'Snore_Channel                                                                   ',Snore_Channel,uV,-9404,9404,-32768,32767,400
I035,13,58362020202020202020202020202020,b'X6              ',X6              ,X6,466c6f775f4368616e6e656c2020202020202020202020202020202020202020202020202020202020202020202020202020202020202020202020202020202020202020202020202020202020202020,b'Flow_Channel                                                                    ',Flow_Channel,uV,-9404,9404,-32768,32767,25
I035,14,44433420202020202020202020202020,b'DC4             ',DC4             ,DC4,466c6f77325f4368616e6e656c20202020202020202020202020202020202020202020202020202020202020202020202020202020202020202020202020202020202020202020202020202020202020,b'Flow2_Channel                                                                   ',Flow2_Channel,uV,-223,223,-32768,32767,400
I035,15,58372020202020202020202020202020,b'X7              ',X7              ,X7,4566666f72745f4368616e6e656c202020202020202020202020202020202020202020202020202020202020202020202020202020202020202020202020202020202020202020202020202020202020,b'Effort_Channel                                                                  ',Effort_Channel,uV,-9404,9404,-32768,32767,50
I035,16,58382020202020202020202020202020,b'X8              ',X8              ,X8,4566666f7274325f4368616e6e656c2020202020202020202020202020202020202020202020202020202020202020202020202020202020202020202020202020202020202020202020202020202020,b'Effort2_Channel                                                                 ',Effort2_Channel,uV,-9404,9404,-32768,32767,50
I035,17,53704f32202020202020202020202020,b'SpO2            ',SpO2            ,SpO2,53704f325f4368616e6e656c2020202020202020202020202020202020202020202020202020202020202020202020202020202020202020202020202020202020202020202020202020202020202020,b'SpO2_Channel                                                                    ',SpO2_Channel,%,0,100,-32768,32767,25
I035,18,44433820202020202020202020202020,b'DC8             ',DC8             ,DC8,42504f535f4368616e6e656c2020202020202020202020202020202020202020202020202020202020202020202020202020202020202020202020202020202020202020202020202020202020202020,b'BPOS_Channel                                                                    ',BPOS_Channel,,0,200,-32768,32767,50
